site_key,client_id,site_id,latitude,longitude,,created_date,first_hour,last_hour,hours_observed,span_days,span_years,washes_year_1,washes_year_2,washes_year_3,washes_year_4,washes_year_5
slimolson_000166___1,slimolson_000166,1,40.716075,-111.952094,,2019-06-27 20:40:10,2020-01-01 0:00:00,2026-07-10 2:00:00,29340,2382,6.521560575,18066,38843,30167,26893,24390
kazbour_000007___2,kazbour_000007,2,27.938162,-82.293311,,2018-09-05 15:38:24,2020-01-01 5:00:00,2026-07-10 5:00:00,24639,2382,6.521560575,,87,199,208,177
zippycarwash_000145___1,zippycarwash_000145,1,34.045901,-85.235689,,2019-03-13 15:07:54,2020-01-01 5:00:00,2026-07-10 5:00:00,27231,2382,6.521560575,8981,63625,72535,68996,73120
localcarwash_000028___1,localcarwash_000028,1,39.935767,-77.666634,,2017-02-07 17:25:05,2020-01-01 5:00:00,2026-07-10 5:00:00,23043,2382,6.521560575,,,2573,21090,26391
royalsplash_000068___1,royalsplash_000068,1,42.099769,-71.503491,,2018-03-15 14:21:19,2020-01-01 5:00:00,2026-07-10 5:00:00,26771,2382,6.521560575,,5627,27681,33789,39122
pristine_000034___1,pristine_000034,1,28.139289,-80.671716,,2017-05-09 12:37:06,2020-01-01 5:00:00,2026-07-10 5:00:00,22755,2382,6.521560575,,,10054,25371,25365
koalacarwash_000094___1,koalacarwash_000094,1,33.946133,-83.352455,,2018-07-31 16:10:52,2020-01-01 5:00:00,2026-07-10 5:00:00,26601,2382,6.521560575,,34172,73400,69137,66813
weberwash_000038___1,weberwash_000038,1,38.481035,-90.221359,,2017-05-24 12:41:10,2020-01-01 0:00:00,2026-07-10 0:00:00,29862,2382,6.521560575,,,18734,60656,58441
riverside_000010___3,riverside_000010,3,42.968525,-85.069889,,2017-11-14 22:59:21,2020-01-01 5:00:00,2026-07-10 5:00:00,29397,2382,6.521560575,,,46790,68501,72474
kazbour_000007___1,kazbour_000007,1,27.853143,-82.326566,,2016-07-26 16:01:43,2020-01-01 5:00:00,2026-07-10 5:00:00,25207,2382,6.521560575,,,,217,400
steese___1,steese,1,64.851597,-147.695141,,2017-10-31 3:32:27,2020-01-01 0:00:00,2026-07-10 1:00:00,18764,2382,6.521560575,,,52221,73428,68928
seawaycarwash_000181___3,seawaycarwash_000181,3,44.43221,-73.211566,,2019-10-22 18:44:55,2020-01-01 0:00:00,2026-07-10 0:00:00,36181,2382,6.521560575,15395,23077,22652,24892,24513
jjscarwash_000042___3,jjscarwash_000042,3,29.488776,-95.161257,,2018-08-29 12:50:51,2020-01-01 0:00:00,2026-07-10 1:00:00,29912,2382,6.521560575,,75870,125593,139194,145240
jjscarwash_000042___1,jjscarwash_000042,1,29.485598,-95.215292,,2017-07-26 21:46:49,2020-01-01 0:00:00,2026-07-10 0:00:00,29604,2382,6.521560575,,,56897,99265,108852
xpresstx_000070___1,xpresstx_000070,1,32.833815,-97.198195,,2018-04-16 21:36:43,2020-01-01 0:00:00,2026-07-10 0:00:00,28049,2382,6.521560575,,14202,62920,63246,60508
radiantcw_000133___1,radiantcw_000133,1,28.05735,-81.812829,,2019-01-21 17:02:36,2020-01-01 5:00:00,2026-07-10 5:00:00,30475,2382,6.521560575,6840,127229,169840,169838,160606
superiorshinecw_000192___1,superiorshinecw_000192,1,42.500348,-82.897306,,2019-09-13 13:08:22,2020-01-01 5:00:00,2026-07-10 5:00:00,23312,2382,6.521560575,61633,117273,120015,117184,117356
riverside_000010___1,riverside_000010,1,42.9321,-85.3591,,2016-07-29 20:43:44,2020-01-01 5:00:00,2026-07-10 5:00:00,30138,2382,6.521560575,,,,50592,108468
texascarwash_000046___1,texascarwash_000046,1,40.614611,-73.643619,,2017-10-17 12:14:06,2020-01-01 5:00:00,2026-07-10 5:00:00,20657,2382,6.521560575,,,25237,38179,38343
splashhopper_000057___1,splashhopper_000057,1,31.298122,-86.499587,,2017-12-21 18:20:26,2020-01-01 0:00:00,2026-07-10 0:00:00,31107,2382,6.521560575,,,76767,90061,81053
sandiegocarcare_000024___1,sandiegocarcare_000024,1,32.866987,-117.21594,,2017-01-10 19:07:02,2020-01-01 0:00:00,2026-07-10 0:00:00,23696,2382,6.521560575,,,453,20436,29385
washashorecw_000139___1,washashorecw_000139,1,41.818279,-70.552212,,2019-02-18 15:23:34,2020-01-01 5:00:00,2026-07-10 5:00:00,26833,2382,6.521560575,6211,57963,73483,77759,75239
olliewash_000159___1,olliewash_000159,1,37.734787,-87.121231,,2019-06-04 15:22:05,2020-01-01 0:00:00,2026-07-10 0:00:00,33046,2382,6.521560575,24717,109072,157021,172790,164846
snappyscarwash_000115___1,snappyscarwash_000115,1,26.528741,-81.866561,,2018-11-05 15:51:17,2020-01-01 5:00:00,2026-07-10 5:00:00,34134,2382,6.521560575,,59427,97391,107596,100346
oceanstatecw_000169___1,oceanstatecw_000169,1,41.719365,-71.443294,,2019-07-16 14:03:06,2020-01-01 5:00:00,2026-07-10 5:00:00,24292,2382,6.521560575,14970,45894,61489,65131,65402
northport_000093___1,northport_000093,1,27.044043,-82.239508,,2018-07-30 21:24:52,2020-01-01 5:00:00,2026-07-10 5:00:00,27243,2382,6.521560575,,24718,35958,39743,31317
secaucuscarwash_000042___1,secaucuscarwash_000042,1,40.79373,-74.059533,,2017-06-29 18:59:16,2020-01-01 5:00:00,2026-07-10 5:00:00,20932,2382,6.521560575,,,8709,26186,28364
patriotpetro_000084___1,patriotpetro_000084,1,41.55915,-71.287695,,2018-06-27 14:53:05,2020-01-01 5:00:00,2026-07-10 5:00:00,27615,2382,6.521560575,,9286,21424,26997,18310
wowcarwash_000158___1,wowcarwash_000158,1,33.811968,-83.727074,,2019-06-04 15:10:08,2020-01-01 5:00:00,2026-07-10 5:00:00,27772,2382,6.521560575,14670,50383,58204,66174,76271
trushine_000114___1,trushine_000114,1,36.629215,-82.130025,,2018-11-05 15:43:18,2020-01-01 5:00:00,2026-07-10 5:00:00,26472,2382,6.521560575,,29812,51368,56721,51716
touchandgo_000041___1,touchandgo_000041,1,31.579018,-90.463956,,2017-06-06 12:03:48,2020-01-01 0:00:00,2026-07-10 0:00:00,29258,2382,6.521560575,,,41546,113641,118412
soapy_000006___1,soapy_000006,1,36.613366,-83.701519,,2016-07-18 20:52:16,2020-01-01 5:00:00,2026-07-10 5:00:00,24093,2382,6.521560575,,,,34486,78406
soggydogcarwash_000077___1,soggydogcarwash_000077,1,37.749717,-81.141077,,2018-06-06 23:21:46,2020-01-01 5:00:00,2026-07-10 5:00:00,22540,2382,6.521560575,,9722,24212,23528,23536
sonoranexpress_000053___1,sonoranexpress_000053,1,33.638416,-112.151143,,2017-11-28 16:25:26,2020-01-01 0:00:00,2026-07-10 1:00:00,30828,2382,6.521560575,,,70952,101477,97775
moyoka_000134___1,moyoka_000134,1,26.096032,-80.201639,,2019-01-21 20:38:34,2020-01-01 5:00:00,2026-07-10 5:00:00,33213,2382,6.521560575,5107,81204,136080,145549,154055
mojoxpresswash_000048___1,mojoxpresswash_000048,1,32.590001,-82.330008,,2017-10-30 13:03:06,2020-01-01 0:00:00,2026-07-10 5:00:00,28587,2382,6.521560575,,,51063,79815,78616
riverside_000010___2,riverside_000010,2,44.254988,-85.403278,,2016-12-23 16:39:29,2020-01-01 5:00:00,2026-07-10 5:00:00,30010,2382,6.521560575,,,,86845,108582
wash37135_000143___1,wash37135_000143,1,35.961462,-86.672324,,2019-03-06 20:01:54,2020-01-01 6:00:00,2026-07-09 23:00:00,25750,2381,6.518822724,12799,94165,120324,137646,139601
buggybath_000045___1,buggybath_000045,1,39.499955,-119.800875,,2017-09-20 17:48:48,2020-01-01 0:00:00,2026-07-09 0:00:00,21656,2381,6.518822724,,,25513,46378,48531
pasttime___1,pasttime,1,39.505424,-121.544439,,2014-12-06 17:20:35,2020-01-01 8:00:00,2026-07-10 1:00:00,22178,2381,6.518822724,,,,,
washpoint___1,washpoint,1,34.412433,-103.196157,,2016-09-13 15:29:15,2020-01-01 7:00:00,2026-07-10 0:00:00,17710,2381,6.518822724,,,,15155,23989
westchestercw_000036___1,westchestercw_000036,1,39.967686,-75.552732,,2017-05-16 12:06:30,2020-01-01 13:00:00,2026-07-09 18:00:00,22096,2381,6.518822724,,,11932,44387,52767
westchestercw_000036___2,westchestercw_000036,2,39.983301,-75.242248,,2017-10-13 15:42:51,2020-01-01 13:00:00,2026-07-09 17:00:00,25579,2381,6.518822724,,,79904,114325,97488
westchestercw_000036___3,westchestercw_000036,3,40.033231,-75.180872,,2018-01-10 19:32:19,2020-01-01 13:00:00,2026-07-09 17:00:00,24974,2381,6.518822724,,1375,88728,103315,84568
westchestercw_000036___4,westchestercw_000036,4,39.932747,-75.168333,,2018-02-27 19:08:36,2020-01-01 13:00:00,2026-07-09 15:00:00,24366,2381,6.518822724,,10914,49478,70730,68105
westchestercw_000036___5,westchestercw_000036,5,39.992844,-75.15517,,2018-04-03 13:02:39,2020-01-01 0:00:00,2026-07-09 17:00:00,25880,2381,6.518822724,,24977,150836,150974,116639
westchestercw_000036___6,westchestercw_000036,6,40.027156,-75.15135,,2018-04-05 15:11:34,2020-01-01 13:00:00,2026-07-09 16:00:00,25454,2381,6.518822724,,23160,142156,141963,114031
soapiescw_000063___1,soapiescw_000063,1,32.50014,-94.735368,,2018-01-24 20:19:45,2020-01-01 6:00:00,2026-07-09 23:00:00,11083,2381,6.518822724,,2112,47927,8358,
cadillacexpresscw_000080___1,cadillacexpresscw_000080,1,29.917431,-95.488814,,2018-06-12 12:26:42,2020-01-01 0:00:00,2026-07-09 0:00:00,31729,2381,6.518822724,,60377,137806,146953,127034
superiorflagshipcw_000173___1,superiorflagshipcw_000173,1,30.039638,-95.252825,,2019-07-22 20:25:25,2020-01-01 6:00:00,2026-07-09 23:00:00,26597,2381,6.518822724,23014,42349,42365,38248,40562
venicecarwash___1,venicecarwash,1,27.088663,-82.443852,,2017-08-01 16:12:12,2020-01-01 13:00:00,2026-07-09 19:00:00,19275,2381,6.518822724,,,13515,19654,21594
snapclean___1,snapclean,1,33.160464,-96.645461,,2016-12-01 19:28:33,2020-01-01 6:00:00,2026-07-10 0:00:00,27806,2381,6.518822724,,,,112626,124564
coastalcarwash_000096___1,coastalcarwash_000096,1,33.429109,-79.147888,,2018-08-17 14:23:17,2020-01-01 0:00:00,2026-07-09 4:00:00,31755,2381,6.518822724,,68001,131861,141309,126467
soapmyride_000113___1,soapmyride_000113,1,36.949013,-86.476866,,2018-10-26 12:23:18,2020-01-01 6:00:00,2026-07-10 5:00:00,25371,2381,6.518822724,,30026,46132,47837,38651
classic_000005___1,classic_000005,1,41.795758,-71.449733,,2016-07-05 20:18:49,2020-01-01 0:00:00,2026-07-09 4:00:00,31146,2381,6.518822724,,,,87405,180293
citgocarwash_000035___1,citgocarwash_000035,1,40.654967,-76.100837,,2017-05-12 12:32:01,2020-01-01 0:00:00,2026-07-09 4:00:00,18506,2381,6.518822724,,,9003,26172,26087
circlek_000060___1,circlek_000060,1,37.080489,-84.616969,,2018-01-10 19:17:11,2020-01-01 0:00:00,2026-07-09 4:00:00,30798,2381,6.518822724,,345,20601,23530,24753
speedyfalcon___1,speedyfalcon,1,38.943765,-94.814651,,2016-09-13 14:34:46,2020-01-01 0:00:00,2026-07-09 23:00:00,29349,2381,6.518822724,,,,90588,142139
speedyfalcon___2,speedyfalcon,2,38.924497,-94.755243,,2018-08-23 17:54:07,2020-01-01 6:00:00,2026-07-09 22:00:00,25551,2381,6.518822724,,33048,48874,57327,38311
steese___2,steese,2,64.837969,-147.811485,,2016-09-13 17:34:00,2020-01-01 0:00:00,2026-07-09 21:00:00,10534,2381,6.518822724,,,,16873,25259
caliberocala_000153___1,caliberocala_000153,1,29.210006,-82.066799,,2019-04-23 19:23:48,2020-01-01 0:00:00,2026-07-09 4:00:00,33251,2381,6.518822724,44450,167680,210943,192115,160010
chalmette___1,chalmette,1,29.953172,-89.980005,,2016-09-13 14:26:31,2020-01-01 0:00:00,2026-07-09 0:00:00,32898,2381,6.518822724,,,,71560,91780
superiorcarwash___1,superiorcarwash,1,29.860167,-95.644515,,2017-07-17 10:09:46,2020-01-01 6:00:00,2026-07-09 23:00:00,24576,2381,6.518822724,,,15715,29144,30301
westchestercw_000036___9,westchestercw_000036,9,39.938846,-75.197632,,2018-08-06 13:57:05,2020-01-01 14:00:00,2026-07-09 14:00:00,18487,2381,6.518822724,,4132,278,70247,79001
superiortexascw_000124___1,superiortexascw_000124,1,29.692911,-95.644481,,2018-11-21 21:51:17,2020-01-01 0:00:00,2026-07-09 22:00:00,26006,2381,6.518822724,,29172,36984,37474,33823
tomball___1,tomball,1,30.079872,-95.628853,,2016-09-13 14:34:06,2020-01-01 6:00:00,2026-07-09 23:00:00,27306,2381,6.518822724,,,,28156,47978
caliberocala_000153___3,caliberocala_000153,3,34.365301,-77.709765,,2019-07-15 20:45:13,2020-01-01 0:00:00,2026-07-09 4:00:00,32465,2381,6.518822724,40353,120486,158086,158887,143741
tsunamicarwash_000122___1,tsunamicarwash_000122,1,42.71851,-87.857625,,2018-11-20 12:36:17,2020-01-01 0:00:00,2026-07-09 13:00:00,28467,2381,6.518822724,,52326,88393,101262,105981
westchestercw_000036___8,westchestercw_000036,8,39.916729,-75.217104,,2018-04-26 17:50:15,2020-01-01 13:00:00,2026-07-09 17:00:00,25824,2381,6.518822724,,27919,121298,120662,114106
westchestercw_000036___7,westchestercw_000036,7,39.957375,-75.213492,,2018-04-26 17:48:46,2020-01-01 15:00:00,2026-07-09 17:00:00,23756,2381,6.518822724,,16842,91797,87077,71532
haffners_000014___8,haffners_000014,8,42.812732,-71.102444,,2016-09-27 20:22:34,2020-01-01 5:00:00,2026-07-09 5:00:00,28771,2381,6.518822724,,,,66910,89742
gogreennclean_000054___1,gogreennclean_000054,1,39.861227,-75.687253,,2017-12-11 13:13:25,2020-01-01 5:00:00,2026-07-09 5:00:00,28320,2381,6.518822724,,,73209,113162,122994
greenwave___1,greenwave,1,40.740817,-73.320768,,2016-09-13 13:35:39,2020-01-01 5:00:00,2026-07-09 5:00:00,18043,2381,6.518822724,,,,16019,35047
haffners_000014___1,haffners_000014,1,42.698541,-71.159685,,2016-09-27 20:03:51,2020-01-01 5:00:00,2026-07-09 5:00:00,28050,2381,6.518822724,,,,32790,45236
haffners_000014___10,haffners_000014,10,42.733264,-71.426009,,2016-09-27 20:24:34,2020-01-01 5:00:00,2026-07-09 5:00:00,28385,2381,6.518822724,,,,68862,88316
mainstreet_000067___1,mainstreet_000067,1,33.9971,-96.399948,,2018-03-08 20:27:44,2020-01-01 6:00:00,2026-07-09 23:00:00,27823,2381,6.518822724,,9269,59230,75848,87468
haffners_000014___3,haffners_000014,3,42.689064,-71.158534,,2016-09-27 20:13:53,2020-01-01 5:00:00,2026-07-09 5:00:00,28856,2381,6.518822724,,,,66063,91622
haffners_000014___4,haffners_000014,4,42.696274,-71.119302,,2016-09-27 20:15:37,2020-01-01 5:00:00,2026-07-09 5:00:00,27584,2381,6.518822724,,,,33751,44466
haffners_000014___5,haffners_000014,5,42.582298,-71.196264,,2016-09-27 20:17:18,2020-01-01 5:00:00,2026-07-09 5:00:00,26770,2381,6.518822724,,,,34731,45703
haffners_000014___6,haffners_000014,6,42.744176,-71.153871,,2016-09-27 20:18:23,2020-01-01 5:00:00,2026-07-09 5:00:00,28881,2381,6.518822724,,,,48221,69935
haffners_000014___7,haffners_000014,7,42.663743,-71.303692,,2016-09-27 20:19:31,2020-01-01 5:00:00,2026-07-09 5:00:00,28655,2381,6.518822724,,,,53713,70971
peachyclean_000083___1,peachyclean_000083,1,32.819175,-86.610137,,2018-06-25 14:52:06,2020-01-01 6:00:00,2026-07-10 0:00:00,25864,2381,6.518822724,,23005,54341,55254,56301
mrbs___2,mrbs,2,33.741775,-87.047874,,2018-11-26 13:47:44,2020-01-01 0:00:00,2026-07-09 23:00:00,22309,2381,6.518822724,,29153,48445,52856,51930
jammincw_000186___1,jammincw_000186,1,28.1511,82.4615,,2019-08-29 14:42:54,2020-01-01 15:00:00,2026-07-10 5:00:00,31643,2381,6.518822724,89212,186058,191152,179072,160125
jimmysudscw_000196___1,jimmysudscw_000196,1,39.699796,-105.110889,,2019-09-13 14:41:44,2020-01-01 21:00:00,2026-07-10 1:00:00,29907,2381,6.518822724,35606,72798,88315,101038,105096
platinumautospa_000207___1,platinumautospa_000207,1,45.458589,-98.455046,,2019-11-04 14:29:52,2020-01-01 16:00:00,2026-07-10 1:00:00,32687,2381,6.518822724,99800,104879,94283,93500,110217
precisionexpress_000019___1,precisionexpress_000019,1,32.488596,-95.398192,,2016-11-08 13:32:42,2020-01-01 0:00:00,2026-07-09 23:00:00,26910,2381,6.518822724,,,,51315,71134
mintcondition_000103___1,mintcondition_000103,1,32.997482,-96.848689,,2018-09-24 15:49:17,2020-01-01 6:00:00,2026-07-10 0:00:00,27862,2381,6.518822724,,59402,99802,107083,89962
pvcarwash_000081___1,pvcarwash_000081,1,33.601472,-111.987999,,2018-06-20 19:02:06,2020-01-01 16:00:00,2026-07-10 0:00:00,23091,2381,6.518822724,,5375,21753,33479,30035
russellspeeders___1,russellspeeders,1,41.81216,-72.854344,,2017-05-16 2:17:02,2020-01-01 14:00:00,2026-07-09 18:00:00,3075,2381,6.518822724,,,7980,983,490
haffners_000014___2,haffners_000014,2,42.706932,-71.175618,,2016-09-27 20:08:34,2020-01-01 5:00:00,2026-07-09 5:00:00,28197,2381,6.518822724,,,,39800,57000
lightningfast_000039___1,lightningfast_000039,1,28.940851,-98.509841,,2017-06-01 18:18:34,2020-01-01 0:00:00,2026-07-09 23:00:00,25477,2381,6.518822724,,,15367,40603,46288
mrsuds_000017___1,mrsuds_000017,1,40.73129,-73.273396,,2016-10-05 15:57:20,2020-01-01 5:00:00,2026-07-09 19:00:00,26424,2381,6.518822724,,,,31061,46474
sandiegocarcare_000024___2,sandiegocarcare_000024,2,32.977,-117.0832,,2018-02-15 19:21:46,2020-01-01 0:00:00,2026-07-09 23:00:00,19030,2381,6.518822724,,537,6045,7718,7586
nicholasville___1,nicholasville,1,37.891331,-84.56775,,2017-05-06 11:25:20,2020-01-01 15:00:00,2026-07-09 21:00:00,16110,2381,6.518822724,,,6502,30535,28855
extremeexpress_000074___1,extremeexpress_000074,1,37.325052,-121.901106,,2018-06-04 16:01:53,2020-01-01 0:00:00,2026-07-09 3:00:00,32335,2381,6.518822724,,38259,177836,229030,227386
pcmat___1,pcmat,1,39.826933,-105.005677,,2017-07-03 21:14:30,2020-01-01 0:00:00,2026-07-09 23:00:00,21978,2381,6.518822724,,,15260,39454,36400
sandiegocarcare_000024___3,sandiegocarcare_000024,3,33.018017,-117.075317,,2018-05-03 20:29:27,2020-01-01 0:00:00,2026-07-09 23:00:00,22054,2381,6.518822724,,2301,11102,16553,15889
scrubadoo_000064___1,scrubadoo_000064,1,29.46431,-98.645129,,2018-01-25 19:58:59,2020-01-01 6:00:00,2026-07-10 0:00:00,29747,2381,6.518822724,,7536,124765,124945,121803
dirtydogs_000082___3,dirtydogs_000082,3,33.614238,-85.798509,,2019-04-18 13:49:57,2020-01-01 6:00:00,2026-07-09 0:00:00,29156,2380,6.516084873,21177,95926,111964,110776,109559
dirtydogs_000082___1,dirtydogs_000082,1,34.473611,-84.924138,,2018-06-22 12:08:05,2020-01-01 5:00:00,2026-07-09 4:00:00,28998,2380,6.516084873,,50129,136104,127044,107265
carwashpalace_000151___1,carwashpalace_000151,1,26.29024,-80.23507,,2019-04-05 19:08:49,2020-01-01 5:00:00,2026-07-09 4:00:00,25556,2380,6.516084873,12915,44271,69329,71054,57446
expressway___1,expressway,1,40.805424,-73.233131,,2017-01-23 14:02:39,2020-01-01 14:00:00,2026-07-08 19:00:00,18778,2380,6.516084873,,,1849,25545,34360
alpinecarwash_000087___1,alpinecarwash_000087,1,32.964106,-96.993033,,2018-07-02 19:06:06,2020-01-01 0:00:00,2026-07-08 0:00:00,29957,2380,6.516084873,,29124,82084,121557,125576
hurricane___1,hurricane,1,27.515375,-97.861569,,2016-10-20 14:12:26,2020-01-01 6:00:00,2026-07-09 0:00:00,26352,2380,6.516084873,,,,42053,57070
championcarwash_000085___1,championcarwash_000085,1,36.256564,-86.655766,,2018-06-27 16:14:11,2020-01-01 0:00:00,2026-07-08 23:00:00,30189,2380,6.516084873,,17668,41769,49470,49066
acesamericacw_000175___1,acesamericacw_000175,1,33.967416,-118.0418,,2019-07-24 15:29:27,2020-01-01 0:00:00,2026-07-08 3:00:00,32175,2380,6.516084873,38692,165360,199174,183123,186115
championcarwash_000085___2,championcarwash_000085,2,36.308466,-86.663214,,2018-09-17 16:39:55,2020-01-01 0:00:00,2026-07-08 23:00:00,30240,2380,6.516084873,,32493,56757,57320,60182
championcarwash_000085___3,championcarwash_000085,3,36.397825,-87.030705,,2018-09-19 17:09:52,2020-01-01 6:00:00,2026-07-09 0:00:00,29400,2380,6.516084873,,31078,47698,49126,52740
wilkinsexpress___1,wilkinsexpress,1,42.349039,-77.308937,,2017-02-01 11:54:17,2020-01-02 12:00:00,2026-07-10 5:00:00,19262,2380,6.516084873,,,1319,10410,11528
coralspringscw_000119___1,coralspringscw_000119,1,26.286663,-80.26798,,2018-11-08 21:17:17,2020-01-01 5:00:00,2026-07-09 4:00:00,26130,2380,6.516084873,,2330,4961,1639,2256
championscarwash_000065___1,championscarwash_000065,1,29.637478,-98.482832,,2018-02-19 15:09:15,2020-01-01 6:00:00,2026-07-08 23:00:00,27985,2380,6.516084873,,11181,68600,77867,71488
octopus___1,octopus,1,31.902451,-110.986766,,2017-05-10 1:32:21,2020-01-02 14:00:00,2026-07-10 0:00:00,24630,2380,6.516084873,,,25251,89758,101775
brickyardcw_000187___1,brickyardcw_000187,1,26.341855,-80.275597,,2019-08-29 14:46:37,2020-01-01 14:00:00,2026-07-09 4:00:00,28858,2380,6.516084873,42988,92373,118154,130898,127750
dolphinautospa_000108___1,dolphinautospa_000108,1,26.049192,-81.699346,,2018-10-15 11:44:19,2020-01-01 5:00:00,2026-07-09 4:00:00,28409,2380,6.516084873,,43006,78300,89514,102826
cleanwheels_000154___1,cleanwheels_000154,1,41.161079,-104.80545,,2019-05-07 18:21:52,2020-01-01 0:00:00,2026-07-08 23:00:00,30419,2380,6.516084873,31767,107963,106828,93772,70078
briancouch_000078___1,briancouch_000078,1,37.270999,-83.238986,,2018-06-11 13:51:02,2020-01-01 5:00:00,2026-07-09 4:00:00,22643,2380,6.516084873,,13025,43683,50924,50972
donsexpress___1,donsexpress,1,36.81967,-83.319061,,2016-09-13 13:34:44,2020-01-01 14:00:00,2026-07-08 23:00:00,17272,2380,6.516084873,,,,18482,37065
encinitascw_000162___1,encinitascw_000162,1,33.054024,-117.260952,,2019-06-06 15:20:05,2020-01-01 0:00:00,2026-07-08 23:00:00,20184,2380,6.516084873,15441,54882,62813,59567,62947
bamboocarwash_000144___1,bamboocarwash_000144,1,34.34916,-84.050327,,2019-03-13 15:05:57,2020-01-01 0:00:00,2026-07-08 4:00:00,33572,2380,6.516084873,21272,144866,197729,230922,253152
mrdcarwash_000205___1,mrdcarwash_000205,1,43.316824,-88.371848,,2019-10-11 20:38:09,2020-01-02 14:00:00,2026-07-10 0:00:00,24408,2380,6.516084873,17458,35602,37686,40441,35498
cajunclean_000175___1,cajunclean_000175,1,30.370364,-88.541032,,2019-07-24 15:33:59,2020-01-01 6:00:00,2026-07-09 0:00:00,28697,2380,6.516084873,45787,122272,130134,115074,117018
ultimateshine___1,ultimateshine,1,38.041901,-84.462821,,2017-08-08 15:47:28,2020-01-02 13:00:00,2026-07-10 5:00:00,17102,2380,6.516084873,,,16389,34880,33263
seawaycarwash_000181___1,seawaycarwash_000181,1,44.43221,-73.211566,,2019-08-02 19:14:04,2020-01-02 12:00:00,2026-07-10 5:00:00,23782,2380,6.516084873,25943,52397,56843,53113,60569
seawaycarwash_000181___2,seawaycarwash_000181,2,44.43221,-73.211566,,2019-08-12 13:51:04,2020-01-02 12:00:00,2026-07-10 5:00:00,22598,2380,6.516084873,15086,32074,32611,28942,34189
bocabestcarwash_000109___1,bocabestcarwash_000109,1,26.408452,-80.146914,,2018-10-22 12:50:18,2020-01-01 5:00:00,2026-07-09 4:00:00,19124,2380,6.516084873,,23347,44295,38768,42193
buffitautowash_000111___1,buffitautowash_000111,1,34.923741,-95.750966,,2018-10-22 13:08:16,2020-01-01 6:00:00,2026-07-09 0:00:00,27924,2380,6.516084873,,58516,87362,91511,78745
grandprix___1,grandprix,1,37.959533,-122.32904,,2016-09-13 16:36:06,2020-01-01 18:00:00,2026-07-09 0:00:00,20517,2380,6.516084873,,,,10185,21461
haffners_000014___9,haffners_000014,9,42.747339,-71.203538,,2016-09-27 20:23:41,2020-01-01 5:00:00,2026-07-08 5:00:00,17666,2380,6.516084873,,,,35682,44526
allseasonscarwash_000110___1,allseasonscarwash_000110,1,40.983097,-76.023467,,2018-10-22 13:00:23,2020-01-01 5:00:00,2026-07-08 4:00:00,24068,2379,6.513347023,,39834,62706,63851,73552
championcw_000031___1,championcw_000031,1,35.167789,-79.403297,,2017-03-22 19:25:35,2020-01-02 13:00:00,2026-07-08 21:00:00,16881,2379,6.513347023,,,5105,18733,24222
sunsplash_000204___1,sunsplash_000204,1,47.140849,-119.279418,,2019-10-11 20:29:52,2020-01-03 19:00:00,2026-07-10 2:00:00,27530,2379,6.513347023,97846,186688,155250,144193,157811
kendigscarwash_000029___1,kendigscarwash_000029,1,39.942126,-76.014651,,2017-02-15 19:38:35,2020-01-02 13:00:00,2026-07-08 21:00:00,17600,2379,6.513347023,,,1325,9033,21088
johnsontexacoexpress_000141___1,johnsontexacoexpress_000141,1,30.076626,-94.170614,,2019-02-27 16:57:49,2020-01-03 14:00:00,2026-07-09 21:00:00,15999,2379,6.513347023,2185,9856,9682,9449,9326
hitechautocare_000052___1,hitechautocare_000052,1,18.368283,-66.05187,,2017-11-24 14:52:42,2020-01-02 11:00:00,2026-07-08 21:00:00,19986,2379,6.513347023,,,30603,56776,53859
allamerican_000040___1,allamerican_000040,1,38.680814,-87.520108,,2017-06-02 13:50:51,2020-01-01 5:00:00,2026-07-08 4:00:00,24991,2379,6.513347023,,,13460,48163,44000
aquablue_000062___1,aquablue_000062,1,34.166635,-84.177591,,2018-01-23 21:03:04,2020-01-01 5:00:00,2026-07-08 4:00:00,29828,2379,6.513347023,,4580,93242,100340,98376
apple_000012___1,apple_000012,1,29.700886,-95.689826,,2016-08-24 14:23:00,2020-01-01 6:00:00,2026-07-07 23:00:00,25502,2379,6.513347023,,,,29573,42106
completeadcw_000179___1,completeadcw_000179,1,30.273818,-97.762871,,2019-07-24 20:02:03,2020-01-02 16:00:00,2026-07-08 21:00:00,20767,2379,6.513347023,3240,8021,11673,11960,10283
130843hippo___1,130843hippo,1,47.711217,-116.793266,,2017-09-25 22:05:05,2020-01-01 0:00:00,2026-07-06 1:00:00,29302,2378,6.510609172,,,82790,125930,111119
bluedolphincw_000185___1,bluedolphincw_000185,1,27.462031,-82.567505,,2019-08-28 13:25:54,2020-01-02 13:00:00,2026-07-08 4:00:00,12817,2378,6.510609172,19587,32218,40414,38342,
bluecowcw_000193___1,bluecowcw_000193,1,48.219324,-114.329766,,2019-09-13 13:10:21,2020-01-02 7:00:00,2026-07-08 0:00:00,24507,2378,6.510609172,103977,188802,208723,225574,236854
1003711lindstrom___1,1003711lindstrom,1,33.494659,-112.016962,,2016-09-13 16:34:46,2020-01-01 0:00:00,2026-07-06 0:00:00,24218,2378,6.510609172,,,,33641,58124
1003625superspray___1,1003625superspray,1,35.8957,-94.976267,,2016-09-13 14:36:34,2020-01-01 0:00:00,2026-07-06 0:00:00,20922,2378,6.510609172,,,,19666,35051
73223banks___1,73223banks,1,36.750097,-119.700701,,2017-06-06 22:11:23,2020-01-01 0:00:00,2026-07-06 0:00:00,27173,2378,6.510609172,,,5671,18172,21790
1003010quickandclean___1,1003010quickandclean,1,34.913719,-120.435347,,2016-09-13 16:34:06,2020-01-01 0:00:00,2026-07-05 23:00:00,15119,2377,6.507871321,,,,35446,
000004_cliff___1,000004_cliff,1,41.169932,-112.060492,,2016-06-24 14:27:46,2020-01-01 0:00:00,2026-07-05 23:00:00,28770,2377,6.507871321,,,,42786,104939
192616splash___3,192616splash,3,34.667704,-92.344899,,2016-09-01 19:56:28,2020-01-01 2:00:00,2026-07-05 23:00:00,26357,2377,6.507871321,,,,28663,57192
5025495monkey___1,5025495monkey,1,27.613909,-99.467152,,2016-09-13 14:35:22,2020-01-01 6:00:00,2026-07-05 22:00:00,27331,2377,6.507871321,,,,44474,68470
46303superior___1,46303superior,1,29.627193,-95.235606,,2017-03-06 13:13:32,2020-01-01 6:00:00,2026-07-05 23:00:00,27033,2377,6.507871321,,,12796,61553,67016
3dollarcarwash_000146___2,3dollarcarwash_000146,2,37.290714,-80.074096,,2019-10-03 21:40:01,2020-01-01 5:00:00,2026-07-06 4:00:00,22273,2377,6.507871321,20753,26977,20467,19023,16688
12763superior___1,12763superior,1,29.798555,-95.719688,,2016-09-13 14:34:10,2020-01-01 16:00:00,2026-07-05 22:00:00,23619,2377,6.507871321,,,,24713,40526
215376rockaway___1,215376rockaway,1,0,0,,2017-07-11 0:15:58,2020-01-01 5:00:00,2026-07-06 4:00:00,18728,2377,6.507871321,,,12311,32437,35588
210856pristine___1,210856pristine,1,40.974285,-73.959277,,2016-11-29 14:18:56,2020-01-01 13:00:00,2026-07-05 21:00:00,25695,2377,6.507871321,,,,23095,38763
204663flawless___1,204663flawless,1,40.632978,-74.137563,,2016-12-15 1:26:11,2020-01-01 5:00:00,2026-07-06 4:00:00,18800,2377,6.507871321,,,,34085,41360
194766turnpike___1,194766turnpike,1,40.828893,-73.41784,,2017-08-01 7:47:17,2020-01-01 5:00:00,2026-07-06 4:00:00,23133,2377,6.507871321,,,14976,39505,46656
192616splash___9,192616splash,9,34.588387,-92.56944,,2018-09-04 13:45:46,2020-01-01 0:00:00,2026-07-05 23:00:00,30069,2377,6.507871321,,124118,217516,216912,196734
192616splash___8,192616splash,8,36.312688,-94.177612,,2018-04-23 17:26:44,2020-01-01 0:00:00,2026-07-05 23:00:00,30158,2377,6.507871321,,26473,109949,149676,172536
192616splash___2,192616splash,2,35.1113,-92.444895,,2014-09-11 16:39:17,2020-01-01 4:00:00,2026-07-05 22:00:00,26002,2377,6.507871321,,,,,
192616splash___10,192616splash,10,35.170585,-92.719953,,2019-01-28 15:28:00,2020-01-01 6:00:00,2026-07-05 22:00:00,23699,2377,6.507871321,774,18723,20333,20583,18180
192616splash___1,192616splash,1,34.802119,-92.253826,,2016-06-22 4:48:20,2020-01-01 6:00:00,2026-07-05 23:00:00,27937,2377,6.507871321,,,,37180,116555
190490pauls___1,190490pauls,1,42.24557,-70.882402,,2016-10-25 16:32:50,2020-01-01 14:00:00,2026-07-05 22:00:00,20805,2377,6.507871321,,,,22275,27014
187147colorado___1,187147colorado,1,39.812348,-105.134102,,2016-09-13 15:34:19,2020-01-01 0:00:00,2026-07-05 22:00:00,26504,2377,6.507871321,,,,103861,156743
186961superior___1,186961superior,1,37.928892,-84.550223,,2016-09-13 13:34:46,2020-01-01 16:00:00,2026-07-06 4:00:00,18013,2377,6.507871321,,,,6146,10744
184520david___1,184520david,1,43.09833,-78.942243,,2016-09-13 13:34:44,2020-01-01 5:00:00,2026-07-06 4:00:00,22779,2377,6.507871321,,,,5913,11882
183765aloha___1,183765aloha,1,34.085494,-84.160724,,2016-09-13 13:34:50,2020-01-01 5:00:00,2026-07-06 4:00:00,24662,2377,6.507871321,,,,35403,56757
178058murray___1,178058murray,1,36.623013,-88.322954,,2015-05-28 20:00:34,2020-01-01 0:00:00,2026-07-05 21:00:00,26487,2377,6.507871321,,,,,15854
172509mermaid___1,172509mermaid,1,0,0,,2017-02-17 12:26:15,2020-01-01 6:00:00,2026-07-05 22:00:00,24845,2377,6.507871321,,,4611,25901,26397
165532akey___1,165532akey,1,34.421142,-103.196916,,2016-09-13 15:34:52,2020-01-01 0:00:00,2026-07-05 22:00:00,27065,2377,6.507871321,,,,55329,98341
16135bigsteve___1,16135bigsteve,1,42.541046,-71.739334,,2016-12-16 18:32:23,2020-01-01 12:00:00,2026-07-06 4:00:00,29311,2377,6.507871321,,,,171696,188955
156751mendham___1,156751mendham,1,40.783693,-74.586233,,2017-01-19 3:01:18,2020-01-01 5:00:00,2026-07-06 4:00:00,17426,2377,6.507871321,,,1162,16615,24054
151261chagrin___1,151261chagrin,1,41.41409,-81.344812,,2016-09-13 13:34:06,2020-01-01 5:00:00,2026-07-06 4:00:00,22025,2377,6.507871321,,,,20671,38608
147781mistic___2,147781mistic,2,39.675819,-83.940662,,2017-09-28 19:27:02,2020-01-01 13:00:00,2026-07-05 20:00:00,20271,2377,6.507871321,,,30645,45123,45414
147781mistic___1,147781mistic,1,39.660062,-84.110436,,2016-07-22 11:07:47,2020-01-01 14:00:00,2026-07-05 23:00:00,24142,2377,6.507871321,,,,22809,49905
143308kuhnsville___1,143308kuhnsville,1,40.592831,-75.586218,,2016-09-13 13:34:06,2020-01-01 5:00:00,2026-07-06 4:00:00,23305,2377,6.507871321,,,,35868,78221
136360andysauto___1,136360andysauto,1,41.965349,-87.998246,,2016-02-04 20:43:58,2020-01-01 6:00:00,2026-07-05 21:00:00,25924,2377,6.507871321,,,,3646,39060
5024577greens___1,5024577greens,1,30.552127,-96.26674,,2016-03-25 20:14:50,2020-01-01 6:00:00,2026-07-05 21:00:00,25188,2377,6.507871321,,,,8949,33674
3dollarcarwash_000146___1,3dollarcarwash_000146,1,37.298508,-79.939039,,2019-03-25 17:46:08,2020-01-01 5:00:00,2026-07-06 4:00:00,22140,2377,6.507871321,6204,28242,28076,21237,18876
5025585h2glo___1,5025585h2glo,1,37.247566,-80.034668,,2016-09-13 13:34:27,2020-01-01 5:00:00,2026-07-05 21:00:00,20797,2377,6.507871321,,,,19870,44316
99720hampton___1,99720hampton,1,40.8657,-72.55361,,2017-05-22 19:02:00,2020-01-01 15:00:00,2026-07-05 20:00:00,16801,2377,6.507871321,,,8393,39916,43302
1003445texasstar___1,1003445texasstar,1,29.543576,-95.108501,,2016-09-13 14:22:38,2020-01-01 6:00:00,2026-07-05 6:00:00,15806,2377,6.507871321,,,,9216,12021
1003541american___1,1003541american,1,44.92099,-93.136065,,2017-04-07 14:02:01,2020-01-01 6:00:00,2026-07-05 22:00:00,21382,2377,6.507871321,,,20080,54853,69001
1003569honda___1,1003569honda,1,38.216911,-85.581658,,2016-09-13 13:34:22,2020-01-01 14:00:00,2026-07-05 18:00:00,22204,2377,6.507871321,,,,34673,47436
1003646autowash___1,1003646autowash,1,42.382831,-70.992881,,2016-09-13 13:32:08,2020-01-01 12:00:00,2026-07-06 4:00:00,31244,2377,6.507871321,,,,98042,157513
104442autobath___1,104442autobath,1,40.562999,-74.191182,,2016-09-13 13:34:24,2020-01-01 5:00:00,2026-07-06 4:00:00,17140,2377,6.507871321,,,,22290,34466
5029060raccoon___1,5029060raccoon,1,42.889235,-70.871647,,2016-08-04 12:41:14,2020-01-01 5:00:00,2026-07-06 4:00:00,32275,2377,6.507871321,,,,122803,207092
107912supervalue___1,107912supervalue,1,41.105553,-74.033136,,2017-01-27 5:47:23,2020-01-01 12:00:00,2026-07-06 4:00:00,30030,2377,6.507871321,,,3713,48161,62832
109881short___1,109881short,1,38.08704,-97.911022,,2016-09-13 14:25:21,2020-01-01 0:00:00,2026-07-05 23:00:00,18087,2377,6.507871321,,,,12232,0
131680vicks___1,131680vicks,1,41.710339,-88.069204,,2016-09-13 14:29:18,2020-01-01 0:00:00,2026-07-05 23:00:00,24886,2377,6.507871321,,,,24489,36050
123719squeaky___1,123719squeaky,1,35.642726,-106.013488,,2017-10-05 16:33:39,2020-01-01 0:00:00,2026-07-05 20:00:00,18256,2377,6.507871321,,,15283,28754,30527
5031505carmel___2,5031505carmel,2,33.174909,-96.831814,,2016-08-26 13:47:16,2020-01-01 0:00:00,2026-07-05 23:00:00,29808,2377,6.507871321,,,,60250,106152
60635mrsuds___1,60635mrsuds,1,40.838962,-73.703585,,2017-05-02 8:24:15,2020-01-01 14:00:00,2026-07-05 21:00:00,19731,2377,6.507871321,,,5341,21458,26963
5031505carmel___3,5031505carmel,3,32.91173,-96.45119,,2017-04-24 18:20:34,2020-01-01 6:00:00,2026-07-05 23:00:00,29394,2377,6.507871321,,,22060,97435,111339
59178kustom___1,59178kustom,1,30.256088,-98.866314,,2015-04-29 18:37:28,2020-01-01 14:00:00,2026-07-05 20:00:00,14849,2377,6.507871321,,,,,10601
118135glenville___1,118135glenville,1,42.846573,-73.941631,,2016-09-13 13:34:19,2020-01-01 14:00:00,2026-07-05 21:00:00,19371,2377,6.507871321,,,,14149,23146
5031505carmel___4,5031505carmel,4,32.829143,-96.708796,,2017-05-10 19:56:21,2020-01-01 0:00:00,2026-07-05 23:00:00,29264,2377,6.507871321,,,26128,93260,95850
90984ardoyle___1,90984ardoyle,1,0,0,,2016-10-23 12:27:45,2020-01-01 5:00:00,2026-07-06 4:00:00,22354,2377,6.507871321,,,,32249,53561
147781mistic___3,147781mistic,3,39.809856,-84.025943,,2018-07-13 19:04:27,2020-01-02 15:00:00,2026-07-05 20:00:00,17257,2376,6.50513347,,9147,22530,22164,22089
107731buckeye___1,107731buckeye,1,0,0,,2017-01-05 15:45:54,2020-01-02 14:00:00,2026-07-06 4:00:00,18851,2376,6.50513347,,,67,14248,18563
24036englewood___1,24036englewood,1,26.95739,-82.352491,,2016-09-13 13:24:25,2020-01-01 13:00:00,2026-07-04 15:00:00,21087,2376,6.50513347,,,,17893,25856
181322sunset___1,181322sunset,1,48.772116,-122.458842,,2017-02-01 0:47:19,2020-01-02 16:00:00,2026-07-05 23:00:00,22232,2376,6.50513347,,,5168,64101,86258
coastalcarwash_000096___3,coastalcarwash_000096,3,33.429109,-79.147888,,2018-11-14 13:14:18,2020-01-04 5:00:00,2026-07-07 4:00:00,404,2375,6.502395619,,0,0,0,0
demo_client___1,demo_client,1,28.417917,-81.304145,,2016-04-23 10:16:42,2020-01-05 14:00:00,2026-07-08 8:00:00,342,2375,6.502395619,,,,1501,5
104446sparta___1,104446sparta,1,41.077494,-74.661295,,2016-09-13 13:33:58,2020-01-02 14:00:00,2026-07-04 16:00:00,13185,2375,6.502395619,,,,16679,33395
167300jcauto___1,167300jcauto,1,41.127653,-100.762632,,2016-09-13 14:30:13,2020-01-02 15:00:00,2026-07-03 21:00:00,15130,2374,6.499657769,,,,10305,12716
104486national___1,104486national,1,40.923921,-72.698484,,2016-09-13 13:28:26,2020-01-02 13:00:00,2026-07-03 20:00:00,15793,2374,6.499657769,,,,4727,9804
bubbasexpresscw_000191___1,bubbasexpresscw_000191,1,38.02168,-121.294203,,2019-09-13 13:03:53,2020-01-08 23:00:00,2026-07-09 2:00:00,28986,2373,6.496919918,90533,226183,228476,211263,176494
inandout_000030___1,inandout_000030,1,27.731236,-82.434576,,2017-02-20 20:41:49,2020-01-01 5:00:00,2026-07-02 0:00:00,19555,2373,6.496919918,,,19678,133195,204442
championxpresscw_000216___1,championxpresscw_000216,1,35.189162,-106.616062,,2019-11-25 16:05:06,2020-01-09 1:00:00,2026-07-09 0:00:00,28740,2372,6.494182067,60183,101330,103862,113867,101712
monstersexpress_000220___1,monstersexpress_000220,1,27.192223,-80.243057,,2019-12-10 22:04:24,2020-01-10 15:00:00,2026-07-10 5:00:00,31378,2372,6.494182067,66279,112037,119615,126981,120037
championxpresscw_000216___2,championxpresscw_000216,2,35.538227,-108.758101,,2019-11-25 16:11:25,2020-01-09 20:00:00,2026-07-09 0:00:00,28713,2372,6.494182067,132545,188555,195526,130567,101279
trushine_000114___3,trushine_000114,3,36.713727,-81.930184,,2019-11-11 22:15:16,2020-01-14 17:00:00,2026-07-10 5:00:00,27035,2368,6.483230664,28285,63361,72007,78274,78985
iaislandcarwash_000198___1,iaislandcarwash_000198,1,30.647918,-81.459269,,2019-09-25 13:37:46,2020-01-14 15:00:00,2026-07-09 5:00:00,23738,2367,6.480492813,24886,53102,66499,60983,57579
prestigeautospa_000140___1,prestigeautospa_000140,1,25.915846,-80.156975,,2019-02-18 15:26:16,2020-01-17 15:00:00,2026-07-10 5:00:00,27150,2365,6.475017112,402,1441,4217,4697,3782
synergycw_000177___1,synergycw_000177,1,26.195744,-80.289795,,2019-07-24 15:36:49,2020-01-20 7:00:00,2026-07-10 5:00:00,24901,2362,6.466803559,9634,31963,34615,40952,44813
weberwash_000038___2,weberwash_000038,2,38.481035,-90.221359,,2017-11-10 16:42:49,2020-01-13 6:00:00,2026-07-01 15:00:00,115,2361,6.464065708,,,0,1,0
carlswash_000218___1,carlswash_000218,1,36.77251,-76.25208,,2019-12-03 17:28:51,2020-01-21 23:00:00,2026-07-09 4:00:00,29434,2360,6.461327858,49565,69359,65196,55836,58256
demo_client___2,demo_client,2,27.975131,-82.53223,,2016-03-01 16:59:58,2020-01-03 14:00:00,2026-06-18 6:00:00,156,2357,6.453114305,,,,0,0
dirtydavescarwash_000199___1,dirtydavescarwash_000199,1,27.023325,-82.044036,,2019-09-25 13:40:25,2020-01-27 20:00:00,2026-07-09 4:00:00,29569,2354,6.444900753,18473,38629,51048,50627,50996
tsunamicarwash_000122___2,tsunamicarwash_000122,2,44.225323,-88.404245,,2019-10-11 20:40:49,2020-01-29 14:00:00,2026-07-09 8:00:00,28182,2352,6.439425051,46098,98023,115268,104953,81138
coolriverexpresscw_000189___1,coolriverexpresscw_000189,1,29.650352,-95.679178,,2019-08-29 14:54:12,2020-01-30 0:00:00,2026-07-09 0:00:00,28359,2352,6.439425051,40172,92345,106799,101809,87190
snapclean___2,snapclean,2,32.590671,-96.928428,,2019-10-16 19:19:38,2020-01-31 20:00:00,2026-07-10 0:00:00,27025,2351,6.436687201,54997,128548,153618,134624,134504
totalpackagecw_000206___1,totalpackagecw_000206,1,28.077809,-81.963664,,2019-10-16 19:16:53,2020-02-06 18:00:00,2026-07-10 5:00:00,31944,2345,6.420260096,93589,203549,223978,233981,235145
paradisefallscw_000194___1,paradisefallscw_000194,1,33.861948,-84.670918,,2019-09-13 13:16:03,2020-02-06 12:00:00,2026-07-10 5:00:00,29666,2345,6.420260096,44481,120001,134956,146237,137530
finenshine_000228___1,finenshine_000228,1,33.613739,-96.191931,,2020-01-28 15:22:55,2020-02-06 16:00:00,2026-07-08 22:00:00,22750,2344,6.417522245,27257,37322,42965,36745,32584
fastpasscarwash_000225___1,fastpasscarwash_000225,1,34.648576,-120.457163,,2020-01-15 21:13:50,2020-02-06 19:00:00,2026-07-09 1:00:00,24470,2344,6.417522245,75864,84093,72401,64985,68013
championvernal_000213___1,championvernal_000213,1,40.456297,-109.52532,,2019-11-12 13:57:42,2020-02-06 22:00:00,2026-07-09 2:00:00,29667,2344,6.417522245,42904,84920,90906,107686,129929
carismacarwash_000200___1,carismacarwash_000200,1,30.893952,-102.905384,,2019-09-25 13:42:42,2020-02-10 16:00:00,2026-07-08 23:00:00,21047,2340,6.406570842,22891,41325,45479,45800,45932
blusflexservecw_000214___1,blusflexservecw_000214,1,30.249175,-94.198114,,2019-11-12 14:03:34,2020-02-12 17:00:00,2026-07-09 0:00:00,27067,2338,6.40109514,14729,54154,73536,75224,70062
demo_client___6,demo_client,6,30.397537,-84.347711,,2018-02-08 21:01:57,2020-02-14 5:00:00,2026-07-06 14:00:00,1933,2334,6.390143737,,,0,2,84
1003358vexpress___1,1003358vexpress,1,38.051504,-84.715945,,2016-09-13 13:34:06,2020-01-02 11:00:00,2026-05-18 22:00:00,21233,2328,6.373716632,,,,15385,19676
prestigecarwash_000212___1,prestigecarwash_000212,1,38.314417,-85.562446,,2019-11-12 13:51:42,2020-03-03 16:00:00,2026-07-10 5:00:00,29145,2319,6.349075975,43556,106179,143503,154645,159795
zippycarwash_000145___6,zippycarwash_000145,6,35.333821,-81.897474,,2019-12-10 16:21:27,2020-03-13 11:00:00,2026-07-10 5:00:00,26376,2309,6.321697467,58134,93884,90968,97306,94160
caliberocala_000153___4,caliberocala_000153,4,28.837181,-82.355806,,2020-01-17 13:18:17,2020-04-06 20:00:00,2026-07-09 4:00:00,32070,2284,6.253251198,91581,194567,207159,209050,202903
varsitycarwash_000227___1,varsitycarwash_000227,1,42.023334,-93.669375,,2020-01-17 13:23:59,2020-05-07 18:00:00,2026-07-10 3:00:00,24653,2254,6.171115674,40675,109443,90777,82043,73461
coolcleancarwash_000247___1,coolcleancarwash_000247,1,26.351395,-80.111146,,2020-05-04 16:34:14,2020-05-08 16:00:00,2026-07-09 4:00:00,22889,2252,6.165639973,14388,31559,39158,39910,44613
caliberocala_000153___7,caliberocala_000153,7,32.497545,-85.044658,,2020-03-04 15:46:09,2020-05-11 16:00:00,2026-07-09 4:00:00,31379,2249,6.15742642,88960,177663,180849,159310,159651
rainbowcarwash_000208___1,rainbowcarwash_000208,1,36.732832,-88.633176,,2019-11-12 13:42:52,2020-05-18 14:00:00,2026-07-09 21:00:00,18023,2243,6.140999316,12205,30676,32802,35644,36767
splashnfoam_000229___1,splashnfoam_000229,1,28.330981,-98.116302,,2020-02-03 14:19:18,2020-05-22 14:00:00,2026-07-09 22:00:00,14038,2239,6.130047912,323,7191,9727,9196,9978
caliberocala_000153___6,caliberocala_000153,6,33.822277,-84.576145,,2020-03-04 15:42:48,2020-05-26 18:00:00,2026-07-09 4:00:00,30706,2234,6.116358658,64741,122789,130982,118778,106072
fastlapcw_000230___1,fastlapcw_000230,1,33.492811,-112.169382,,2020-02-03 14:26:15,2020-06-03 18:00:00,2026-07-09 2:00:00,31286,2226,6.094455852,51264,125251,101279,90623,84962
washup_000226___1,washup_000226,1,33.928063,-117.558287,,2020-01-17 13:23:14,2020-06-09 13:00:00,2026-07-10 2:00:00,29860,2221,6.080766598,21494,54798,55030,54934,58609
americanpride_000238___1,americanpride_000238,1,35.722153,-78.645421,,2020-03-23 15:07:45,2020-06-15 17:00:00,2026-07-08 4:00:00,31626,2213,6.058863792,71918,148280,153070,149747,148861
centurycarwash_000236___1,centurycarwash_000236,1,35.54361,-89.66253,,2020-03-04 15:54:29,2020-06-16 17:00:00,2026-07-09 0:00:00,29100,2213,6.058863792,51481,113936,115912,116106,112868
sammysexpresscw_000254___1,sammysexpresscw_000254,1,39.942626,-74.990121,,2020-05-29 19:10:40,2020-06-17 16:00:00,2026-07-10 5:00:00,27135,2213,6.058863792,144883,190708,163927,154473,169057
caliberocala_000153___5,caliberocala_000153,5,30.446616,-86.639313,,2020-03-02 21:29:53,2020-06-18 12:00:00,2026-07-09 0:00:00,29407,2211,6.05338809,37195,90648,90216,70869,53948
rocknrollexpress_000224___1,rocknrollexpress_000224,1,27.184451,-80.241684,,2020-01-14 21:05:14,2020-06-24 20:00:00,2026-07-10 5:00:00,22988,2206,6.039698836,13725,40464,62604,75706,79450
waterscarwash_000245___1,waterscarwash_000245,1,27.176182,-80.252408,,2020-04-14 21:11:12,2020-07-02 20:00:00,2026-07-10 5:00:00,28066,2198,6.01779603,76403,136842,161812,180206,217707
zippycarwash_000145___5,zippycarwash_000145,5,39.934573,-75.068581,,2019-11-11 12:53:20,2020-07-02 10:00:00,2026-07-10 5:00:00,24525,2198,6.01779603,26080,88843,83929,75792,75784
boyntonbeachbp_000101___1,boyntonbeachbp_000101,1,26.526886,-80.098833,,2018-09-10 14:56:17,2020-07-09 19:00:00,2026-07-09 4:00:00,10674,2190,5.995893224,,349,7599,,0
glacierexpress_000240___1,glacierexpress_000240,1,45.754659,-108.563221,,2020-04-02 12:34:51,2020-07-10 22:00:00,2026-07-09 1:00:00,25074,2189,5.993155373,69260,157620,140485,116815,101870
washrackcw_000243___1,washrackcw_000243,1,44.021517,-116.923156,,2020-04-02 15:17:57,2020-07-15 17:00:00,2026-07-09 17:00:00,26565,2185,5.98220397,33704,68880,76035,72878,73266
superior76_000242___1,superior76_000242,1,33.627802,-117.932612,,2020-04-02 15:13:35,2020-07-21 16:00:00,2026-07-09 23:00:00,17693,2179,5.965776865,9195,20876,17536,17758,19521
caliberocala_000153___8,caliberocala_000153,8,29.640236,-81.677275,,2020-04-02 15:25:40,2020-07-21 15:00:00,2026-07-09 4:00:00,29364,2178,5.963039014,37970,99472,105221,97729,102441
evergreencarwash_000209___1,evergreencarwash_000209,1,37.31349,-121.791827,,2019-11-12 13:45:02,2020-07-21 21:00:00,2026-07-09 3:00:00,27116,2178,5.963039014,13430,47612,60916,59053,61322
snappyscarwash_000115___3,snappyscarwash_000115,3,41.835095,-87.744074,,2020-06-15 19:23:09,2020-07-24 1:00:00,2026-07-10 0:00:00,22734,2176,5.957563313,15947,29614,28441,22789,29832
brookhurstexpresscw_000235___1,brookhurstexpresscw_000235,1,33.751349,-117.955791,,2020-02-28 13:33:38,2020-07-31 19:00:00,2026-07-09 3:00:00,28270,2168,5.935660507,12708,108396,118173,95115,109628
alabasterwash_000244___1,alabasterwash_000244,1,33.233164,-86.811658,,2020-04-02 15:23:41,2020-07-30 13:00:00,2026-07-07 23:00:00,23770,2168,5.935660507,10211,19876,27363,31869,35406
championxpresscw_000216___5,championxpresscw_000216,5,36.010863,-106.064759,,2020-05-22 15:16:36,2020-07-31 22:00:00,2026-07-09 0:00:00,26145,2168,5.935660507,67548,103298,103422,105767,98893
washwizard_000252___1,washwizard_000252,1,33.046986,-80.11047,,2020-05-22 14:25:16,2020-08-05 17:00:00,2026-07-10 5:00:00,30449,2164,5.924709103,65030,146646,147686,137974,128599
lathroparcocw_000241___1,lathroparcocw_000241,1,37.825176,-121.220685,,2020-04-02 15:02:51,2020-08-06 18:00:00,2026-07-10 2:00:00,26929,2163,5.921971253,11346,29767,21152,25245,26812
waterwayscarspa_000270___1,waterwayscarspa_000270,1,28.631951,-81.319785,,2020-07-27 15:10:55,2020-08-06 14:00:00,2026-07-09 21:00:00,20514,2163,5.921971253,35425,29036,29898,26945,23649
expresswashco1_000027___1,expresswashco1_000027,1,38.988234,-104.799323,,2017-01-24 18:55:23,2020-01-01 0:00:00,2025-12-01 13:00:00,25153,2161,5.916495551,,,6956,102443,144728
bulldogcarwash_000246___1,bulldogcarwash_000246,1,33.945559,-83.439595,,2020-05-01 21:02:23,2020-08-11 21:00:00,2026-07-09 4:00:00,22192,2157,5.905544148,19944,28433,27658,26775,24284
mintexpresscw_000248___1,mintexpresscw_000248,1,29.90448,-95.684667,,2020-05-06 18:21:02,2020-08-18 16:00:00,2026-07-10 1:00:00,28545,2151,5.889117043,52296,102048,112922,63416,200
championxpresscw_000216___4,championxpresscw_000216,4,35.132014,-106.55062,,2020-04-02 15:20:04,2020-08-17 19:00:00,2026-07-09 0:00:00,26228,2151,5.889117043,38942,117859,118986,140980,135435
trushine_000114___4,trushine_000114,4,36.3856,-82.416551,,2020-06-26 15:55:36,2020-09-02 18:00:00,2026-07-10 5:00:00,24430,2136,5.848049281,36517,64403,80418,93375,106517
centurycarwash_000236___2,centurycarwash_000236,2,34.933143,-90.009888,,2020-06-15 14:50:53,2020-09-09 18:00:00,2026-07-09 0:00:00,28096,2128,5.826146475,92294,162291,136268,120225,111734
firehosecw_000274___1,firehosecw_000274,1,43.482408,-112.00907,,2020-08-12 14:29:41,2020-09-30 14:00:00,2026-07-09 1:00:00,24616,2107,5.768651608,32386,37032,44235,50372,74102
chandicw_000267___1,chandicw_000267,1,37.476036,-120.849081,,2020-07-20 18:04:59,2020-10-08 14:00:00,2026-07-09 0:00:00,11757,2099,5.746748802,3334,5568,4240,3296,2121
hitechautocare_000052___2,hitechautocare_000052,2,18.406832,-66.105474,,2020-10-12 19:43:15,2020-10-13 18:00:00,2026-07-08 21:00:00,19450,2094,5.733059548,89864,92497,95896,87598,97101
sandiegocarcare_000024___4,sandiegocarcare_000024,4,32.952341,-117.233602,,2020-10-14 15:28:50,2020-10-14 17:00:00,2026-07-09 22:00:00,11886,2094,5.733059548,1269,2535,2453,2985,3539
norcocarspa_000257___1,norcocarspa_000257,1,33.897697,-117.564489,,2020-06-15 14:48:54,2020-10-27 22:00:00,2026-07-09 23:00:00,20847,2081,5.697467488,18946,49416,39990,37306,37196
cadillacexpresscw_000080___3,cadillacexpresscw_000080,3,29.870405,-95.395894,,2020-07-06 14:40:49,2020-10-28 19:00:00,2026-07-09 0:00:00,27733,2079,5.691991786,73708,148763,158616,157650,137593
allwashedup_000264___1,allwashedup_000264,1,40.533604,-79.84589,,2020-07-06 15:22:54,2020-11-03 16:00:00,2026-07-08 4:00:00,29918,2072,5.672826831,45766,81714,95154,89930,92816
blupalmexpress_000293___1,blupalmexpress_000293,1,27.229054,-82.493761,,2020-10-09 18:10:46,2020-11-12 19:00:00,2026-07-09 4:00:00,22066,2064,5.650924025,36992,67752,74609,55864,47120
aquawave_000292___1,aquawave_000292,1,34.076347,-84.060437,,2020-10-09 13:32:27,2020-11-12 5:00:00,2026-07-08 4:00:00,25044,2063,5.648186174,60391,105294,125770,130931,145018
greenoceancw_000275___1,greenoceancw_000275,1,41.565449,-70.595305,,2020-08-12 14:32:13,2020-11-19 18:00:00,2026-07-09 5:00:00,25984,2057,5.631759069,43222,79584,80748,81030,93022
cleanwave_000278___1,cleanwave_000278,1,33.802604,-118.07235,,2020-09-04 12:41:45,2020-11-24 18:00:00,2026-07-09 2:00:00,26375,2052,5.618069815,94334,158185,145154,161803,181000
ottosexpresscw_000299___1,ottosexpresscw_000299,1,30.385499,-86.398009,,2020-11-11 14:52:55,2020-12-02 16:00:00,2026-07-09 23:00:00,24828,2045,5.59890486,111243,118787,112692,111736,116476
rivercities_000269___1,rivercities_000269,1,45.089664,-87.650392,,2020-07-27 15:08:42,2020-12-08 13:00:00,2026-07-09 22:00:00,20083,2039,5.582477755,24255,51078,60004,53418,48779
snapclean___3,snapclean,3,32.705263,-96.839664,,2020-07-27 15:15:45,2020-12-09 22:00:00,2026-07-10 0:00:00,24300,2038,5.579739904,73708,164772,148180,138489,142177
paradisefallscw_000194___3,paradisefallscw_000194,3,33.847416,-84.609562,,2020-10-02 14:49:06,2020-12-10 23:00:00,2026-07-10 5:00:00,25188,2037,5.577002053,48214,64778,62108,53564,58575
5028893university___1,5028893university,1,26.051387,-80.252474,,2016-04-13 14:55:55,2020-01-01 5:00:00,2025-07-24 22:00:00,21147,2031,5.560574949,,,,5791,14337
radiantcw_000133___3,radiantcw_000133,3,28.142664,-81.484409,,2020-09-30 13:33:21,2020-12-17 20:00:00,2026-07-10 5:00:00,26101,2030,5.557837098,88770,149867,161339,140753,135203
expresswashco1_000027___2,expresswashco1_000027,2,38.87385,-104.817602,,2018-11-13 14:04:31,2020-01-01 0:00:00,2025-07-23 23:00:00,24721,2030,5.557837098,,63957,95220,90826,93150
waterscarwash_000245___3,waterscarwash_000245,3,26.628927,-80.084893,,2020-10-02 12:40:16,2020-12-19 3:00:00,2026-07-10 5:00:00,26337,2029,5.555099247,48113,88650,156669,172208,201435
americanpride_000238___3,americanpride_000238,3,35.519497,-78.314718,,2020-09-30 12:13:02,2020-12-17 15:00:00,2026-07-08 4:00:00,28785,2028,5.552361396,107827,157969,164002,171014,188677
aarons_000265___1,aarons_000265,1,41.441925,-97.320746,,2020-07-06 15:25:03,2020-12-18 19:00:00,2026-07-08 0:00:00,25921,2027,5.549623546,35840,80786,96528,106780,131090
sudsdeluxe_000305___1,sudsdeluxe_000305,1,30.114038,-95.554531,,2020-12-09 21:01:02,2020-12-23 4:00:00,2026-07-10 0:00:00,26371,2024,5.541409993,91188,114192,108894,110313,96022
lilpantrycw_000180___1,lilpantrycw_000180,1,45.567173,-122.567362,,2019-08-01 12:59:07,2020-01-01 0:00:00,2025-07-14 10:00:00,17755,2021,5.533196441,9696,21392,8239,6003,5962
147657ultrashine___1,147657ultrashine,1,26.230898,-80.103109,,2015-01-26 15:43:12,2020-01-02 13:00:00,2025-07-10 17:00:00,15299,2016,5.519507187,,,,,2067
washup_000294___1,washup_000294,1,41.457865,-87.059044,,2020-11-03 13:39:53,2021-01-05 17:00:00,2026-07-10 0:00:00,25447,2011,5.505817933,36951,54873,52916,50210,52241
rocketwash_000183___1,rocketwash_000183,1,34.207029,-84.816044,,2019-08-20 12:50:15,2020-01-01 5:00:00,2025-06-27 18:00:00,11564,2004,5.486652977,35114,100130,110292,,
woodys_000289___1,woodys_000289,1,27.893632,-82.522316,,2020-10-02 14:43:48,2021-01-13 20:00:00,2026-07-09 23:00:00,29561,2003,5.483915127,89700,202604,243136,201607,201860
championxpresscw_000216___6,championxpresscw_000216,6,38.446741,-105.192968,,2020-11-03 13:25:49,2021-01-13 16:00:00,2026-07-08 23:00:00,24347,2002,5.481177276,56482,86380,98942,95960,94398
washcity_000125___1,washcity_000125,1,28.597107,-81.217157,,2018-11-27 20:03:19,2020-01-01 0:00:00,2025-06-17 12:00:00,26967,1994,5.45927447,,131134,206539,196438,189186
washup_000294___2,washup_000294,2,41.598527,-87.173266,,2020-11-16 14:03:00,2021-01-29 2:00:00,2026-07-10 0:00:00,25295,1987,5.440109514,28483,39992,49713,45743,44459
greatnorthaw_000297___1,greatnorthaw_000297,1,45.78032,-87.084065,,2020-11-03 13:47:27,2021-02-04 15:00:00,2026-07-09 5:00:00,22377,1980,5.420944559,47065,61655,66720,67300,71933
allwashedup_000264___2,allwashedup_000264,2,40.261415,-80.17475,,2020-11-03 13:59:49,2021-02-10 15:00:00,2026-07-08 4:00:00,28985,1973,5.401779603,67096,101280,104606,104489,113014
caliberocala_000153___9,caliberocala_000153,9,30.395907,-87.27782,,2020-10-02 13:12:49,2021-02-16 18:00:00,2026-07-09 0:00:00,26454,1968,5.388090349,61923,108610,98600,93188,91424
expresswashco1_000027___4,expresswashco1_000027,4,38.925961,-104.72242,,2019-01-09 15:11:34,2020-01-01 0:00:00,2025-05-20 6:00:00,24926,1966,5.382614648,3705,107614,140497,155263,147543
caliberocala_000153___10,caliberocala_000153,10,33.881418,-84.275415,,2020-12-15 14:51:15,2021-02-23 19:00:00,2026-07-09 4:00:00,26569,1961,5.368925394,102797,155522,149408,139796,127844
sonicsuds_000319___1,sonicsuds_000319,1,34.828216,-82.34752,,2021-02-16 13:51:00,2021-03-03 12:00:00,2026-07-10 5:00:00,23972,1954,5.349760438,141413,137342,135346,144201,148115
caliberocala_000153___11,caliberocala_000153,11,34.268125,-77.822478,,2021-01-28 21:33:51,2021-03-08 17:00:00,2026-07-09 4:00:00,25670,1948,5.333333333,54089,71825,62531,63678,63780
cudahycw_000277___1,cudahycw_000277,1,33.96535,-118.186432,,2020-09-04 12:38:47,2021-03-08 18:00:00,2026-07-09 2:00:00,26279,1948,5.333333333,24311,97220,107190,118577,127121
thoroughbredcw_000304___2,thoroughbredcw_000304,2,36.999729,-85.921223,,2020-12-15 20:59:22,2021-03-09 20:00:00,2026-07-10 0:00:00,23545,1948,5.333333333,78927,125523,121716,121342,122400
buckyscw_000301___1,buckyscw_000301,1,39.820377,-105.165827,,2020-11-23 13:04:07,2021-03-09 17:00:00,2026-07-09 0:00:00,20025,1947,5.330595483,15191,29606,44169,42969,40824
intracoastalcw_000313___1,intracoastalcw_000313,1,30.746067,-88.110775,,2021-01-14 14:00:27,2021-03-17 20:00:00,2026-07-10 0:00:00,17064,1940,5.311430527,64231,64455,51437,19616,4453
demo_client___3,demo_client,3,26.195774,-80.289503,,2016-07-28 18:07:32,2021-03-11 20:00:00,2026-06-30 9:00:00,24,1936,5.300479124,,,,,0
kingscw_000295___1,kingscw_000295,1,34.701982,-77.148764,,2020-11-03 13:43:18,2021-03-24 11:00:00,2026-07-10 5:00:00,24535,1933,5.292265572,94002,145982,153582,162934,164374
champscarwash_000290___1,champscarwash_000290,1,35.302107,-97.725042,,2020-10-02 14:47:09,2021-04-06 20:00:00,2026-07-09 0:00:00,20496,1919,5.253935661,12816,35083,33159,28470,29820
cadillacexpresscw_000080___5,cadillacexpresscw_000080,5,29.638978,-95.464082,,2021-03-25 19:49:33,2021-04-07 16:00:00,2026-07-09 0:00:00,25944,1918,5.25119781,179650,193137,180475,151692,122013
washup_000294___3,washup_000294,3,41.696717,-87.519605,,2021-01-14 13:55:16,2021-04-14 13:00:00,2026-07-10 0:00:00,24616,1912,5.234770705,105969,177794,145015,105885,116017
haffners_000014___13,haffners_000014,13,42.538856,-71.509758,,2019-05-10 13:55:40,2020-01-01 0:00:00,2025-03-26 5:00:00,17892,1911,5.232032854,5910,16035,16480,13833,11513
cooperpetro_000255___1,cooperpetro_000255,1,26.030999,-80.267207,,2020-06-04 20:50:43,2020-06-05 12:00:00,2025-08-27 18:00:00,7871,1909,5.226557153,13445,4964,3362,6771,1830
mrcleancw_000329___1,mrcleancw_000329,1,33.832095,-83.877685,,2021-04-14 18:10:59,2021-04-21 14:00:00,2026-07-10 5:00:00,19362,1905,5.215605749,62771,92958,112129,110293,31084
launchcw_000311___1,launchcw_000311,1,36.019154,-95.887928,,2020-12-28 16:11:40,2021-04-26 18:00:00,2026-07-10 0:00:00,24641,1900,5.201916496,147342,238515,195941,199662,203429
americanpride_000238___4,americanpride_000238,4,35.902215,-78.653304,,2020-12-28 15:48:50,2021-04-27 13:00:00,2026-07-08 4:00:00,27012,1897,5.193702943,76893,171405,212574,210060,222135
championxpresscw_000216___7,championxpresscw_000216,7,32.786352,-108.255477,,2020-11-03 14:49:22,2021-04-29 17:00:00,2026-07-09 0:00:00,23069,1896,5.190965092,42735,75688,92086,94418,85686
snappykedzieew_000336___1,snappykedzieew_000336,1,41.828324,-87.704534,,2021-05-03 22:04:25,2021-05-04 19:00:00,2026-07-10 0:00:00,24737,1892,5.180013689,97512,128700,128878,126313,142810
wetrabbitexpcw_000325___3,wetrabbitexpcw_000325,3,48.061969,-122.177575,,2021-04-28 16:48:54,2021-05-05 20:00:00,2026-07-10 0:00:00,20998,1891,5.177275838,106627,115793,113917,117911,109252
internationalautospa_000316___1,internationalautospa_000316,1,27.26952,-82.468549,,2021-01-28 21:30:05,2021-05-05 15:00:00,2026-07-09 5:00:00,22282,1890,5.174537988,77839,109780,97845,90867,94295
jetexpress_000303___1,jetexpress_000303,1,35.158971,-83.392801,,2020-11-23 13:05:55,2021-05-07 15:00:00,2026-07-10 5:00:00,24540,1889,5.171800137,43629,83057,85235,92217,108837
quickjetcw_000314___1,quickjetcw_000314,1,35.863212,-83.528217,,2021-01-14 14:02:42,2021-05-12 12:00:00,2026-07-10 5:00:00,23141,1884,5.158110883,46562,87068,90615,94382,96901
caliberocala_000153___13,caliberocala_000153,13,28.606177,-81.298511,,2021-02-19 14:36:28,2021-05-11 18:00:00,2026-07-09 4:00:00,25974,1884,5.158110883,94383,185583,202309,187408,145003
ustop_000276___1,ustop_000276,1,40.742077,-96.618019,,2020-08-12 15:07:13,2021-05-13 20:00:00,2026-07-10 1:00:00,24344,1883,5.155373032,6554,23786,28192,31905,37122
trushine_000114___5,trushine_000114,5,36.526759,-82.520655,,2021-03-16 16:47:34,2021-05-18 14:00:00,2026-07-10 5:00:00,21146,1878,5.141683778,23635,42643,56230,75007,80411
bigpeachcw_000300___1,bigpeachcw_000300,1,33.040158,-83.940806,,2020-11-17 20:54:46,2021-05-20 13:00:00,2026-07-08 4:00:00,23885,1874,5.130732375,37211,138343,149850,161786,145281
thoroughbredcw_000304___1,thoroughbredcw_000304,1,36.843666,-86.918568,,2020-11-23 13:07:26,2021-05-24 18:00:00,2026-07-10 0:00:00,22179,1872,5.125256674,34104,84378,92948,96058,87595
caliberocala_000153___12,caliberocala_000153,12,32.423683,-84.948039,,2021-01-28 21:39:00,2021-05-26 15:00:00,2026-07-09 4:00:00,24514,1869,5.117043121,42123,87526,81007,70541,68121
championxpresscw_000216___9,championxpresscw_000216,9,34.809855,-106.734471,,2021-05-03 12:55:17,2021-05-27 14:00:00,2026-07-09 1:00:00,22916,1868,5.11430527,181486,183593,167144,131880,140589
sonicsuds_000319___2,sonicsuds_000319,2,34.721909,-82.252667,,2021-02-16 14:13:55,2021-06-09 16:00:00,2026-07-10 5:00:00,23212,1856,5.081451061,71604,116082,117047,127543,134219
alohacw_000323___1,alohacw_000323,1,47.755382,-122.166059,,2021-03-09 14:12:32,2021-06-08 23:00:00,2026-07-08 5:00:00,22441,1855,5.07871321,22020,95157,58176,61365,58250
caliberocala_000153___14,caliberocala_000153,14,27.903105,-81.622383,,2021-03-16 17:04:48,2021-06-16 11:00:00,2026-07-09 4:00:00,25104,1848,5.059548255,38958,86481,96952,103502,90888
sunrisecw_000343___1,sunrisecw_000343,1,40.661094,-73.558682,,2021-06-14 13:24:29,2021-06-22 1:00:00,2026-07-10 5:00:00,18664,1844,5.048596851,39342,41433,37087,37095,35906
moonstone_000312___1,moonstone_000312,1,37.21381,-80.399483,,2020-12-28 16:14:42,2021-06-22 19:00:00,2026-07-10 5:00:00,18573,1843,5.045859001,13033,38640,49629,50611,40839
mrcleancw_000329___2,mrcleancw_000329,2,28.928678,-82.037663,,2021-05-17 18:20:51,2021-06-24 14:00:00,2026-07-10 5:00:00,18830,1841,5.040383299,60292,98211,108474,104686,37282
woodys_000289___3,woodys_000289,3,27.738547,-82.679384,,2021-03-30 13:18:31,2021-06-24 16:00:00,2026-07-09 23:00:00,25068,1841,5.040383299,111942,210629,264714,310748,310344
arcowash_000251___1,arcowash_000251,1,44.983614,-122.984086,,2020-05-22 14:23:49,2021-06-23 18:00:00,2026-07-08 3:00:00,21225,1840,5.037645448,,27772,29713,28731,24361
wetrabbitexpcw_000325___1,wetrabbitexpcw_000325,1,47.174802,-122.483329,,2021-03-18 17:01:11,2021-05-03 20:00:00,2026-05-18 18:00:00,22268,1840,5.037645448,45154,114211,146261,157407,147925
demo_client___7,demo_client,7,26.195744,-80.289795,,2019-01-28 17:09:48,2021-06-02 15:00:00,2026-06-13 10:00:00,46,1836,5.026694045,,,15,4,
championcarwash_000085___10,championcarwash_000085,10,36.268243,-86.755504,,2021-06-17 14:28:38,2021-06-28 16:00:00,2026-07-08 23:00:00,22962,1836,5.026694045,35810,46794,56277,50931,50308
championcarwash_000085___9,championcarwash_000085,9,36.31853,-86.625343,,2021-06-17 14:26:54,2021-06-29 20:00:00,2026-07-08 23:00:00,22339,1835,5.023956194,34324,46189,46091,41558,40774
evolutioncw_000210___1,evolutioncw_000210,1,38.959081,-119.777265,,2019-11-12 13:46:53,2020-03-19 22:00:00,2025-03-24 8:00:00,15131,1830,5.01026694,57030,125407,135850,100223,0