loc_group,ll_key,dup_type,n_sites_here,n_clients_here,client_name,client_id,site_id,lat,lon,operational_start,first_month,last_month,months_active,mem_wash_count,ret_wash_count,total_washes
1,"26.1943,-80.2862",cross_operator,5,2,Client Design Services,cdsdemo_000777,1,26.1942777,-80.2862382,06-2025,2025-06,2026-05,12,635,1130,1765
1,"26.1943,-80.2862",cross_operator,5,2,Sonnys Demo,demo_client,14,26.1942777,-80.2862382,11-2023,2023-11,2026-04,27,54,204,258
1,"26.1943,-80.2862",cross_operator,5,2,Sonnys Demo,demo_client,15,26.1942777,-80.2862382,02-2024,2024-02,2025-06,17,263,733,996
1,"26.1943,-80.2862",cross_operator,5,2,Sonnys Demo,demo_client,16,26.1942777,-80.2862382,12-2025,2025-12,2026-04,3,0,13,13
1,"26.1943,-80.2862",cross_operator,5,2,Sonnys Demo,demo_client,20,26.1942777,-80.2862382,04-2026,2026-04,2026-04,1,0,1,1
2,"28.3463,-81.6568",cross_operator,4,4,El Car Wash,elcarwash_000738,2,28.346314,-81.656801,02-2025,2025-02,2025-04,3,13995,134627,148622
2,"28.3463,-81.6568",cross_operator,4,4,Wash and Go,washandgofl_000455,6,28.346314,-81.656801,07-2022,2022-07,2022-08,2,2177,3358,5535
2,"28.3463,-81.6568",cross_operator,4,4,Wash City,washcity_000125,10,28.346314,-81.656801,06-2022,2022-06,2022-06,1,2,71,73
2,"28.3463,-81.6568",cross_operator,4,4,Zips Express Car Wash,zips_000468,11,28.346314,-81.656801,08-2022,2022-08,2025-02,31,134868,108119,242987
3,"27.6087,-81.5151",cross_operator,3,3,El Car Wash,elcarwash_000738,1,27.608686,-81.515066,02-2025,2025-02,2025-04,3,31493,20809,52302
3,"27.6087,-81.5151",cross_operator,3,3,Wash City,washcity_000125,4,27.608686,-81.515066,07-2021,2021-07,2022-08,14,90015,63993,154008
3,"27.6087,-81.5151",cross_operator,3,3,Zips Express Car Wash,zips_000468,10,27.608686,-81.515066,08-2022,2022-08,2025-02,31,282544,133655,416199
4,"27.8909,-81.5999",cross_operator,3,3,El Car Wash,elcarwash_000738,3,27.8908575,-81.5998667,02-2025,2025-02,2025-04,3,21058,8373,29431
4,"27.8909,-81.5999",cross_operator,3,3,Wash City,washcity_000125,5,27.8908575,-81.5998667,07-2021,2021-07,2022-07,13,59490,46858,106348
4,"27.8909,-81.5999",cross_operator,3,3,Zips Express Car Wash,zips_000468,9,27.8908575,-81.5998667,07-2022,2022-07,2025-02,32,199285,107197,306482
5,"28.3782,-81.2446",cross_operator,3,3,El Car Wash,elcarwash_000738,5,28.3782208,-81.2445663,02-2025,2025-02,2025-04,3,26233,9099,35332
5,"28.3782,-81.2446",cross_operator,3,3,Wash City,washcity_000125,8,28.3782208,-81.2445663,03-2022,2022-03,2022-07,5,37361,22390,59751
5,"28.3782,-81.2446",cross_operator,3,3,Zips Express Car Wash,zips_000468,8,28.3782208,-81.2445663,07-2022,2022-07,2025-02,32,380582,165814,546396
6,"28.5501,-81.6013",cross_operator,3,3,El Car Wash,elcarwash_000738,4,28.550065,-81.601286,02-2025,2025-02,2025-04,3,32596,12402,44998
6,"28.5501,-81.6013",cross_operator,3,3,Wash City,washcity_000125,6,28.550065,-81.601286,08-2021,2021-08,2022-09,14,117710,63353,181063
6,"28.5501,-81.6013",cross_operator,3,3,Zips Express Car Wash,zips_000468,12,28.550065,-81.601286,09-2022,2022-09,2025-02,30,348133,157631,505764
7,"28.6288,-81.2073",cross_operator,3,3,El Car Wash,elcarwash_000738,6,28.628755,-81.20727,02-2025,2025-02,2025-04,3,15151,7243,22394
7,"28.6288,-81.2073",cross_operator,3,3,Wash City,washcity_000125,7,28.628755,-81.20727,01-2022,2022-01,2022-08,7,20667,11425,32092
7,"28.6288,-81.2073",cross_operator,3,3,Zips Express Car Wash,zips_000468,7,28.628755,-81.20727,08-2022,2022-08,2025-02,31,168668,90267,258935
8,"25.9848,-80.1762",cross_operator,2,2,Big Dan's,bigdans_000378,20,25.9847704,-80.1762101,10-2023,2023-10,2023-10,1,0,12,12
8,"25.9848,-80.1762",cross_operator,2,2,Sud Stop,sudstop_000639,5,25.9847704,-80.1762101,05-2024,2024-05,2026-05,25,410530,84853,495383
9,"26.0514,-80.2526",cross_operator,2,2,Wish Wash 7,5028893university,1,26.051414,-80.252556,01-2020,2020-01,2025-07,66,63654,75033,138687
9,"26.0514,-80.2526",cross_operator,2,2,Car Wash Cafe,carwashcafe_000425,3,26.051414,-80.252556,07-2025,2025-07,2026-05,11,25439,18018,43457
10,"26.1963,-80.2892",cross_operator,2,2,Sonnys Demo,demo_client,7,26.1962817,-80.2892067,06-2021,2021-06,2024-11,5,0,21,21
10,"26.1963,-80.2892",cross_operator,2,2,SMCC,smcc_000182,2,26.1962817,-80.2892067,07-2020,2020-07,2021-11,5,0,10,10
11,"26.2033,-80.2856",cross_operator,2,2,SMCC,smcc_000182,4,26.2032716,-80.2856211,04-2022,2022-04,2022-11,2,0,87,87
11,"26.2033,-80.2856",cross_operator,2,2,Controls Training Classroom,training_000400,1,26.2032716,-80.2856211,12-2021,2021-12,2026-05,54,165,4238,4403
12,"26.696,-80.1119",cross_operator,2,2,Glasshouse Autospa,glasshouseautospa_000163,1,26.696009,-80.11188,01-2020,2020-01,2022-10,34,73056,192631,265687
12,"26.696,-80.1119",cross_operator,2,2,Magnolia,magnolia_000414,25,26.696009,-80.11188,10-2022,2022-10,2026-05,44,103924,128502,232426
13,"26.9349,-80.1372",cross_operator,2,2,Jupiter Galaxy Car Wash,jupitercw_000637,1,26.934891,-80.137243,02-2024,2024-02,2026-05,28,16490,10515,27005
13,"26.9349,-80.1372",cross_operator,2,2,Rock N Roll Express Car Wash,rocknrollexpress_000224,3,26.934891,-80.137243,05-2023,2023-05,2024-02,10,7238,6277,13515
14,"27.0513,-82.4078",cross_operator,2,2,Links Car Wash,linkscw_000673,6,27.0513381,-82.407791,08-2025,2025-08,2026-05,10,48955,17711,66666
14,"27.0513,-82.4078",cross_operator,2,2,Waters Car Wash,waterscarwash_000245,6,27.0513381,-82.407791,10-2022,2022-10,2025-08,35,160480,72036,232516
15,"27.4481,-82.5335",cross_operator,2,2,Big Dan's,bigdans_000378,18,27.448146,-82.533542,07-2023,2023-07,2024-03,9,54329,22003,76332
15,"27.4481,-82.5335",cross_operator,2,2,Sud Stop,sudstop_000639,1,27.448146,-82.533542,03-2024,2024-03,2026-05,27,216396,58572,274968
16,"27.7189,-82.6757",cross_operator,2,2,Radiant Express Car Wash,radiantcw_000133,9,27.718876,-82.6757459,08-2024,2024-08,2026-05,22,43791,18192,61983
16,"27.7189,-82.6757",cross_operator,2,2,Vortex Express,vortexexpress_000684,1,27.718876,-82.6757459,02-2025,2025-02,2026-05,16,65047,35888,100935
17,"28.1237,-82.7402",cross_operator,2,2,Jallo Car Wash,jallocw_000405,1,28.1237294,-82.7402156,05-2022,2022-05,2024-12,32,209126,103143,312269
17,"28.1237,-82.7402",cross_operator,2,2,Links Car Wash,linkscw_000673,5,28.1237294,-82.7402156,12-2024,2024-12,2026-05,18,69525,29789,99314
18,"28.258,-81.4853",cross_operator,2,2,Avatar,avatar_000499,1,28.257953,-81.485295,03-2023,2023-03,2024-07,17,122528,71460,193988
18,"28.258,-81.4853",cross_operator,2,2,Waters Car Wash,waterscarwash_000245,10,28.257953,-81.485295,07-2024,2024-07,2025-05,11,98090,47049,145139
19,"28.33,-82.5597",cross_operator,2,2,Jallo Car Wash,jallocw_000405,3,28.3299935,-82.5597034,08-2023,2023-08,2024-12,17,51247,31719,82966
19,"28.33,-82.5597",cross_operator,2,2,Links Car Wash,linkscw_000673,4,28.3299935,-82.5597034,12-2024,2024-12,2026-05,18,85226,29693,114919
20,"28.452,-81.3345",cross_operator,2,2,Floris Car Wash,floriscarwash_000233,1,28.452047,-81.3345029,06-2020,2020-06,2024-08,51,385774,185157,570931
20,"28.452,-81.3345",cross_operator,2,2,Links Car Wash,linkscw_000673,1,28.452047,-81.3345029,08-2024,2024-08,2026-05,22,161775,74009,235784
21,"28.4971,-81.3093",cross_operator,2,2,El Car Wash,elcarwash_000738,8,28.497137,-81.309304,04-2025,2025-04,2025-07,4,43546,13762,57308
21,"28.4971,-81.3093",cross_operator,2,2,Wash City,washcity_000125,9,28.497137,-81.309304,05-2022,2022-05,2025-04,36,370022,162945,532967
22,"28.5969,-81.217",cross_operator,2,2,El Car Wash,elcarwash_000738,10,28.59694,-81.217049,04-2025,2025-04,2025-07,4,21088,10358,31446
22,"28.5969,-81.217",cross_operator,2,2,Wash City,washcity_000125,1,28.59694,-81.217049,01-2020,2020-01,2025-04,64,500301,440165,940466
23,"28.5979,-81.2838",cross_operator,2,2,El Car Wash,elcarwash_000738,12,28.597897,-81.283844,04-2025,2025-04,2025-07,4,17784,4348,22132
23,"28.5979,-81.2838",cross_operator,2,2,Wash City,washcity_000125,12,28.597897,-81.283844,04-2024,2024-04,2025-04,13,49020,20989,70009
24,"28.6409,-81.3232",cross_operator,2,2,El Car Wash,elcarwash_000738,11,28.64087,-81.323187,04-2025,2025-04,2025-08,5,31119,10523,41642
24,"28.6409,-81.3232",cross_operator,2,2,Wash City,washcity_000125,11,28.64087,-81.323187,12-2022,2022-12,2025-04,29,189365,102864,292229
25,"28.6723,-81.4749",cross_operator,2,2,El Car Wash,elcarwash_000738,9,28.672291,-81.474933,04-2025,2025-04,2025-07,4,58703,19366,78069
25,"28.6723,-81.4749",cross_operator,2,2,Wash City,washcity_000125,3,28.672291,-81.474933,06-2020,2020-06,2025-04,59,862486,535981,1398467
26,"29.7004,-95.9068",cross_operator,2,2,BlueWave,bluewave_000567,40,29.700376,-95.906834,10-2023,2023-10,2026-05,32,320932,104471,425403
26,"29.7004,-95.9068",cross_operator,2,2,Clean,clean_000473,6,29.700376,-95.906834,11-2025,2025-11,2026-05,7,14616,10606,25222
27,"29.7537,-95.8632",cross_operator,2,2,BlueWave,bluewave_000567,49,29.7536574,-95.8632474,02-2026,2026-02,2026-05,4,37957,6904,44861
27,"29.7537,-95.8632",cross_operator,2,2,ClearWater,clearwater_000397,1,29.7536574,-95.8632474,03-2022,2022-03,2026-02,48,484595,115019,599614
28,"29.7864,-95.7359",cross_operator,2,2,BlueWave,bluewave_000567,57,29.7863963,-95.7358777,02-2026,2026-02,2026-05,4,41668,10293,51961
28,"29.7864,-95.7359",cross_operator,2,2,ClearWater,clearwater_000397,11,29.7863963,-95.7358777,12-2022,2022-12,2026-02,39,351700,111075,462775
29,"29.801,-95.4098",cross_operator,2,2,BlueWave,bluewave_000567,63,29.801015,-95.409759,02-2026,2026-02,2026-05,4,35974,12729,48703
29,"29.801,-95.4098",cross_operator,2,2,ClearWater,clearwater_000397,16,29.801015,-95.409759,04-2024,2024-04,2026-02,23,169361,68039,237400
30,"29.9131,-95.4786",cross_operator,2,2,BlueWave,bluewave_000567,52,29.9131246,-95.4786013,02-2026,2026-02,2026-05,4,59860,9994,69854
30,"29.9131,-95.4786",cross_operator,2,2,ClearWater,clearwater_000397,5,29.9131246,-95.4786013,07-2022,2022-07,2026-02,44,632735,146206,778941
31,"29.9381,-95.5176",cross_operator,2,2,Brite Brothers,britebrothers_000760,1,29.9380989,-95.5175678,07-2025,2025-07,2026-05,11,4366,6170,10536
31,"29.9381,-95.5176",cross_operator,2,2,Cadillac Express Carwash,cadillacexpresscw_000080,1,29.9380989,-95.5175678,01-2020,2020-01,2026-05,77,442532,341183,783715
32,"30.0018,-95.6394",cross_operator,2,2,BlueWave,bluewave_000567,53,30.001788,-95.639365,02-2026,2026-02,2026-05,4,46642,8607,55249
32,"30.0018,-95.6394",cross_operator,2,2,ClearWater,clearwater_000397,6,30.001788,-95.639365,08-2022,2022-08,2026-02,43,403164,99668,502832
33,"30.1028,-81.7048",cross_operator,2,2,Luv Car Wash,luvcarwash_000457,24,30.10281,-81.704756,12-2022,2022-12,2026-05,42,303071,139140,442211
33,"30.1028,-81.7048",cross_operator,2,2,Scrubbles Express Wash,scrubbles_000069,2,30.10281,-81.704756,01-2020,2020-01,2022-12,36,110877,174969,285846
34,"30.1997,-81.6206",cross_operator,2,2,Luv Car Wash,luvcarwash_000457,15,30.199675,-81.620606,08-2022,2022-08,2026-05,46,287116,123070,410186
34,"30.1997,-81.6206",cross_operator,2,2,Scrubbles Express Wash,scrubbles_000069,6,30.199675,-81.620606,07-2022,2022-07,2022-07,1,0,25,25
35,"30.2212,-95.5828",cross_operator,2,2,BlueWave,bluewave_000567,61,30.221237,-95.582849,02-2026,2026-02,2026-05,4,30150,4041,34191
35,"30.2212,-95.5828",cross_operator,2,2,ClearWater,clearwater_000397,13,30.221237,-95.582849,05-2023,2023-05,2026-02,34,226890,44906,271796
36,"30.2536,-81.5377",cross_operator,2,2,Luv Car Wash,luvcarwash_000457,22,30.253554,-81.537669,12-2022,2022-12,2026-05,42,261471,186681,448152
36,"30.2536,-81.5377",cross_operator,2,2,Scrubbles Express Wash,scrubbles_000069,1,30.253554,-81.537669,01-2020,2020-01,2022-12,36,77222,255734,332956
37,"30.2828,-95.5735",cross_operator,2,2,BlueWave,bluewave_000567,51,30.282843,-95.57352,02-2026,2026-02,2026-05,4,48578,7324,55902
37,"30.2828,-95.5735",cross_operator,2,2,ClearWater,clearwater_000397,3,30.282843,-95.57352,05-2022,2022-05,2026-02,46,389263,78510,467773
38,"30.3248,-81.4104",cross_operator,2,2,Luv Car Wash,luvcarwash_000457,23,30.324796,-81.410368,12-2022,2022-12,2026-05,42,197395,91430,288825
38,"30.3248,-81.4104",cross_operator,2,2,Scrubbles Express Wash,scrubbles_000069,3,30.324796,-81.410368,01-2020,2020-01,2022-12,36,63883,96564,160447
39,"30.3369,-95.4661",cross_operator,2,2,BlueWave,bluewave_000567,55,30.336875,-95.466125,02-2026,2026-02,2026-05,4,52333,11676,64009
39,"30.3369,-95.4661",cross_operator,2,2,ClearWater,clearwater_000397,9,30.336875,-95.466125,10-2022,2022-10,2026-02,41,417365,99227,516592
40,"30.3447,-95.7697",cross_operator,2,2,BlueWave,bluewave_000567,58,30.3446872,-95.7697499,02-2026,2026-02,2026-05,4,45430,9280,54710
40,"30.3447,-95.7697",cross_operator,2,2,ClearWater,clearwater_000397,10,30.3446872,-95.7697499,02-2023,2023-02,2026-02,37,347226,81332,428558
41,"30.3542,-95.5844",cross_operator,2,2,BlueWave,bluewave_000567,60,30.3542302,-95.5844037,02-2026,2026-02,2026-05,4,29475,5104,34579
41,"30.3542,-95.5844",cross_operator,2,2,ClearWater,clearwater_000397,15,30.3542302,-95.5844037,11-2023,2023-11,2026-02,28,184143,38649,222792
42,"30.4226,-95.4852",cross_operator,2,2,BlueWave,bluewave_000567,62,30.422646,-95.4851599,02-2026,2026-02,2026-05,4,55019,10895,65914
42,"30.4226,-95.4852",cross_operator,2,2,ClearWater,clearwater_000397,14,30.422646,-95.4851599,08-2023,2023-08,2026-02,31,419798,106985,526783
43,"30.7099,-86.1231",cross_operator,2,2,A Proper Wash,aproperwash_000155,1,30.7098899,-86.1231318,01-2020,2020-01,2021-11,23,57568,77219,134787
43,"30.7099,-86.1231",cross_operator,2,2,Take 5 Car Wash,quickandcleancw_000262,4,30.7098899,-86.1231318,12-2021,2021-12,2023-06,19,103616,61551,165167
44,"30.8844,-83.2727",cross_operator,2,2,Cascade Car Wash,cascadecw_000441,1,30.884393,-83.2727115,08-2022,2022-08,2022-11,4,5674,5954,11628
44,"30.8844,-83.2727",cross_operator,2,2,Magnolia,magnolia_000414,39,30.884393,-83.2727115,11-2022,2022-11,2026-05,43,164927,116365,281292
45,"30.8966,-83.3269",cross_operator,2,2,Magnolia,magnolia_000414,11,30.896624,-83.326897,08-2022,2022-08,2026-05,46,255046,125445,380491
45,"30.8966,-83.3269",cross_operator,2,2,Splash Zone Car Wash,splashzonecw_000335,1,30.896624,-83.326897,08-2021,2021-08,2022-08,13,49523,44053,93576
46,"31.322,-85.8303",cross_operator,2,2,Blue Water Express,bluewaterexp_000408,1,31.3220495,-85.8303326,07-2022,2022-07,2022-12,6,3865,28003,31868
46,"31.322,-85.8303",cross_operator,2,2,Magnolia,magnolia_000414,40,31.3220495,-85.8303326,12-2022,2022-12,2026-05,42,192874,260155,453029
47,"31.9978,-81.252",cross_operator,2,2,Luv Car Wash,luvcarwash_000457,37,31.997837,-81.252005,07-2023,2023-07,2026-05,35,133287,66346,199633
47,"31.9978,-81.252",cross_operator,2,2,Paradise Bay Express,paradisebay_000076,2,31.997837,-81.252005,04-2021,2021-04,2023-07,28,42474,62904,105378
48,"32.344,-97.3975",cross_operator,2,2,BlueWave,bluewave_000567,50,32.3440442,-97.3974515,03-2026,2026-03,2026-05,3,55397,10421,65818
48,"32.344,-97.3975",cross_operator,2,2,ClearWater,clearwater_000397,2,32.3440442,-97.3974515,04-2022,2022-04,2026-03,48,692914,181615,874529
49,"32.5237,-97.3525",cross_operator,2,2,BlueWave,bluewave_000567,56,32.52373,-97.352547,03-2026,2026-03,2026-05,3,41534,9901,51435
49,"32.5237,-97.3525",cross_operator,2,2,ClearWater,clearwater_000397,8,32.52373,-97.352547,10-2022,2022-10,2026-03,42,463262,149449,612711
50,"32.5485,-82.9727",cross_operator,2,2,Big Peach Car Wash,bigpeachcw_000300,16,32.548518,-82.972705,04-2025,2025-04,2025-10,7,9228,10108,19336
50,"32.5485,-82.9727",cross_operator,2,2,Dublin Wash,dublinwash_000802,1,32.548518,-82.972705,10-2025,2025-10,2026-05,8,17097,12010,29107
51,"32.7178,-96.3209",cross_operator,2,2,BlueWave,bluewave_000567,54,32.717794,-96.320949,03-2026,2026-03,2026-05,3,45826,8568,54394
51,"32.7178,-96.3209",cross_operator,2,2,ClearWater,clearwater_000397,7,32.717794,-96.320949,08-2022,2022-08,2026-03,44,619984,207660,827644
52,"32.7244,-81.1202",cross_operator,2,2,Castaway Car Wash,iaislandcarwash_000198,3,32.7244346,-81.1201964,12-2023,2023-12,2024-01,2,715,4713,5428
52,"32.7244,-81.1202",cross_operator,2,2,Trident Express Car Wash,tridentexpcw_000630,1,32.7244346,-81.1201964,01-2024,2024-01,2026-05,29,119612,112507,232119
53,"32.9743,-96.6994",cross_operator,2,2,Carmel Car Wash,5031505carmel,1,32.9743208,-96.6993815,01-2020,2020-01,2021-09,21,4698,115032,119730
53,"32.9743,-96.6994",cross_operator,2,2,Carnation Auto Spa,carnationautospa_000352,1,32.9743208,-96.6993815,09-2021,2021-09,2022-01,4,206,11353,11559
54,"33.2177,-96.6834",cross_operator,2,2,BlueWave,bluewave_000567,59,33.217686,-96.683395,03-2026,2026-03,2026-05,3,19150,4648,23798
54,"33.2177,-96.6834",cross_operator,2,2,ClearWater,clearwater_000397,12,33.217686,-96.683395,08-2023,2023-08,2026-03,32,177832,63092,240924
55,"33.2738,-84.2918",cross_operator,2,2,Blue Penguin Car Wash,bluepenguincw_000433,2,33.273799,-84.291788,03-2022,2022-03,2026-05,51,221065,232060,453125
55,"33.2738,-84.2918",cross_operator,2,2,Dirty Dog's Car Wash,dirtydogs_000082,4,33.273799,-84.291788,01-2020,2020-01,2022-03,27,99081,173201,272282
56,"33.5172,-112.1858",cross_operator,2,2,Rinse My Ride,rinsemyride_000430,1,33.5171611,-112.1857956,02-2022,2022-02,2025-03,38,5286,38249,43535
56,"33.5172,-112.1858",cross_operator,2,2,Super Shine Car Wash,supershinecw_000658,3,33.5171611,-112.1857956,03-2025,2025-03,2025-09,7,1847,5383,7230
57,"33.5925,-102.3869",cross_operator,2,2,Champion Xpress CW,championxpresscw_000216,13,33.5924598,-102.3869413,04-2022,2022-04,2022-04,1,0,947,947
57,"33.5925,-102.3869",cross_operator,2,2,Grime Scene,grimescene_000454,1,33.5924598,-102.3869413,04-2022,2022-04,2026-05,50,333534,140606,474140
58,"33.6033,-83.8324",same_operator,2,1,Zips Express Car Wash,zips_000468,19,33.603253,-83.832356,10-2024,2024-10,2026-05,20,19750,30978,50728
58,"33.6033,-83.8324",same_operator,2,1,Zips Express Car Wash,zips_000468,24,33.603253,-83.832356,10-2024,2024-10,2025-01,4,0,116,116
59,"33.6052,-83.8767",cross_operator,2,2,Charliee's Car Wash,charliescw_000634,1,33.605179,-83.876709,02-2024,2024-02,2026-05,28,172555,144888,317443
59,"33.6052,-83.8767",cross_operator,2,2,Rocket Wash,rocketwash_000183,7,33.605179,-83.876709,06-2023,2023-06,2023-12,2,0,478,478
60,"33.6374,-84.0187",cross_operator,2,2,Big Peach Car Wash,bigpeachcw_000300,7,33.6374352,-84.0186611,08-2023,2023-08,2026-03,32,81267,64253,145520
60,"33.6374,-84.0187",cross_operator,2,2,Rocket Wash,rocketwash_000183,6,33.6374352,-84.0186611,03-2023,2023-03,2023-03,1,0,6,6
61,"33.6428,-78.9723",cross_operator,2,2,Detricks,detricks_000422,2,33.6428071,-78.9723316,03-2022,2022-03,2024-03,25,129723,94346,224069
61,"33.6428,-78.9723",cross_operator,2,2,Magnolia,magnolia_000414,67,33.6428071,-78.9723316,03-2024,2024-03,2026-05,27,101578,46327,147905
62,"33.6513,-86.8199",cross_operator,2,2,Mr. B's Car Wash,mrbs,1,33.6512899,-86.8198564,01-2020,2020-01,2022-09,33,0,274684,274684
62,"33.6513,-86.8199",cross_operator,2,2,Mach 1 Express Wash,zippycarwash_000145,17,33.6512899,-86.8198564,09-2024,2024-09,2026-05,21,16419,27482,43901
63,"33.7517,-84.7268",cross_operator,2,2,Blue Penguin Car Wash,bluepenguincw_000433,1,33.751734,-84.726808,03-2022,2022-03,2026-05,51,229107,219567,448674
63,"33.7517,-84.7268",cross_operator,2,2,Dirty Dog's Car Wash,dirtydogs_000082,6,33.751734,-84.726808,01-2021,2021-01,2022-03,15,42537,90772,133309
64,"33.7617,-96.5824",cross_operator,2,2,BlueWave,bluewave_000567,64,33.7617077,-96.5824205,03-2026,2026-03,2026-05,3,39884,7815,47699
64,"33.7617,-96.5824",cross_operator,2,2,ClearWater,clearwater_000397,17,33.7617077,-96.5824205,04-2024,2024-04,2026-03,24,279513,77060,356573
65,"33.8529,-79.0762",cross_operator,2,2,Detricks,detricks_000422,1,33.8528886,-79.076195,02-2022,2022-02,2024-03,26,199829,133906,333735
65,"33.8529,-79.0762",cross_operator,2,2,Magnolia,magnolia_000414,66,33.8528886,-79.076195,03-2024,2024-03,2026-05,27,196140,113048,309188
66,"33.9355,-84.1849",cross_operator,2,2,Blue Sky Express,blueskyexpress_000138,1,33.9355026,-84.1848693,01-2020,2020-01,2023-12,48,211968,214591,426559
66,"33.9355,-84.1849",cross_operator,2,2,Sud Stop,sudstop_000639,3,33.9355026,-84.1848693,04-2024,2024-04,2026-05,26,206766,76822,283588
67,"33.9542,-78.0505",cross_operator,2,2,Carolina Shores,carolinashores_000338,1,33.954165,-78.050508,08-2021,2021-08,2022-09,14,46825,50375,97200
67,"33.9542,-78.0505",cross_operator,2,2,Magnolia,magnolia_000414,16,33.954165,-78.050508,09-2022,2022-09,2026-05,45,249601,144096,393697
68,"33.9705,-84.4876",cross_operator,2,2,Blue Penguin Car Wash,bluepenguincw_000433,3,33.9705278,-84.4876273,03-2022,2022-03,2026-05,51,90053,100592,190645
68,"33.9705,-84.4876",cross_operator,2,2,Dirty Dog's Car Wash,dirtydogs_000082,5,33.9705278,-84.4876273,07-2020,2020-07,2022-03,21,27941,39326,67267
69,"34.2062,-84.8162",cross_operator,2,2,Luv Car Wash,luvcarwash_000457,12,34.2062036,-84.8162081,07-2022,2022-07,2026-05,47,234536,118906,353442
69,"34.2062,-84.8162",cross_operator,2,2,Rocket Wash,rocketwash_000183,1,34.2062036,-84.8162081,01-2020,2020-01,2022-07,31,116903,128961,245864
70,"34.2193,-78.0164",cross_operator,2,2,Carolina Shores,carolinashores_000338,2,34.21931,-78.016423,08-2021,2021-08,2022-09,14,78166,86781,164947
70,"34.2193,-78.0164",cross_operator,2,2,Magnolia,magnolia_000414,17,34.21931,-78.016423,09-2022,2022-09,2026-05,45,291926,225715,517641
71,"34.4901,-85.3419",cross_operator,2,2,Luv Car Wash,luvcarwash_000457,13,34.490126,-85.3418975,07-2022,2022-07,2026-05,47,176935,91872,268807
71,"34.4901,-85.3419",cross_operator,2,2,Rocket Wash,rocketwash_000183,2,34.490126,-85.3418975,07-2020,2020-07,2022-07,25,63940,70730,134670
72,"34.7206,-87.6681",cross_operator,2,2,Extreme Clean Auto Wash,extreemeclean_000261,1,34.7205938,-87.6680577,09-2020,2020-09,2022-09,25,29997,70375,100372
72,"34.7206,-87.6681",cross_operator,2,2,Wash N Roll,washnroll_000485,6,34.7205938,-87.6680577,09-2022,2022-09,2026-05,45,98896,67488,166384
73,"34.7406,-85.272",cross_operator,2,2,Luv Car Wash,luvcarwash_000457,9,34.740564,-85.271989,06-2022,2022-06,2026-05,48,220444,124247,344691
73,"34.7406,-85.272",cross_operator,2,2,Rocket Wash,rocketwash_000183,4,34.740564,-85.271989,04-2022,2022-04,2022-04,1,0,2,2
74,"34.8219,-82.2837",cross_operator,2,2,Heroes Car Wash,carolinacarwash_000283,7,34.8218738,-82.2836692,06-2022,2022-06,2023-08,15,12188,8567,20755
74,"34.8219,-82.2837",cross_operator,2,2,Colonial Car Wash,colonialcw_000420,6,34.8218738,-82.2836692,08-2023,2023-08,2026-05,34,8313,104153,112466
75,"34.8869,-82.3957",cross_operator,2,2,Heroes Car Wash,carolinacarwash_000283,6,34.8869364,-82.3956641,05-2022,2022-05,2023-08,16,48523,28144,76667
75,"34.8869,-82.3957",cross_operator,2,2,Colonial Car Wash,colonialcw_000420,5,34.8869364,-82.3956641,08-2023,2023-08,2026-05,34,50159,164430,214589
76,"34.9036,-82.3325",cross_operator,2,2,Heroes Car Wash,carolinacarwash_000283,4,34.903567,-82.3325024,03-2022,2022-03,2023-08,18,61944,31406,93350
76,"34.9036,-82.3325",cross_operator,2,2,Colonial Car Wash,colonialcw_000420,3,34.903567,-82.3325024,08-2023,2023-08,2026-05,34,51972,165704,217676
77,"34.9354,-82.2763",cross_operator,2,2,Heroes Car Wash,carolinacarwash_000283,5,34.935384,-82.276331,08-2022,2022-08,2023-08,13,32728,17191,49919
77,"34.9354,-82.2763",cross_operator,2,2,Colonial Car Wash,colonialcw_000420,4,34.935384,-82.276331,08-2023,2023-08,2026-05,34,33425,126000,159425
78,"35.0523,-78.9745",cross_operator,2,2,Five Star,fivestar_000150,3,35.0522632,-78.9744552,01-2020,2020-01,2022-04,28,179536,185098,364634
78,"35.0523,-78.9745",cross_operator,2,2,Magnolia,magnolia_000414,2,35.0522632,-78.9744552,04-2022,2022-04,2026-05,50,279928,244401,524329
79,"35.1071,-78.8793",cross_operator,2,2,Five Star,fivestar_000150,1,35.1071029,-78.8792549,01-2020,2020-01,2022-04,28,160272,144045,304317
79,"35.1071,-78.8793",cross_operator,2,2,Magnolia,magnolia_000414,1,35.1071029,-78.8792549,04-2022,2022-04,2026-05,50,315760,191187,506947
80,"35.3746,-77.9441",cross_operator,2,2,Rocket Wash,rocketwashnc_000309,1,35.374643,-77.944051,03-2021,2021-03,2022-06,16,87386,64954,152340
80,"35.3746,-77.9441",cross_operator,2,2,Zips Express Car Wash,zips_000468,4,35.374643,-77.944051,06-2022,2022-06,2026-05,48,194815,132751,327566
81,"35.6657,-78.8438",cross_operator,2,2,Heroes Car Wash,carolinacarwash_000283,1,35.6656624,-78.8438255,12-2020,2020-12,2022-06,19,109905,80148,190053
81,"35.6657,-78.8438",cross_operator,2,2,Zips Express Car Wash,zips_000468,3,35.6656624,-78.8438255,06-2022,2022-06,2026-05,48,210584,122108,332692
82,"35.735,-78.7793",cross_operator,2,2,Heroes Car Wash,carolinacarwash_000283,11,35.734973,-78.779261,06-2025,2025-06,2026-05,12,33090,17891,50981
82,"35.735,-78.7793",cross_operator,2,2,Edge Express,edgeexpress_000446,7,35.734973,-78.779261,07-2023,2023-07,2025-04,22,31371,40467,71838
83,"35.7564,-83.942",cross_operator,2,2,Big Peach Car Wash,bigpeachcw_000300,11,35.756406,-83.94195,02-2025,2025-02,2025-12,11,14289,9911,24200
83,"35.7564,-83.942",cross_operator,2,2,Splash Patrol,splashpatrol_000816,1,35.756406,-83.94195,12-2025,2025-12,2026-05,6,13918,9923,23841
84,"35.7871,-78.8093",cross_operator,2,2,Heroes Car Wash,carolinacarwash_000283,9,35.787114,-78.809254,04-2023,2023-04,2026-05,38,229602,108158,337760
84,"35.7871,-78.8093",cross_operator,2,2,Rocket Wash,rocketwashnc_000309,6,35.787114,-78.809254,12-2022,2022-12,2022-12,1,0,2,2
85,"36.0439,-86.6621",cross_operator,2,2,Champion CW,championcarwash_000085,5,36.043861,-86.662127,01-2020,2020-01,2022-08,32,56113,102726,158839
85,"36.0439,-86.6621",cross_operator,2,2,Wash N Roll,washnroll_000485,1,36.043861,-86.662127,08-2022,2022-08,2026-05,46,191051,130544,321595
86,"36.0604,-95.9037",cross_operator,2,2,Launch Car Wash,launchcw_000311,3,36.060421,-95.903725,12-2022,2022-12,2026-05,42,163589,108743,272332
86,"36.0604,-95.9037",cross_operator,2,2,Mr Klean Car Wash,shortcompany,1,36.060421,-95.903725,01-2020,2020-01,2020-11,11,0,6449,6449
87,"36.0608,-79.8696",cross_operator,2,2,Five Star,fivestar_000150,4,36.060796,-79.8695724,05-2020,2020-05,2022-04,24,57201,79971,137172
87,"36.0608,-79.8696",cross_operator,2,2,Magnolia,magnolia_000414,3,36.060796,-79.8695724,04-2022,2022-04,2026-05,50,180510,975142,1155652
88,"36.0745,-86.9238",cross_operator,2,2,Champion CW,championcarwash_000085,7,36.074531,-86.923798,01-2020,2020-01,2022-08,32,193856,270036,463892
88,"36.0745,-86.9238",cross_operator,2,2,Wash N Roll,washnroll_000485,2,36.074531,-86.923798,08-2022,2022-08,2026-05,46,423105,217622,640727
89,"36.1197,-86.7745",cross_operator,2,2,Champion CW,championcarwash_000085,6,36.1196537,-86.7745102,01-2020,2020-01,2022-09,33,83215,194710,277925
89,"36.1197,-86.7745",cross_operator,2,2,Wash N Roll,washnroll_000485,3,36.1196537,-86.7745102,09-2022,2022-09,2026-05,45,359755,237755,597510
90,"36.1454,-86.8709",cross_operator,2,2,Champion CW,championcarwash_000085,4,36.145437,-86.870853,01-2020,2020-01,2022-09,33,92283,151089,243372
90,"36.1454,-86.8709",cross_operator,2,2,Wash N Roll,washnroll_000485,4,36.145437,-86.870853,09-2022,2022-09,2026-05,45,217755,142648,360403
91,"36.845,-81.4956",cross_operator,2,2,Dragons Edge,dragonsedge_000700,1,36.8450174,-81.4955846,10-2024,2024-10,2026-05,20,160083,31192,191275
91,"36.845,-81.4956",cross_operator,2,2,Mountain Edge,mountainedge_000549,3,36.8450174,-81.4955846,04-2024,2024-04,2024-10,7,35603,13859,49462
92,"37.0582,-84.6462",cross_operator,2,2,Circle K,circlek_000060,2,37.05817,-84.646174,08-2022,2022-08,2026-05,46,10195,24255,34450
92,"37.0582,-84.6462",cross_operator,2,2,Spectacular Car Wash,spectacularcw_000429,1,37.05817,-84.646174,08-2022,2022-08,2022-08,1,0,12,12
93,"37.1418,-80.4146",cross_operator,2,2,Carolina Shores,carolinashores_000338,5,37.14175,-80.414569,04-2022,2022-04,2022-07,2,49,1649,1698
93,"37.1418,-80.4146",cross_operator,2,2,Magnolia,magnolia_000414,19,37.14175,-80.414569,07-2022,2022-07,2026-05,47,95290,105508,200798
94,"37.1429,-80.5826",cross_operator,2,2,Carolina Shores,carolinashores_000338,4,37.1429064,-80.5826188,10-2021,2021-10,2022-08,11,33089,51922,85011
94,"37.1429,-80.5826",cross_operator,2,2,Magnolia,magnolia_000414,18,37.1429064,-80.5826188,08-2022,2022-08,2026-05,46,181587,207145,388732
95,"37.4767,-105.8944",cross_operator,2,2,Champion Xpress CW,championxpresscw_000216,10,37.476684,-105.894424,10-2021,2021-10,2026-05,56,309955,185469,495424
95,"37.4767,-105.8944",cross_operator,2,2,Full Throttle Car Wash,fullthrottle_000020,1,37.476684,-105.894424,01-2020,2020-01,2021-07,19,0,52185,52185
96,"37.5509,-77.3401",cross_operator,2,2,Gocarwash,gocarwash_000415,1,37.550852,-77.340055,01-2022,2022-01,2022-10,10,14414,27621,42035
96,"37.5509,-77.3401",cross_operator,2,2,Hogg Wash,hoggwash_000092,1,37.550852,-77.340055,01-2020,2020-01,2022-01,25,53994,91815,145809
97,"37.8601,-85.5185",same_operator,2,1,Hurricane Bay Express,000003_hurricane,1,37.8601265,-85.5185246,01-2020,2020-01,2022-05,29,0,98159,98159
97,"37.8601,-85.5185",same_operator,2,1,Hurricane Bay Express,000003_hurricane,2,37.8601265,-85.5185246,11-2025,2025-11,2026-05,7,4256,5253,9509
98,"38.2184,-85.538",cross_operator,2,2,The Car Wash Company,carwashcompany_000521,1,38.2184249,-85.5380479,11-2022,2022-11,2024-01,15,37786,41202,78988
98,"38.2184,-85.538",cross_operator,2,2,Magnolia,magnolia_000414,64,38.2184249,-85.5380479,01-2024,2024-01,2026-05,29,130543,104054,234597
99,"38.4809,-90.2215",same_operator,2,1,Weber Wash & Lube,weberwash_000038,1,38.480897,-90.221453,01-2020,2020-01,2026-05,77,255143,128118,383261
99,"38.4809,-90.2215",same_operator,2,1,Weber Wash & Lube,weberwash_000038,2,38.480897,-90.221453,12-2020,2020-12,2020-12,1,0,1,1
100,"38.6236,-83.7873",same_operator,2,1,Thoroughbred,thoroughbredcw_000304,10,38.623588,-83.787291,09-2023,2023-09,2026-05,33,166658,93944,260602
100,"38.6236,-83.7873",same_operator,2,1,Thoroughbred,thoroughbredcw_000304,32,38.623588,-83.787291,08-2025,2025-08,2026-04,9,1123,1415,2538
101,"38.7896,-90.5717",cross_operator,2,2,Scrubbles Express Wash,scrubbles_000069,8,38.789628,-90.571748,05-2023,2023-05,2023-05,1,0,12,12
101,"38.7896,-90.5717",cross_operator,2,2,Scrubbles STL,scrubblesstl_000578,1,38.789628,-90.571748,06-2023,2023-06,2026-05,36,121047,87671,208718
102,"40.0469,-75.1423",cross_operator,2,2,Bubble Tunnel Car Wash,bubbletunnelcw_000368,1,40.0469382,-75.1423013,12-2021,2021-12,2022-12,13,0,89938,89938
102,"40.0469,-75.1423",cross_operator,2,2,Wash Industries,westchestercw_000036,10,40.0469382,-75.1423013,12-2022,2022-12,2026-05,42,0,398397,398397
103,"40.6648,-73.5024",cross_operator,2,2,Seaford Car Wash,seafordcarwash_000354,1,40.6647522,-73.5023578,08-2021,2021-08,2026-05,58,17682,170819,188501
103,"40.6648,-73.5024",cross_operator,2,2,Seaford Car Wash,seafordcw_000135,1,40.6647522,-73.5023578,01-2020,2020-01,2021-08,19,1885,46720,48605
104,"41.4431,-85.9784",same_operator,2,1,John's Auto Spa,johnsautospa_000372,2,41.4430505,-85.9784059,11-2021,2021-11,2026-05,55,0,159143,159143
104,"41.4431,-85.9784",same_operator,2,1,John's Auto Spa,johnsautospa_000372,4,41.4430505,-85.9784059,01-2025,2025-01,2026-04,11,0,23,23
105,"41.8282,-87.7045",cross_operator,2,2,Snappy Kedzie Express Wash,snappykedzieew_000336,1,41.8282134,-87.7044561,05-2021,2021-05,2026-05,61,227624,408964,636588
105,"41.8282,-87.7045",cross_operator,2,2,Snappy Car Wash,snappyscarwash_000115,5,41.8282134,-87.7044561,04-2021,2021-04,2021-04,1,0,33,33
106,"42.5666,-82.9134",same_operator,2,1,Basha Magical Touch Car Wash,bashamagical_000650,1,42.566565,-82.913395,07-2024,2024-07,2026-05,23,55711,179111,234822
106,"42.5666,-82.9134",same_operator,2,1,Basha Magical Touch Car Wash,bashamagical_000650,2,42.566565,-82.913395,07-2024,2024-07,2024-08,2,0,3,3
107,"42.8416,-85.6748",cross_operator,2,2,Wave Auto Wash,anchorcw_000452,1,42.841572,-85.674812,08-2022,2022-08,2026-03,44,92923,57956,150879
107,"42.8416,-85.6748",cross_operator,2,2,Riverside,riverside_000010,4,42.841572,-85.674812,08-2022,2022-08,2026-05,4,7381,3240,10621
108,"43.1134,-79.1235",cross_operator,2,2,Auto Wash Express,autowashexpress,1,43.113435,-79.1235393,01-2020,2020-01,2024-10,58,0,63449,63449
108,"43.1134,-79.1235",cross_operator,2,2,Valet Car Wash,valetcw_000706,1,43.113435,-79.1235393,02-2025,2025-02,2026-05,16,145120,25956,171076
109,"43.3941,-80.3245",cross_operator,2,2,Smitty's Car Wash,smittyscw_000489,13,43.394121,-80.324503,08-2024,2024-08,2025-04,9,52234,21557,73791
109,"43.3941,-80.3245",cross_operator,2,2,Swift Car Wash,swiftcw_000762,1,43.394121,-80.324503,05-2025,2025-05,2026-05,13,93339,19436,112775
110,"44.4322,-73.2116",same_operator,2,1,Seaway Car Wash,seawaycarwash_000181,1,44.432247,-73.211555,01-2020,2020-01,2026-05,77,47431,325290,372721
110,"44.4322,-73.2116",same_operator,2,1,Seaway Car Wash,seawaycarwash_000181,3,44.432247,-73.211555,01-2020,2020-01,2026-05,77,0,146051,146051
