source_file,n_excluded,pred_loo_y1,pred_loo_y2,pred_loo_y3,pred_loo_y4,pred_loo_y5,plateau_loo,proxy_loo,nmat_loo,pred_leaky_y1,pred_leaky_y2,pred_leaky_y3,pred_leaky_y4,pred_leaky_y5,plateau_leaky,proxy_leaky,nmat_leaky
Car Wash Cafe_ SONNY'S Express Proforma_069f2000004sKgFAAU.xlsx,1,3493.354868916776,4060.816207584912,3979.246684856869,3847.4015521693655,3770.213151241523,4173.330520891225,False,13,1625.8822144773064,1852.1378465101272,1794.756289956386,1721.9711282184023,1683.6384052140795,1894.1174514447316,False,14
Express Exterior Proforma_0695w0000097nchAAA.xlsx,1,4037.2731664955018,4703.635082261481,4637.808043353118,4515.945117825588,4444.198232652335,4836.561918855328,True,4,4020.846354129942,4655.695343091765,4580.541421115735,4458.559582487459,4389.928476001757,4780.178086133167,True,5
Flexserve_proforma_ Sonny's (3-mile market)_0695w00000CDfUdAAL.xlsx,1,5666.158757813932,7940.677106290902,8247.104347210077,8080.777865273844,8095.119902224501,8236.722369352772,True,3,5827.692853960146,7905.028404133568,8111.608916120994,7866.127441129292,7875.033457085751,8153.517416520396,True,4
Flexserve_proforma_ Sonny's_0695w0000097P7VAAU.xlsx,1,6982.227893106142,8256.176307689306,8688.891794884834,9345.388599995124,9755.84469480582,8519.409366559228,False,5,7490.726799621973,8609.58049783193,8906.354405191316,9455.940193217702,9825.754246604634,8823.967128745951,False,6
Flexserve_proforma_ Sonny's_0695w00000APPuhAAH.xlsx,1,8506.995435534669,10372.697232195633,10952.804449327226,11670.729307209263,12074.41553682362,10779.453767734129,True,4,8526.341864732314,10390.380194694471,10967.894028637917,11683.983278839709,12087.085593924,10796.441034683086,True,4
Flexserve_proforma_ Sonny's_069f2000005RkTVAA0.xlsx,1,6461.153216089443,8203.338842535695,8529.288011074079,8694.100608349005,8715.419480726718,8601.500924500944,True,10,6189.255461801491,8038.071770527756,8450.597087598302,8677.081148115749,8717.888407323555,8468.855840609685,True,11
KPI Sonny's Express Exterior Proforma_0695w00000ShakXAAR.xlsx,1,5803.676006893561,6446.624841040389,6278.339660199433,6151.416891983768,6110.110055529699,6551.283897939687,False,2,5735.039280793987,6475.609124575897,6362.453484295758,6268.509541003624,6234.459686016416,6607.904386101714,True,3
Magic Rabbit CW _Express_proforma_069f2000004sqLAAAY.xlsx,1,2641.0038373971784,3502.5071298695166,3563.061681477285,3429.1874122990903,3431.4838257075753,3598.04130154618,True,7,2595.6698135648226,3507.879138039191,3594.528855367782,3481.543808014792,3485.256355636171,3615.769793879041,True,7
SONNY'S Flex Proforma_069f2000007O43iAAC.xls,1,4878.800517318642,5784.312670706563,6238.345053383811,6975.24505194657,7459.639080988382,5972.4566828024335,True,3,4667.630870212249,5397.122199589226,5722.581557585403,6308.388822140739,6707.541258739459,5539.576961126717,True,4
SONNY'S Flex Proforma_069f2000007OBaAAAW.xls,1,6272.619948452179,7171.891851498811,7675.475778726263,8058.16506143256,8342.288411680998,7599.957952543044,False,1,7213.682369581064,7857.360312021669,8065.275486226453,8140.578011317962,8273.753601475199,8233.978364124023,False,1
Sonny's Express Exterior Proforma  (vehicle market)_0695w00000IU9N0AAL.xlsx,1,4560.012755021132,5484.730429706301,5807.144648447542,6239.724590460682,6508.529553462608,5682.086584412117,False,1,4958.840244606156,5758.18550071659,6054.67895183374,6547.292496847319,6882.598601090299,5916.207286791376,False,2
Sonny's Express Exterior Proforma (As is)_0695w00000AAGRMAA5.xlsx,1,5843.772423509735,7008.21994260389,7382.929268914264,7374.314496343359,7398.953151504455,7426.493019509199,False,0,5087.548609638894,6131.720782605999,6474.241390175663,6476.845883601146,6498.055881569347,6501.62450634373,False,1
Sonny's Express Exterior Proforma (Market share)_069f2000008N6nuAAC.xlsx,1,6071.783829322598,7255.036429519859,7630.09257987433,7612.294100684354,7638.104466947374,7684.587830917571,False,0,3836.199643315318,4557.079469455765,4779.726900013587,4759.607826249751,4776.1260025806105,4823.416577147817,False,0
Sonny's Express Exterior Proforma (modified traffic)_0695w00000HHR0tAAH.xlsx,2,2708.5251627140756,2964.3834879679525,2984.575903649549,2899.5591766319867,2872.9017540806403,3109.991493799192,True,5,2860.3260078688277,3027.5513939181747,2989.715220205762,2875.482576134648,2844.8960660365215,3150.8193825439153,True,6
Sonny's Express Exterior Proforma (traffic volume)_0695w000009kd1pAAA.xlsx,1,6032.238261287191,7675.438968965035,8298.720550556134,8436.416969761376,8458.364874031866,8190.735372557412,False,0,6386.227705710045,7603.905952643056,7983.992263886245,7956.350318926391,7983.709472172745,8050.618802501911,False,1
Sonny's Express Exterior Proforma (with vacs)_0695w00000JbgLSAAZ.xlsx,1,5727.77988196286,6639.146897690396,6925.869175105231,6881.856741245482,6863.01528762823,7056.750321520014,False,0,6824.790649846701,7419.618042679077,7487.126436032551,7330.32488793046,7303.6298709687535,7771.741342191782,False,1
"Sonny's Express Exterior Proforma - 1309 West Chester Pike, West Chester, PA 19382_0695w00000WqSN5AAN.xlsx",1,5719.747728839619,6228.009800336621,6295.269868389256,6174.767204318806,6157.784488359434,6526.0057069472305,False,1,6879.145088823055,7470.59858087348,7540.002806209885,7390.1590909757215,7369.141807875585,7823.123711689516,False,2
"Sonny's Express Exterior Proforma - 1809 E Fire Tower Rd, Greenville, NC 27858_069Uc000007cR4oIAE.xlsx",1,6795.719246121171,8371.231263629823,8560.548678997924,8604.407632827877,8576.41980074725,8719.520478149225,False,0,6199.8605968806,7394.721340241787,7461.6527251432735,7456.231607547053,7431.452597375577,7645.927224681586,False,0
"Sonny's Express Exterior Proforma - 3361 Buford Drive Buford, GA 30519_069Uc00000FA06KIAT.xlsx",1,5149.224124276371,6154.376541168272,6395.132058399569,6713.961479864091,6900.986654304822,6366.518057992637,True,9,5357.912555112051,6289.576115619457,6461.511496647574,6721.651830034708,6884.430876125403,6478.971484837296,True,9
"Sonny's Express Exterior Proforma - 3710 Washington Rd, Augusta, GA 30907 (Revisions)_069Uc00000EVSL0IAP.xlsx",1,5619.111375449266,6793.954368132891,7047.5555643453845,7310.844275037995,7443.453779128143,7046.8488219873525,False,1,4788.596873399161,5753.937570139496,5953.479469396989,6169.336266573423,6281.408619167164,5959.614134024119,False,1
"Sonny's Express Exterior Proforma - 8909 Six Forks Rd Raleigh, NC, NC 27615_069Uc00000DMO5vIAH.xlsx",1,7482.786051332639,9239.621220188392,9762.2305401247,10322.19360011352,10609.010611835723,9629.169757624735,True,8,7629.500599469388,9539.16533570477,10128.36481460424,10730.561580481915,11028.000958281438,9968.836430544185,True,9
"Sonny's Express Exterior Proforma -7989 North Hualapai Way, Las Vegas, NV 89166_0695w00000XImaiAAD.xlsx",1,6051.006137819791,7368.392162684874,7007.232170861639,6272.583438713359,6136.023546226156,7446.987375332104,False,1,5119.876635240384,6171.063658903807,5817.495929009395,5143.416545327269,5004.811929154948,6223.998795656438,False,1
"Sonny's Express Exterior Proforma 1245 Fremont St., Fenley_0695w00000QAl3eAAD.xlsx",1,5260.725193244461,7039.41701006709,7186.956290090275,6939.409019462434,6946.234968082427,7243.099284523803,False,0,5888.630817235389,7061.547149830299,6888.343378896864,6379.857967112842,6369.841696195291,7114.71424442826,False,1
Sonny's Express Exterior Proforma 1250 W Orem Drive Houston 65_0695w00000WNyLRAA1.xlsx,1,6503.023739584421,8241.23385862463,8393.945327087175,8290.741512050508,8156.07337946189,8637.787284451297,True,9,6626.217117292512,8414.5665225018,8579.718517026184,8480.764988124673,8345.188650305668,8823.354896186931,True,9
"Sonny's Express Exterior Proforma 13020 US-1, Sebastian_0695w00000RVGPpAAP.xlsx",1,7119.5140363221435,8443.432195494328,8499.27408913536,8484.021878808366,8455.717251475464,8718.679409775123,False,0,7235.523277247866,8063.450842105821,7894.432214857808,7781.964792101586,7754.809872129727,8201.162436812188,False,1
"Sonny's Express Exterior Proforma 13106 Valley Blvd., La Puente_0695w00000QAu7fAAD.xlsx",1,5840.814536759913,7432.919175837173,7347.034110036077,6844.486289079391,6769.871279455208,7577.272222864197,False,5,6013.14657891131,7353.8767793360785,7121.254806858441,6489.25347583918,6387.4455018296585,7438.730456744805,False,5
"Sonny's Express Exterior Proforma 1360 Lee St., Des Plaines_0695w00000Sjfk7AAB.xlsx",2,6887.510043219428,7955.289581807188,7916.399035786828,7861.738545629101,7835.019234022231,8163.1206572344445,False,0,4705.883056325001,5384.449104065438,5547.2924992594535,5454.254769722383,5476.14298935261,5672.212464363937,False,0
"Sonny's Express Exterior Proforma 14537 Sherman Way, Los Angeles_0695w00000QAXd4AAH.xlsx",1,10255.204627970015,15148.723401130432,16335.037300525946,16920.21117620696,17410.36253495941,15850.55489971475,True,5,9683.44477964198,14238.40453166898,15310.647171457162,15813.10345878047,16255.243529103273,14887.05994470865,True,6
"Sonny's Express Exterior Proforma 1623 S Poinciana Blvd. Kissimmee, FL 34758_0695w00000WO90ZAAT.xlsx",2,9244.355746842257,11533.234968001738,12197.643788377209,12891.199971099522,13239.38245998796,12046.994319435677,True,6,9136.882194172367,11470.774167917638,12174.064294395548,12899.372767220464,13259.940129479975,11998.214139148724,True,6
Sonny's Express Exterior Proforma 172 Freemans Bridge Rd Scotia_0695w00000QBiivAAD.xlsx,1,5469.654093892619,5860.999798707112,6223.056567096311,6684.646442025217,7065.579040867199,6117.917762240236,False,1,4607.230000455581,5217.997100168962,5806.4036766712925,6507.063671011646,7012.568848689145,5517.675923671949,False,2
"Sonny's Express Exterior Proforma 231 MacCorkle Ave SW, South Charleston, WV 25303_0695w00000VmTqVAAV.xlsx",1,5757.68226798869,7106.588782223805,7716.158559301192,8548.004560327943,9048.310084959654,7405.533147319868,False,2,6482.864625455953,7482.927376075358,7782.660148375115,8327.703123243073,8695.59308932397,7677.180602641427,False,2
"Sonny's Express Exterior Proforma 2416 Dempster St., Evanston_0695w00000SjPaGAAV.xlsx",1,5678.036624361062,6153.545912925781,6349.907459222824,6483.092192507796,6767.013102245769,6435.7699834897385,False,0,6473.937449134952,6971.461719958952,7147.216271338075,7236.93171600706,7527.47759797328,7284.794184404965,False,1
Sonny's Express Exterior Proforma 28 Ferry Road_0695w00000Si8m7AAB.xlsx,1,4601.710937317377,5149.940520952741,5162.195073543859,5232.321488163697,5349.9379473059635,5245.762924108301,True,9,4425.440187180291,5122.069467559349,5267.865230017926,5478.39654847668,5662.536045792441,5257.016098100312,True,9
"Sonny's Express Exterior Proforma 3111 Teays Valley Rd., Hurricane_0695w00000Q8kRHAAZ.xlsx",1,6893.286862761049,8189.87996951324,8748.318291152516,9623.471664579682,10185.925379962608,8460.426625000724,False,2,5325.390340493058,6345.465355238238,6790.909552857504,7481.630262477483,7923.673911798835,6559.5232153815805,True,3
"Sonny's Express Exterior Proforma 35952 US Hwy 19 N, Palm Harbor, FL 34684_0695w00000Y5LyUAAV.xlsx",2,6650.163942113769,8414.026106816573,8768.999798487617,8975.673314292386,9021.422766187896,8815.79899624683,True,3,6758.712942625393,8589.916585230787,8969.303730492096,9189.596204791984,9237.79968549568,9008.82583796855,True,3
"Sonny's Express Exterior Proforma 3893 McCoy Rd, Orlando, FL 32812 (traffic volume)_0695w00000WO8AHAA1.xlsx",2,9819.723483139556,12910.938043786511,13574.307414531242,13889.19554056864,13918.198576743904,13637.745276719004,True,9,9305.669501349965,12220.638824238442,12839.919815784391,13130.932499456723,13155.74493165192,12905.440666135197,True,10
"Sonny's Express Exterior Proforma 3972 Teays Valley Rd., Hurricane_0695w00000Q8nOVAAZ.xlsx",1,6738.325175320529,8063.576031815631,8740.062610838942,9805.953616344728,10498.709725459215,8343.902687206286,False,2,5355.708282712108,6386.425436068231,6906.006679855061,7733.337886056128,8273.230879328961,6603.028616852301,True,3
"Sonny's Express Exterior Proforma 4300 Clinton Hwy, Knoxville_0695w00000RUh2HAAT.xlsx",1,4367.922186092902,5354.142999581454,5942.583862878309,6877.333994698595,7505.458965447127,5570.751143397088,False,0,4352.819071150793,5449.079442468392,6148.53001654267,7222.424621906339,7933.86854345904,5696.069480005786,False,0
"Sonny's Express Exterior Proforma 45430 Schenherr Rd., Shelby Twp._0695w00000Q9YSoAAN.xlsx",1,2927.2457964533187,3321.4389909572583,3487.315254792976,3563.465858416344,3669.6942305522266,3495.156466069802,True,3,4855.064966832347,5583.950021332708,5916.882155580305,6100.01781775974,6296.193577710947,5886.290069661394,False,4
"Sonny's Express Exterior Proforma 5001 Collin McKinney Pkwy., McKinney, TX_0695w00000U9kNNAAZ.xlsx",1,8437.250998057929,10457.273045396416,10961.479082564998,11470.73693563803,11722.93744118206,10907.237897037572,True,8,7887.989949257702,10054.999623223528,10717.041321961007,11361.973582706973,11669.786600603,10552.09035792835,True,9
"Sonny's Express Exterior Proforma 510 E Broadway, Louisville, KY_0695w00000U7IlyAAF.xlsx",1,4879.145697914383,5729.725532180389,6140.998913570466,6374.2060195319755,6573.21314779289,6055.921576659653,True,4,3669.129383592502,4023.77036481185,3990.645177537592,4055.1730422385185,4125.2490569727315,4075.712628362274,True,5
"Sonny's Express Exterior Proforma 5958 N Main St., Joplin, MO_0695w00000SiquUAAR.xlsx",1,4697.2000375405905,5887.580253311204,6941.448255118525,8173.3569203316865,8989.137417467033,6271.953254428476,False,0,4884.920859458761,5845.351069647061,6683.6040219857605,7654.51079253052,8351.962494865626,6192.540948231559,False,0
"Sonny's Express Exterior Proforma 710 Jamacha Rd., El Cajon_0695w00000Sia3PAAR.xlsx",1,4406.592261418593,5736.038926602264,5744.638612089588,5436.373557475793,5404.309690090311,5872.361114974621,False,3,4731.984713784729,5655.03328457219,5407.093367624216,4860.332281143624,4770.205403459814,5693.593626036417,False,3
"Sonny's Express Exterior Proforma 7326 Reseda Blvd., Reseda_0695w00000QAYyrAAH.xlsx",1,9799.01411705003,14486.996316939774,15404.970267283526,15567.018812454948,15770.766485589407,15160.203280186632,True,5,9335.725374433763,13716.832424589937,14535.182361450314,14635.111567595191,14809.273447206948,14339.996427477708,True,6
"Sonny's Express Exterior Proforma 9520 Cullen Blvd., Houston_0695w00000Sho0XAAR.xlsx",1,7639.358957170968,9544.671301208567,9662.37428558288,9511.247043054853,9350.210149112494,9973.02618121304,True,7,7538.751901455905,9293.557009411636,9341.468006031731,9148.967021835077,8979.066001014267,9681.856424614414,True,8
"Sonny's Express Exterior Proforma Buford Dr., Buford_0695w00000OxYTfAAN.xlsx",1,6168.486979816397,7748.604193639128,7960.827946998567,7990.443459416037,7941.5284370291565,8105.913380806307,True,15,6165.004085339772,7730.713155946053,7936.615433765102,7963.214712635786,7914.088262541499,8084.1117817067,True,15
"Sonny's Express Exterior Proforma Cirby Way, Roseville_0695w00000OxyMQAAZ.xlsx",1,5276.457321443486,6729.992298966005,6741.289126734064,6399.526836345419,6399.240361480428,6863.659565925994,False,0,4463.08601106065,5538.119349620819,5483.799877206169,5151.0380701955355,5147.462445324264,5618.177674408974,False,0
Sonny's Express Exterior Proforma Fischer Park Dr._0695w00000OwhmfAAB.xlsx,1,4934.980761580788,5754.123656099204,5801.988805253561,5861.542908332987,5896.419652709293,5917.873007817742,True,4,5393.69440947878,6029.11542029255,5946.518951294373,5926.510096347959,5943.170073617682,6136.77861753434,True,4
Sonny's Express Exterior Proforma Update_0695w00000HJAnSAAX.xlsx,1,5256.291682384993,5805.97569137916,5876.242072472963,5703.131643127818,5729.225060469499,6087.967993995477,False,0,6551.386409915576,6852.129430892673,6733.67811654902,6390.205148202519,6425.764196004445,7130.826167343904,False,1
"Sonny's Express Exterior Proforma _3373 SE Federal Hwy, Stuart, FL 34997_069Uc0000038IUHIA2.xlsx",2,7329.226651407622,8507.52894829062,8289.769189494184,7934.37599169225,7728.802565665147,8740.225519094036,False,2,6856.289635951503,8575.929126739627,8591.89673448945,8293.476651835237,8053.699606801947,8963.018272831121,True,3
Sonny's Express Exterior Proforma_0695w0000097m9tAAA.xlsx,1,8509.8261628374,11033.19303298602,11189.564024003816,10788.210947905942,10853.376473177408,11287.048719902185,False,2,10878.472399677465,14616.533274477391,15034.30312215708,14677.685025985216,14778.795515233336,15050.535680016988,True,3
Sonny's Express Exterior Proforma_0695w0000097obzAAA.xlsx,1,5193.5338345655,5556.280787386535,5308.417231794624,5144.840858379535,5102.227788371526,5591.596707656516,False,2,2182.5710258521513,2348.4318113452036,2250.151005174133,2183.953257481678,2166.025046754719,2366.9549577406037,True,3
Sonny's Express Exterior Proforma_0695w0000097tEHAAY.xlsx,1,7787.631726058527,9712.771996508369,10822.407253151969,12455.355651197991,13498.829798924024,10144.734182011216,True,4,9169.254610399264,11560.2152849573,12977.338963447348,15029.606195834323,16331.754319934422,12102.91473623864,True,5
Sonny's Express Exterior Proforma_0695w0000097wpaAAA.xlsx,1,8116.913267284478,10505.95133162982,10946.742851873942,11127.0323399629,11125.375213942976,11061.136368003898,True,9,8005.718576322364,10265.369016963925,10635.81169163389,10761.780359243923,10740.950876423138,10786.424788723154,True,10
Sonny's Express Exterior Proforma_0695w000009med9AAA.xlsx,1,5769.4771594561025,7408.396740425475,7441.250961706101,7081.575929171177,7082.332575399506,7565.146817241549,False,0,7283.519102230171,8721.230876228374,8501.604423192963,7868.980740560762,7856.310322264759,8784.204779873486,False,0
Sonny's Express Exterior Proforma_0695w000009mphMAAQ.xlsx,1,8512.550383642842,10969.023492753571,11685.450028151605,12290.44412252,12538.835250577353,11537.82046275747,True,12,7886.754514102454,9991.101526261156,10559.026615594668,11051.476679486155,11259.864429509733,10471.012747039453,True,13
Sonny's Express Exterior Proforma_0695w000009mpupAAA.xlsx,1,5866.400386221899,6936.001367811532,7392.540838500172,8159.829770730362,8678.333624218643,7156.959197807139,False,0,4649.276027702625,5501.316519700897,5867.091220952349,6479.840278890821,6893.4056250358435,5677.626052375594,False,1
Sonny's Express Exterior Proforma_0695w000009ncIkAAI.xlsx,2,6331.66551920562,9113.50407450814,9547.497821487788,9421.28951232028,9436.868381149854,9495.646362681824,True,10,6211.022597487302,8766.559157006008,9117.39425384232,8939.872755704799,8948.484206288542,9104.385816758117,True,11
Sonny's Express Exterior Proforma_0695w00000A9eDQAAZ.xlsx,1,7000.201632240529,8715.179581751778,8950.35131894133,9012.777445635662,8983.660928988696,9099.209987031523,False,0,7528.143731331656,9102.532024867542,9237.691593695792,9254.253749111687,9223.781478140983,9441.455794368723,False,1
Sonny's Express Exterior Proforma_0695w00000AA9l6AAD.xlsx,1,5407.15497313001,7196.127188174859,7331.548330720943,7066.014926243745,7072.184179589051,7397.095535277145,False,0,4481.100261722017,5155.803097864288,4933.894490897311,4485.329250923394,4473.004997242923,5149.7049488775765,False,1
Sonny's Express Exterior Proforma_0695w00000AAVe5AAH.xlsx,1,7683.988586054845,9677.829047094476,10840.388183766949,12515.643715242692,13574.1323394507,10129.92437813315,True,4,9042.113660240802,11373.247419772886,12727.994421832984,14683.914051818572,15920.79621989422,11901.10242890586,True,5
Sonny's Express Exterior Proforma_0695w00000AOKRXAA5.xlsx,1,9857.19452640092,14379.410523784249,15255.051859531066,15460.82108985114,15735.683970632634,15015.241322171403,True,6,9347.5278100681,13826.51681013871,14793.472355488995,15127.201880695691,15442.726344839306,14470.202775003272,True,6
Sonny's Express Exterior Proforma_0695w00000AP7usAAD.xlsx,1,6365.427662563919,8518.725899011182,8545.225104839485,8041.426013230862,7925.921006962243,8765.414165765362,True,6,5909.966079569375,7689.358826008577,7605.697698639825,7052.498593969033,6926.433870501632,7871.416961833179,True,7
Sonny's Express Exterior Proforma_0695w00000CDgIcAAL.xlsx,1,4120.501730076341,5823.6661751420215,6023.908248747368,5846.015001903169,5815.396737518818,6049.448200054524,True,6,4768.656549881128,6454.886693472152,6578.866051543419,6309.0872004840485,6277.39347368287,6655.3122803084425,True,7
Sonny's Express Exterior Proforma_0695w00000CE2D0AAL.xlsx,1,5768.849895916405,6963.390008449388,7357.427453752328,7363.881719594233,7387.848822580028,7384.824588979415,False,0,4208.715449943739,4931.256611991174,5138.893299584118,5094.1144813259425,5112.776531818375,5210.5174479239895,False,0
Sonny's Express Exterior Proforma_0695w00000CFRZEAA5.xlsx,1,2961.956455747652,3156.1311521772363,3149.694058381215,3068.012640498983,3055.8536908931633,3290.0014799068554,True,4,2793.4352370134493,2972.779060318677,2964.5963080870138,2886.7581062006957,2875.258179623425,3097.91219570435,True,5
Sonny's Express Exterior Proforma_0695w00000D8SHiAAN.xlsx,1,6512.149007319026,8296.08986908554,8805.369608831394,9259.061675698407,9456.431153953628,8705.079082945807,True,11,6430.781461049802,8167.502184840829,8655.754734833881,9092.653017725012,9283.618129147631,8564.54025811095,True,12
Sonny's Express Exterior Proforma_0695w00000D8vi4AAB.xlsx,1,5449.091493996304,6116.082418895952,6434.6570821306805,6666.174789249136,6953.755676954427,6426.810872440843,False,1,5334.58398761608,6039.027309399297,6400.694502678766,6686.239766272135,6995.83448912045,6352.970822950428,False,1
Sonny's Express Exterior Proforma_0695w00000DyF6PAAV.xlsx,1,7257.358190200755,9235.999323793914,9626.259805650518,9826.664699380552,9854.88251523928,9689.199592726629,True,9,5954.792936856458,7196.90583615342,7339.370328815211,7413.239490053876,7426.097223446454,7464.108314073242,True,10
Sonny's Express Exterior Proforma_0695w00000DzJq4AAF.xlsx,1,7058.658381655557,8410.167315241843,8453.29698059054,8399.280158108464,8343.362531131914,8693.738042368825,False,2,6650.741629520534,8370.617371545184,8606.216301379776,8638.772665244478,8584.673763647812,8760.313132896526,True,3
Sonny's Express Exterior Proforma_0695w00000EPxlQAAT.xlsx,1,8464.40412005804,11101.860439973709,11300.51520542751,10933.972509717163,10998.01616212421,11381.620867271127,False,2,11219.717563557217,15038.170412827778,15450.181976136331,15081.022161854422,15188.528201738174,15477.908406049415,True,3
Sonny's Express Exterior Proforma_0695w00000EwmfXAAR.xlsx,1,4877.765737489161,5452.433932285317,5345.701055135826,5272.978326727384,5254.620424208553,5549.806330258204,False,1,5237.047457278842,5645.909484660327,5440.522913541791,5323.449111078908,5304.386812541322,5693.341411415198,False,2
Sonny's Express Exterior Proforma_0695w00000FIVssAAH.xlsx,1,6371.0535293061685,7942.353675509531,8661.040038411045,8996.960821051813,9174.05110382709,8455.505358459768,False,1,6420.610691799434,7373.912105042026,7750.716020407953,7858.531927919899,8030.535423484133,7771.733392851987,False,2
Sonny's Express Exterior Proforma_0695w00000FT0KlAAL.xlsx,1,4099.524832318562,5398.16633308835,5609.669090917738,5624.9770549137065,5777.736907554801,5538.203608158975,False,3,4667.485652701315,5680.595489071901,5649.492892663448,5395.808914347732,5470.285256628883,5740.565442310308,False,4
Sonny's Express Exterior Proforma_0695w00000HGlE6AAL.xlsx,1,5365.357322936681,6981.045445915654,7049.469675075615,6740.887144470712,6743.567103519472,7146.384039715595,False,0,4045.6019289076353,5080.101880873897,5055.6904534984205,4771.0342509891425,4769.088688176201,5165.499431049547,False,1
Sonny's Express Exterior Proforma_0695w00000IU8STAA1.xlsx,1,8092.62559848027,10140.350177504271,10384.765779617635,10385.893583027026,10302.571451279708,10602.178278462394,True,8,8035.279988122119,10071.992304418773,10316.372515067704,10318.408389792878,10235.820787218265,10531.50774335651,True,8
Sonny's Express Exterior Proforma_0695w00000IUcprAAD.xlsx,1,3397.4586005706983,4102.4895523123005,4019.927881038038,3744.072900763189,3744.679260678328,4139.215305443811,False,8,3531.796325918833,4162.445127694588,4032.1956996370095,3712.931341661792,3709.181758650978,4178.769746618817,False,8
Sonny's Express Exterior Proforma_0695w00000IV7VYAA1.xlsx,1,6292.693597663693,7093.348785662077,7001.397686396379,6950.627728151827,6946.060257384011,7235.235715121282,False,4,5262.480438209078,6001.423098319622,5955.586899938258,5927.498971999027,5924.278473466515,6139.115474808889,False,4
Sonny's Express Exterior Proforma_0695w00000IWL8vAAH.xlsx,1,6238.2029807501385,7262.233627570648,7212.156056848468,7112.691456179025,7051.860037006933,7466.089167733743,False,1,5104.218355486909,5945.472045352043,5906.047527179707,5825.416097232687,5775.70472687146,6113.1958784612025,False,1
Sonny's Express Exterior Proforma_0695w00000JZlgYAAT.xlsx,1,5978.471913951496,6835.487033631517,6779.457061975961,6649.217911639676,6632.575347062894,6996.549038689627,False,0,6806.023192637374,7908.491580466602,7901.424772052079,7781.034726469494,7762.491365025224,8123.886986050687,False,0
Sonny's Express Exterior Proforma_0695w00000Lzv2xAAB.xlsx,1,5627.1194117221685,6910.175338462152,6954.0272436624255,6848.20331253954,6750.839807579756,7192.664665580512,False,2,5299.9926110051165,6187.7920553051035,6031.199422814734,5783.886189072745,5642.775795910819,6365.867233859127,False,2
Sonny's Express Exterior Proforma_0695w00000M2PM8AAN.xlsx,2,6620.560962882493,7684.819387736165,8131.891877766793,8946.697763034359,9511.451790505487,7894.98532798245,False,2,5404.797570698341,6120.534774920109,6348.991343876044,6853.65507810205,7223.272594984423,6250.099635961275,False,3
Sonny's Express Exterior Proforma_0695w00000M3aHzAAJ.xlsx,1,6626.792076629264,7635.7030995292125,7893.61906934018,7780.332587805035,7810.733904608797,8051.032122568201,False,0,6782.9886472566395,7842.0750534383005,8120.218177424892,8013.031220965258,8043.940597743163,8272.191009015176,False,1
Sonny's Express Exterior Proforma_0695w00000NQGu9AAH.xlsx,1,7121.483190196891,8760.981072307193,9108.90595266572,9421.154008124124,9558.944429301131,9122.799801870073,True,8,5770.091219632387,6968.1394309698335,7175.072359168734,7372.992676358925,7466.071269415042,7225.534452326121,True,9
Sonny's Express Exterior Proforma_0695w00000NQbdyAAD.xlsx,1,5016.459179762808,7049.129878137338,7272.5156789639,7054.454005001632,7020.538663610117,7315.280589786044,True,11,4960.8581328381,6948.936634373513,7159.671606450088,6936.3520193474205,6901.450360877058,7207.422526391357,True,11
Sonny's Express Exterior Proforma_0695w00000NQsShAAL.xlsx,1,6201.361985031224,7495.7470159337245,7605.982681215326,7619.152148126101,7594.058268079661,7774.244047891132,False,0,5850.1855297317825,6310.780100211665,6083.033393319788,5952.977349876506,5931.671541074487,6364.825558464815,False,1
Sonny's Express Exterior Proforma_0695w00000NRHDmAAP.xlsx,1,4415.809104297129,5330.162455146133,5792.275800497836,6072.813428413793,6264.739317307041,5652.749611707792,True,3,5547.283480398671,6430.231563750832,6836.558338775026,7042.552954434065,7249.4418458271475,6785.171607056091,True,4
Sonny's Express Exterior Proforma_0695w00000NRsyVAAT.xlsx,1,6042.447645829333,7532.36324653917,7871.75951529983,8156.079719380598,8272.659205840886,7866.479475913844,True,31,6268.837236287488,7824.785993126866,8182.668268389363,8481.773996620917,8604.058967732077,8174.222373380504,True,32
Sonny's Express Exterior Proforma_0695w00000NRw9rAAD.xlsx,1,11154.917249844915,13952.884239806885,14789.322906092057,15647.02232624624,16069.300118395227,14582.712724913175,True,4,11154.917249844952,13952.884239806932,14789.32290609211,15647.022326246297,16069.300118395282,14582.712724913228,True,4
Sonny's Express Exterior Proforma_0695w00000NS2LnAAL.xlsx,1,5688.026807468105,6995.105258467662,7308.172408951593,7616.860647362722,7764.393158482232,7283.433251223257,True,22,5522.712272074298,6543.064584537577,6704.137530372875,6898.1002020888845,7005.227669286346,6754.758471407754,True,23
Sonny's Express Exterior Proforma_0695w00000NS46vAAD.xlsx,1,6824.70684445007,9121.371128651035,8868.86157182296,8000.729899458825,7709.401433050724,9383.294240292656,True,4,6869.020829481816,8943.676231523368,8541.584154289949,7538.970947697403,7206.540084086534,9156.668925446267,True,4
Sonny's Express Exterior Proforma_0695w00000NTLEfAAP.xlsx,1,7927.481677398345,10749.44383069586,10626.645776091098,9783.537267533256,9508.731679583509,11086.640982465016,True,7,7898.022197695551,10638.5367571862,10474.20994149972,9598.19674721854,9313.862149755529,10959.316211839252,True,7
Sonny's Express Exterior Proforma_0695w00000NTSyBAAX.xlsx,1,7853.731353515291,10722.411694010008,10629.755126035883,9815.621877649915,9546.54800726045,11072.066122929,True,6,7786.119990247312,10422.967380641216,10207.229749081724,9293.439037756803,8995.182260807389,10725.345645785834,True,7
Sonny's Express Exterior Proforma_0695w00000NTTWNAA5.xlsx,1,8106.7421796131375,10860.084777721668,10680.314612594417,9778.100025930746,9490.624855468552,11176.60568754442,True,6,7809.336880648802,10513.595158685806,10370.61974787642,9527.279756642003,9257.77974974598,10829.600778483598,True,7
Sonny's Express Exterior Proforma_0695w00000OuG88AAF.xlsx,1,5292.760575787017,6728.246468685459,6730.255643467243,6381.0618949140235,6380.288037254999,6857.509799227923,False,0,4804.551508169236,5498.131354933416,5247.870077022395,4758.49121265427,4744.633675476828,5485.219549737755,False,1
Sonny's Express Exterior Proforma_0695w00000Q9fLQAAZ.xlsx,1,4278.564023115545,5518.895132323339,5578.1725108418495,5361.905803266968,5389.405028821738,5640.466699525113,False,4,4680.806374028414,5743.833994378383,5672.947147291514,5329.571979720854,5338.791760259259,5814.024845062641,False,4
Sonny's Express Exterior Proforma_0695w00000ShakSAAR.xlsx,1,5333.155249187985,6173.248580053879,5939.149262199878,5592.831941661864,5398.776669001505,6337.822995638882,False,2,5890.59008328246,6680.065790927395,6345.021996415889,5913.713889166452,5687.02641776087,6823.857417270722,True,3
Sonny's Express Exterior Proforma_069f2000005RKKcAAO.xlsx,1,6414.223839191582,7706.57402210835,8300.08293262572,8581.758355190888,8788.931454546184,8168.372401515611,False,1,6446.832462310432,7435.204228962973,7859.604315203623,8026.984148248127,8230.934447972644,7840.553081565855,False,2
Sonny's Express Exterior Proforma_069f2000005RXyRAAW.xlsx,1,6812.349105017231,7707.086476329304,7895.88337665565,7732.104094894875,7764.481796864212,8107.079473466578,False,0,5410.982487869217,6007.506638002225,6096.276720976622,5928.259586953267,5954.8786929650305,6303.603431988246,False,1
Sonny's Express Exterior Proforma_069f2000005YrmtAAC.xlsx,1,7313.166551086971,9261.065639480432,9583.854389007882,9693.18612490895,9671.1237402215,9705.140093338448,True,12,7301.366872323011,9220.13021118051,9530.922583783964,9634.981027953863,9612.899812297102,9656.35565617768,True,12
Sonny's Express Exterior Proforma_069f2000005ZqijAAC.xlsx,1,5799.3452534983435,6815.106988592618,7112.015475049634,7057.00643463767,7082.562422613984,7203.725068158916,False,0,6238.604082483852,6813.8380501944785,6855.8684369080265,6624.7644969934945,6656.344012155095,7133.917828512846,False,1
Sonny's Express Exterior Proforma_069f2000005aZWaAAM.xlsx,1,5785.816074040871,7031.556396822071,6822.087945294336,6261.087480571629,6200.044251492535,7103.734437601391,False,2,5351.732282976969,6932.966177477304,6982.295894166964,6689.684866965746,6707.82965950702,7091.3987070948315,True,3
Sonny's Express Exterior Proforma_069f2000005bE4vAAE.xlsx,1,5792.227063969938,7993.782792075734,8281.935271929267,8120.3489915561395,8158.7021822049965,8270.007616229504,True,9,5936.73951338584,8277.135144499422,8608.623252926589,8469.158390858884,8511.746196229642,8578.184053369305,True,10
Sonny's Express Exterior Proforma_069f2000005bnKZAAY.xlsx,1,6142.464798659496,7376.526368592927,7775.799608027766,7770.09882685907,7795.917082329502,7818.09006834269,False,0,4822.883972249497,5546.712013889885,5728.822039666836,5642.904100760766,5665.11223824874,5847.005315104023,False,1
Sonny's Express Exterior Proforma_069f2000007NfTCAA0.xlsx,1,6155.4309912350045,6865.646905980323,7023.239653635646,6918.318447966399,6895.49029732911,7234.693280310993,False,1,7178.301501437333,7788.581415442764,7850.672754389286,7681.960177376336,7653.430726257721,8154.394834319514,False,1
Sonny's Express Exterior Proforma_069f2000007OHDbAAO.xlsx,1,7107.0620444870665,9046.220622234656,9217.217997960066,9091.269879974514,8932.297491785073,9490.445327058102,True,3,6342.892952042993,7791.930002104546,7788.258657510357,7574.720562251136,7406.36919930647,8111.113776470662,True,3
Sonny's Express Exterior Proforma_069f2000007OO9hAAG.xlsx,1,7000.919538839455,8236.512395348707,8735.397981762293,8833.770666413204,8890.124797949129,8782.972031015699,True,5,7308.631499866642,8569.057406242035,9074.49600825493,9172.620749336122,9232.246242310988,9130.805055675257,True,5
Sonny's Express Exterior Proforma_069f2000007PSrqAAG.xlsx,1,5493.297725899071,7509.902348733103,7749.539011367905,7569.144012587713,7599.733069099807,7756.627689087414,True,10,5149.622213454587,7297.919271247457,7633.071790930991,7543.371957683827,7581.536144606918,7584.313866505005,True,11
Sonny's Express Exterior Proforma_069f2000007PVkwAAG.xlsx,1,5926.488710195431,6744.856969012356,6956.817803210038,6861.531782365752,6826.891652040583,7140.03643923173,False,1,7426.115423953329,8155.241629443903,8253.256059137979,8067.547968118001,8019.561273918186,8562.645870790911,False,1
Sonny's Express Exterior Proforma_069f2000008KdYrAAK.xlsx,1,6625.113120709807,7629.2305959082,8043.471086175528,8862.262771252148,9455.502919131004,7822.837417521663,True,4,6625.113120709807,7629.2305959082,8043.471086175528,8862.262771252148,9455.502919131004,7822.837417521663,True,4
Sonny's Express Exterior Proforma_069f200000960PmAAI.xlsx,1,5832.109915637014,6916.787424554655,7044.071096663193,7169.7931340788455,7231.359261905313,7142.306324111784,True,6,5904.607175913098,7116.2368868075755,7304.77818992857,7470.586273407539,7543.153347912667,7375.695293954426,True,7
Will Ream Proforma - Southern_069f2000004wAxRAAU.xlsx,2,11154.917249844915,13952.884239806885,15153.594903276557,16695.991270588576,17592.728091759884,14582.712724913175,True,4,11154.917249844952,13952.884239806932,15153.59490327661,16695.991270588635,17592.728091759946,14582.712724913228,True,4
