source_file,open_year,open_observed,mature_ok,mature_wash,plateau_loo,era_anchor,n_era,nmat_loo,traffic_count,pay,vac,tos,css,pay_choice,act_y1,nobs_y1,pf_y1,cs_y1,act_y2,nobs_y2,pf_y2,cs_y2,act_y3,nobs_y3,pf_y3,cs_y3,act_y4,nobs_y4,pf_y4,cs_y4,act_y5,nobs_y5,pf_y5,cs_y5,ramp_y1,ramp_y2,ramp_y3,ramp_y4,ramp_y5
Car Wash Cafe_ SONNY'S Express Proforma_069f2000004sKgFAAU.xlsx,2022.0,True,True,1571.5,4173.330520891225,2481.416666666667,8,13,29250.0,0.1,0.05,0.075,0.675,2,1821.75,12.0,4071.444340533088,3493.354868916776,2013.75,12.0,5373.800760020381,4060.816207584912,1658.75,12.0,5816.349057904412,3979.246684856869,1571.6666666666667,12.0,6029.142316120427,3847.4015521693655,1520.6666666666667,3.0,6505.127235814144,3770.213151241523,0.837066427264611,0.9730396831156605,0.9534942571495848,0.9219019516689858,0.9034063159791103
Express Exterior Proforma_0695w0000097nchAAA.xlsx,2024.0,True,True,2924.5,4836.561918855328,,0,4,32127.0,0.1,0.1,0.075,1.0499999999999998,2,2409.1666666666665,12.0,7090.948601470587,4037.2731664955018,3283.5833333333335,12.0,9359.171290760867,4703.635082261481,3676.0,4.0,10433.82437073529,4637.808043353118,,,10815.54965259146,4515.945117825588,,,11669.408835690789,4444.198232652335,0.8347403040073155,0.9725162545576783,0.9589059586464986,0.9337097702027102,0.9188754961094648
Flexserve_proforma_ Sonny's (3-mile market)_0695w00000CDfUdAAL.xlsx,2023.0,True,True,10178.5,8236.722369352772,5970.833333333334,2,3,18263.0,0.1,0.05,0.075,1.1,2,6224.666666666667,12.0,4105.2326986862745,5666.158757813932,9911.666666666666,12.0,5418.397195471015,7940.677106290902,10224.916666666666,12.0,5864.618140980393,8247.104347210077,10492.5,2.0,6079.177341260164,8080.777865273844,,,6559.112394517545,8095.119902224501,0.6879142580908879,0.9640578800903383,1.0012604501392368,0.9810671651797848,0.9828083962553908
Flexserve_proforma_ Sonny's_0695w0000097P7VAAU.xlsx,2020.0,False,True,848.5,8519.409366559228,,0,5,53173.0,0.1,0.1,0.15,1.0,2,132.75,12.0,10170.255048161764,6982.227893106142,309.8333333333333,12.0,13423.473277853262,8256.176307689306,404.3333333333333,12.0,14528.935783088236,8688.891794884834,339.9166666666667,12.0,15060.482214176827,9345.388599995124,527.9166666666666,12.0,16249.467652138155,9755.84469480582,0.8195671310869389,0.9691019591213474,1.0198936828873215,1.096952640482105,1.1451315783814668
Flexserve_proforma_ Sonny's_0695w00000APPuhAAH.xlsx,2025.0,True,False,6535.5,10779.453767734129,5519.416666666667,3,4,39410.0,0.1,0.1,0.0,1.125,2,6115.666666666667,12.0,8919.24729319853,8506.995435534669,6388.833333333333,6.0,11772.29844599185,10372.697232195633,,,12741.781847426471,10952.804449327226,,,13207.944597942078,11670.729307209263,,,14250.67706620066,12074.41553682362,0.7891861330671919,0.9622655707512722,1.016081583105072,1.0826828110848221,1.120132410880194
Flexserve_proforma_ Sonny's_069f2000005RkTVAA0.xlsx,2020.0,False,True,501.0,8601.500924500944,,0,10,18163.0,0.0,0.05,0.0,0.625,SERVICE ADVISOR(S),1064.3333333333333,12.0,2356.782801470588,6461.153216089443,974.0833333333334,12.0,3110.660529891304,8203.338842535695,757.25,12.0,3366.8325735294115,8529.288011074079,635.6666666666666,12.0,3490.0093749999996,8694.100608349005,615.9166666666666,12.0,3765.5364309210527,8715.419480726718,0.7511657875528645,0.9537101622774806,0.9916046148154015,1.0107655262332524,1.0132440323178111
KPI Sonny's Express Exterior Proforma_0695w00000ShakXAAR.xlsx,2020.0,False,True,3679.5,6551.283897939687,,0,2,10669.0,0.05,0.1,0.125,0.975,1,4831.666666666667,12.0,2144.0542034007353,5803.676006893561,6035.666666666667,12.0,2829.8852063519025,6446.624841040389,7219.5,12.0,3062.934576286765,6278.339660199433,6479.666666666667,12.0,3174.993158346037,6151.416891983768,4331.916666666667,12.0,3425.650512952303,6110.110055529699,0.8858837591695207,0.9840246494382249,0.9583372905231458,0.9389635661978146,0.9326584148568599
Magic Rabbit CW _Express_proforma_069f2000004sqLAAAY.xlsx,2021.0,True,False,3286.0,3598.04130154618,,0,7,23969.0,0.1,0.1,0.15,1.1,2,3247.4166666666665,12.0,5130.985082450981,2641.0038373971784,0.0,1.0,6772.2629193840585,3502.5071298695166,,,7329.978689215685,3563.061681477285,,,7598.148641260163,3429.1874122990903,,,8198.002481359648,3431.4838257075753,0.7340115401850069,0.9734482837549392,0.9902781493770338,0.9530706083961492,0.9537088482650184
SONNY'S Flex Proforma_069f2000007O43iAAC.xls,2023.0,True,True,2896.5,5972.4566828024335,4678.833333333333,1,3,19000.0,0.1,0.1,0.15,1.275,2,1650.0,12.0,4832.8791875,4878.800517318642,3009.1666666666665,12.0,6378.800169836956,5784.312670706563,3493.3,10.0,6904.113125,6238.345053383811,,,7156.702629573169,6975.24505194657,,,7721.7054687499985,7459.639080988382,0.8168833658295167,0.968498053298967,1.0445190956925645,1.1679021585927354,1.2490068119653777
SONNY'S Flex Proforma_069f2000007OBaAAAW.xls,2024.0,True,False,4293.5,7599.957952543044,,0,1,19885.0,0.1,0.05,0.15,1.15,2,3327.1666666666665,12.0,4637.413796715687,6272.619948452179,4468.0,8.0,6120.810135416668,7171.891851498811,,,6624.876852450982,7675.475778726263,,,6867.2503958333355,8058.16506143256,,,7409.401742872808,8342.288411680998,0.8253492963541041,0.9436752014001608,1.0099366110516375,1.0602907426265686,1.0976756008090232
Sonny's Express Exterior Proforma  (vehicle market)_0695w00000IU9N0AAL.xlsx,2022.0,True,True,2449.0,5682.086584412117,,0,1,35227.0,0.1,0.1,0.05,1.075,2,2278.6666666666665,12.0,8728.984292945772,4560.012755021132,2855.1666666666665,12.0,11521.174920813515,5484.730429706301,2811.6666666666665,12.0,12719.377112578126,5807.144648447542,2319.4444444444443,9.0,13184.720177672443,6239.724590460682,,,14225.61913906764,6508.529553462608,0.8025243345518154,0.965266957520987,1.022009179581758,1.0981396530595562,1.145447091798584
Sonny's Express Exterior Proforma (As is)_0695w00000AAGRMAA5.xlsx,2020.0,True,True,3480.5,7426.493019509199,,0,0,17032.0,0.0,-0.25,0.125,0.7750000000000001,LIVE PERSON,3111.8333333333335,12.0,2497.2442800392164,5843.772423509735,4572.333333333333,12.0,3296.0522329710147,7008.21994260389,5052.5,12.0,3567.491828627452,7382.929268914264,4254.916666666667,12.0,3698.009822357724,7374.314496343359,3912.5,12.0,3989.9579662280703,7398.953151504455,0.7868818307858502,0.9436782508505001,0.9941340077368289,0.9929740022607213,0.996291672538788
Sonny's Express Exterior Proforma (Market share)_069f2000008N6nuAAC.xlsx,2023.0,True,True,454.5,7684.587830917571,,0,0,19660.0,0.1,0.05,0.05,1.075,2,433.75,12.0,4088.399612671568,6071.783829322598,379.875,8.0,5396.179612998188,7255.036429519859,588.5,8.0,5840.570875245096,7630.09257987433,,,6054.250297510161,7612.294100684354,,,6532.217426260963,7638.104466947374,0.7901248528768006,0.94410221981334,0.9929085004632273,0.9905923737454914,0.9939510921089119
Sonny's Express Exterior Proforma (modified traffic)_0695w00000HHR0tAAH.xlsx,2020.0,False,True,3348.5,3109.991493799192,,0,5,20000.0,0.05,0.05,0.075,0.875,1,2311.4166666666665,12.0,4248.439613970587,2708.5251627140756,3250.4166666666665,12.0,5607.412533967392,2964.3834879679525,3298.0833333333335,12.0,6069.199448529412,2984.575903649549,3297.25,12.0,6291.243330792683,2899.5591766319867,3356.0833333333335,12.0,6787.920435855262,2872.9017540806403,0.8709107944875174,0.9531805774640999,0.9596733333838048,0.9323366904421532,0.9237651484927629
Sonny's Express Exterior Proforma (traffic volume)_0695w000009kd1pAAA.xlsx,2022.0,True,True,6141.5,8190.735372557412,,0,0,13694.0,0.1,0.1,0.075,1.175,2,5231.833333333333,12.0,3116.586866664216,6032.238261287191,6328.916666666667,12.0,4113.507510348732,7675.438968965035,6885.833333333333,12.0,4452.266952377451,8298.720550556134,6643.6,10.0,4615.154767708334,8436.416969761376,,,4979.509091474782,8458.364874031866,0.7364709011962294,0.9370878950235838,1.0131838196556222,1.0299950597875627,1.032674660979908
Sonny's Express Exterior Proforma (with vacs)_0695w00000JbgLSAAZ.xlsx,2020.0,False,True,5770.0,7056.750321520014,,0,0,5933.0,0.1,0.1,0.075,1.075,2,4071.6666666666665,12.0,1332.02132,5727.77988196286,5263.833333333333,12.0,1758.1026739130432,6639.146897690396,5459.166666666667,12.0,1921.9164759999996,6925.869175105231,6279.333333333333,12.0,1992.230493414634,6881.856741245482,6212.166666666667,12.0,2128.229552631579,6863.01528762823,0.8116738755083379,0.9408221341548518,0.9814530569381699,0.9752161303282642,0.972546140211171
"Sonny's Express Exterior Proforma - 1309 West Chester Pike, West Chester, PA 19382_0695w00000WqSN5AAN.xlsx",2020.0,False,True,3852.0,6526.0057069472305,,0,1,34610.0,0.1,0.1,0.05,1.125,2,3158.9166666666665,12.0,8277.818120404412,5719.747728839619,4105.666666666667,12.0,10925.691618546194,6228.009800336621,4698.833333333333,12.0,11943.709002297794,6295.269868389256,4745.333333333333,12.0,12380.673965796492,6174.767204318806,4590.25,12.0,13225.837222450657,6157.784488359434,0.8764546011277139,0.9543371673283431,0.9646436351852488,0.9461786399827209,0.9435763259912863
"Sonny's Express Exterior Proforma - 1809 E Fire Tower Rd, Greenville, NC 27858_069Uc000007cR4oIAE.xlsx",2025.0,True,False,4379.0,8719.520478149225,,0,0,15500.0,0.15,0.15,0.125,1.2500000000000002,3 OR MORE,3587.75,12.0,4114.623161764707,6795.719246121171,6824.5,6.0,5430.791440217393,8371.231263629823,,,5878.033088235296,8560.548678997924,,,6093.083079268294,8604.407632827877,,,6574.11595394737,8576.41980074725,0.7793684598999424,0.9600563797754474,0.9817682865073053,0.9867982596508815,0.9835884693704683
"Sonny's Express Exterior Proforma - 3361 Buford Drive Buford, GA 30519_069Uc00000FA06KIAT.xlsx",2025.0,True,False,11224.5,6366.518057992637,3313.041666666667,4,9,36512.0,0.1,0.1,0.125,1.1,2,10494.416666666666,12.0,8799.136952941177,5149.224124276371,14766.666666666666,3.0,11613.767717391303,6154.376541168272,,,12570.195647058825,6395.132058399569,,,13030.080853658535,6713.961479864091,,,14058.771447368425,6900.986654304822,0.8087975369538056,0.9666785651290127,1.0044944505216646,1.0545735390533084,1.0839499065963072
"Sonny's Express Exterior Proforma - 3710 Washington Rd, Augusta, GA 30907 (Revisions)_069Uc00000EVSL0IAP.xlsx",2025.0,True,False,764.0,7046.8488219873525,15223.142857142857,1,1,33208.0,0.05,0.05,0.075,0.7250000000000001,1,655.1428571428571,7.0,6441.338667647059,5619.111375449266,,,8501.766875000001,6793.954368132891,,,9201.912382352944,7047.5555643453845,,,9538.567713414635,7310.844275037995,,,10291.612532894738,7443.453779128143,0.7973934899691185,0.9641124053824757,1.0001002919710476,1.0374629085594873,1.0562811786033093
"Sonny's Express Exterior Proforma - 8909 Six Forks Rd Raleigh, NC, NC 27615_069Uc00000DMO5vIAH.xlsx",2021.0,True,True,17049.0,9629.169757624735,,0,8,32998.0,0.1,0.15,0.125,1.1250000000000002,2,9575.166666666666,12.0,7820.616987132352,7482.786051332639,15387.5,12.0,10322.242917798916,9239.621220188392,17546.75,12.0,11172.30998161765,9762.2305401247,18737.666666666668,12.0,11581.053029725612,10322.19360011352,17887.333333333332,12.0,12495.34668996711,10609.010611835723,0.7770956624175713,0.959544950681975,1.0138185104063204,1.07197129762304,1.101757563619139
"Sonny's Express Exterior Proforma -7989 North Hualapai Way, Las Vegas, NV 89166_0695w00000XImaiAAD.xlsx",2025.0,True,False,606.0,7446.987375332104,,0,1,4193.0,0.1,0.1,0.15,1.15,2,608.5833333333334,12.0,1005.412030514706,6051.006137819791,,,1327.0189843750002,7368.392162684874,,,1522.481074779412,7007.232170861639,,,1563.2930962271346,6272.583438713359,,,1686.7109722450662,6136.023546226156,0.8125441648878774,0.9894460392255298,0.9409485766113772,0.842298116348509,0.8239605140934613
"Sonny's Express Exterior Proforma 1245 Fremont St., Fenley_0695w00000QAl3eAAD.xlsx",2024.0,True,True,9962.0,7243.099284523803,,0,0,17466.0,0.1,0.1,0.15,1.325,2,6268.272727272727,11.0,4984.926271268381,5260.725193244461,9610.083333333334,12.0,6579.483432574728,7039.41701006709,10885.0,2.0,7263.749709562498,7186.956290090275,,,7455.678055546875,6939.409019462434,,,8044.28421782689,6946.234968082427,0.7263085851225255,0.971879127089709,0.9922487608925246,0.9580717793403359,0.9590141864994616
Sonny's Express Exterior Proforma 1250 W Orem Drive Houston 65_0695w00000WNyLRAA1.xlsx,2025.0,True,False,10234.5,8637.787284451297,7636.125,5,9,28778.0,0.1,0.1,0.15,1.2500000000000002,2,9838.375,8.0,7622.731452205883,6503.023739584421,,,10061.058593750004,8241.23385862463,,,11216.304851102945,8393.945327087175,,,11626.65746760671,8290.741512050508,,,12422.7597162829,8156.07337946189,0.7528575925098757,0.9540908553582357,0.9717703215726258,0.9598223756881004,0.9442317934991835
"Sonny's Express Exterior Proforma 13020 US-1, Sebastian_0695w00000RVGPpAAP.xlsx",2023.0,True,True,6673.0,8718.679409775123,,0,0,23994.0,0.1,0.05,0.05,0.975,2,4386.583333333333,12.0,4915.78177665441,7119.5140363221435,5774.333333333333,12.0,6488.221289062501,8443.432195494328,6341.181818181818,11.0,7162.996303124998,8499.27408913536,,,7352.262465605944,8484.021878808366,,,7932.704239206414,8455.717251475464,0.8165816979507191,0.9684301714348854,0.9748350282963987,0.9730856566759795,0.9698392215219162
"Sonny's Express Exterior Proforma 13106 Valley Blvd., La Puente_0695w00000QAu7fAAD.xlsx",2025.0,True,False,3798.5,7577.272222864197,12937.416666666668,2,5,34130.0,0.1,0.1,0.15,1.15,2,3258.25,12.0,7225.327901286765,5840.814536759913,4589.0,3.0,9536.535273437505,7432.919175837173,,,10425.11597185662,7347.034110036077,,,10699.527379954272,6844.486289079391,,,11544.22690995066,6769.871279455208,0.770833403495182,0.9809492066826577,0.9696146441547417,0.9032915919829769,0.8934443794994352
"Sonny's Express Exterior Proforma 1360 Lee St., Des Plaines_0695w00000Sjfk7AAB.xlsx",2024.0,True,False,18828.0,8163.1206572344445,,0,0,17430.0,0.15,0.1,0.075,1.05,3 OR MORE,18084.916666666668,12.0,3951.078538235294,6887.510043219428,22078.285714285714,7.0,5214.93285326087,7955.289581807188,,,5644.397911764706,7916.399035786828,,,5850.900274390243,7861.738545629101,,,6312.8134539473685,7835.019234022231,0.8437349308460208,0.9745402421262671,0.9697760658200043,0.9630800371254775,0.9598068634546718
"Sonny's Express Exterior Proforma 14537 Sherman Way, Los Angeles_0695w00000QAXd4AAH.xlsx",2024.0,True,True,18770.0,15850.55489971475,,0,5,34622.0,0.1,0.1,0.15,1.05,2,20338.333333333332,12.0,7564.264838272058,10255.204627970015,20712.583333333332,12.0,9983.889926290762,15148.723401130432,18770.0,2.0,10914.153552363972,16335.037300525946,,,11313.451853060214,16920.21117620696,,,12085.761489720397,17410.36253495941,0.646993413975341,0.9557219603335811,1.0305656428987173,1.067483837837845,1.098407131177012
"Sonny's Express Exterior Proforma 1623 S Poinciana Blvd. Kissimmee, FL 34758_0695w00000WO90ZAAT.xlsx",2023.0,True,True,13121.0,12046.994319435677,12397.083333333334,1,6,15673.0,0.15,0.1,0.15,1.325,3 OR MORE,10303.416666666666,12.0,4417.395435340072,9244.355746842257,13994.0,12.0,5830.41322987432,11533.234968001738,14870.0,3.0,6562.987503933822,12197.643788377209,,,6737.682410523055,12891.199971099522,,,7269.604706090665,13239.38245998796,0.7673578572149019,0.9573537317432714,1.0125051498279938,1.0700760396559557,1.0989780611607476
Sonny's Express Exterior Proforma 172 Freemans Bridge Rd Scotia_0695w00000QBiivAAD.xlsx,2020.0,False,True,1843.0,6117.917762240236,,0,1,12236.0,0.1,0.1,0.075,1.075,2,1749.3636363636363,11.0,2800.326011617646,5469.654093892619,1908.75,12.0,3696.0824687499994,5860.999798707112,1722.8333333333333,12.0,4040.470388191175,6223.056567096311,1556.3333333333333,12.0,4146.824233231707,6684.646442025217,1685.3333333333333,12.0,4474.205093749999,7065.579040867199,0.8940385121963068,0.9580056526554148,1.017185390347185,1.0926342428600182,1.1548993163124757
"Sonny's Express Exterior Proforma 231 MacCorkle Ave SW, South Charleston, WV 25303_0695w00000VmTqVAAV.xlsx",2024.0,True,False,5778.5,7405.533147319868,,0,2,19504.0,0.1,0.1,0.15,1.2,2,4084.25,12.0,4906.997018823528,5757.68226798869,6425.777777777777,9.0,6476.6264999999985,7106.588782223805,,,7009.995741176469,7716.158559301192,,,7266.458999999999,8548.004560327943,,,7840.126815789473,9048.310084959654,0.7774838291112707,0.9596322966693824,1.0419450437668683,1.1542726756170887,1.2218310153988472
"Sonny's Express Exterior Proforma 2416 Dempster St., Evanston_0695w00000SjPaGAAV.xlsx",2022.0,True,True,3303.5,6435.7699834897385,,0,0,12464.0,0.05,0.05,0.05,0.925,1,2319.5833333333335,12.0,2481.1855682352934,5678.036624361062,2305.6666666666665,12.0,3274.8567282608697,6153.545912925781,3131.75,12.0,3579.996319882353,6349.907459222824,3730.909090909091,11.0,3674.2295,6483.092192507796,,,3964.30025,6767.013102245769,0.8822622062204588,0.9561475827619736,0.9866585467648494,1.007352998808139,1.0514690735694094
Sonny's Express Exterior Proforma 28 Ferry Road_0695w00000Si8m7AAB.xlsx,2025.0,True,False,0.0,5245.762924108301,9178.285714285714,9,9,18081.0,0.1,0.1,0.15,1.2000000000000002,2,610.5714285714286,7.0,4678.139673529412,4601.710937317377,,,6174.563233695652,5149.940520952741,,,6683.05667647059,5162.195073543859,,,6927.558750000001,5232.321488163697,,,7474.471282894738,5349.9379473059635,0.8772243435114058,0.9817333713814662,0.9840694572413129,0.9974376585181097,1.0198588889175486
"Sonny's Express Exterior Proforma 3111 Teays Valley Rd., Hurricane_0695w00000Q8kRHAAZ.xlsx",2023.0,True,True,5369.5,8460.426625000724,,0,2,14583.0,0.1,0.05,0.075,1.1,2,2920.1666666666665,12.0,3446.28458382353,6893.286862761049,4424.5,12.0,4548.667540760871,8189.87996951324,5846.777777777777,9.0,4923.263691176471,8748.318291152516,,,5103.383094512196,9623.471664579682,,,5506.281759868422,10185.925379962608,0.8147682343099878,0.9680221024920879,1.034028031789918,1.1374688406542215,1.2039493788484616
"Sonny's Express Exterior Proforma 35952 US Hwy 19 N, Palm Harbor, FL 34684_0695w00000Y5LyUAAV.xlsx",2024.0,True,False,10942.0,8815.79899624683,14165.583333333334,1,3,68640.0,0.15,0.15,0.05,0.925,3 OR MORE,9070.25,12.0,13542.47011764706,6650.163942113769,12960.5,8.0,17874.378260869566,8414.026106816573,,,19152.922023529412,8768.999798487617,,,19853.63868292683,8975.673314292386,,,21421.03121052632,9021.422766187896,0.7543461398047935,0.9544258110239011,0.9946914400181838,1.0181349776819573,1.0233244621421844
"Sonny's Express Exterior Proforma 3893 McCoy Rd, Orlando, FL 32812 (traffic volume)_0695w00000WO8AHAA1.xlsx",2020.0,True,True,9846.5,13637.745276719004,,0,9,11674.0,0.1,0.1,0.075,1.1,2,7121.333333333333,12.0,2738.1027938970587,9819.723483139556,12273.666666666666,12.0,3613.955550951087,12910.938043786511,13097.833333333334,12.0,3989.80692825,13574.307414531242,12792.416666666666,12.0,4095.228656028963,13889.19554056864,11202.583333333334,12.0,4418.536181504934,13918.198576743904,0.7200401007564503,0.9467062026614307,0.9953483614116142,1.018437817890534,1.0205644917348369
"Sonny's Express Exterior Proforma 3972 Teays Valley Rd., Hurricane_0695w00000Q8nOVAAZ.xlsx",2023.0,True,True,6973.5,8343.902687206286,,0,2,24938.0,0.1,0.1,0.125,1.15,2,3876.0833333333335,12.0,6204.678919558824,6738.325175320529,6558.916666666667,12.0,8189.405406250003,8063.576031815631,7409.1,10.0,8952.46529822059,8740.062610838942,,,9188.113382621954,9805.953616344728,,,9913.490754934212,10498.709725459215,0.8075747558336711,0.9664034126595843,1.0474789721888882,1.1752238711245047,1.2582493012001323
"Sonny's Express Exterior Proforma 4300 Clinton Hwy, Knoxville_0695w00000RUh2HAAT.xlsx",2025.0,True,False,1941.5,5570.751143397088,,0,0,27683.0,0.1,0.1,0.075,1.025,2,2083.8,10.0,5892.751972573528,4367.922186092902,,,7777.700584918476,5354.142999581454,,,8502.399274713234,5942.583862878309,,,8726.20065625,6877.333994698595,,,9415.111234375,7505.458965447127,0.7840813695779828,0.9611168874286594,1.0667473218440118,1.2345433887941983,1.3472974778891738
"Sonny's Express Exterior Proforma 45430 Schenherr Rd., Shelby Twp._0695w00000Q9YSoAAN.xlsx",2020.0,False,True,2165.5,3495.156466069802,,0,3,36679.0,0.1,0.1,0.075,1.025,2,2702.818181818182,11.0,8083.728973134189,2927.2457964533187,2703.9166666666665,12.0,10669.518054602582,3321.4389909572583,2164.0,1.0,11663.666089807906,3487.315254792976,,,12090.38558089844,3563.465858416344,,,12915.732381887336,3669.6942305522266,0.837514951010167,0.9502976542541217,0.9977565492838599,1.019544015556864,1.0499370389213754
"Sonny's Express Exterior Proforma 5001 Collin McKinney Pkwy., McKinney, TX_0695w00000U9kNNAAZ.xlsx",2023.0,True,True,5632.5,10907.237897037572,8664.416666666666,3,8,25332.0,0.1,0.1,0.15,1.15,2,2650.75,12.0,6416.739489485294,8437.250998057929,4925.333333333333,12.0,8469.299015625,10457.273045396416,5828.333333333333,12.0,9716.776941220587,10961.479082564998,4996.666666666667,3.0,9977.247376943598,11470.73693563803,,,10764.924801439143,11722.93744118206,0.7735460689226833,0.9587462145880794,1.0049729533764142,1.051662853961726,1.07478516117871
"Sonny's Express Exterior Proforma 510 E Broadway, Louisville, KY_0695w00000U7IlyAAF.xlsx",2023.0,True,True,3804.5,6055.921576659653,8277.791666666668,2,4,18884.0,0.1,0.05,0.075,1.025,2,965.75,12.0,4019.500535183824,4879.145697914383,2605.0,12.0,5305.241389605979,5729.725532180389,3931.5,12.0,5856.986494125001,6140.998913570466,3807.5,2.0,6071.266487812501,6374.2060195319755,,,6550.577000008226,6573.21314779289,0.8056817837138571,0.9461360190434982,1.0140486193280167,1.0525575569041439,1.085419133089
"Sonny's Express Exterior Proforma 5958 N Main St., Joplin, MO_0695w00000SiquUAAR.xlsx",2024.0,True,False,3314.5,6271.953254428476,,0,0,25915.0,0.1,0.1,0.125,1.3,2,3023.0,11.0,7188.373204044117,4697.2000375405905,3404.8888888888887,9.0,9487.759663722827,5887.580253311204,,,10371.795622977945,6941.448255118525,,,10751.251560403964,8173.3569203316865,,,11600.034578330597,8989.137417467033,0.748921404065633,0.9387155826064432,1.1067442586912355,1.3031597317088859,1.4332277446615245
"Sonny's Express Exterior Proforma 710 Jamacha Rd., El Cajon_0695w00000Sia3PAAR.xlsx",2024.0,True,False,3147.5,5872.361114974621,3146.0,1,3,41930.0,0.1,0.1,0.15,1.15,2,1979.8181818181818,11.0,10344.500970588237,4406.592261418593,3656.125,8.0,13653.456250000005,5736.038926602264,,,14777.858529411766,5744.638612089588,,,15318.511890243904,5436.373557475793,,,16527.86809210527,5404.309690090311,0.7503953137659922,0.9767857960872445,0.9782502301230523,0.9257560035967386,0.9202958715037516
"Sonny's Express Exterior Proforma 7326 Reseda Blvd., Reseda_0695w00000QAYyrAAH.xlsx",2024.0,True,True,16731.5,15160.203280186632,,0,5,39080.0,0.1,0.1,0.075,0.825,2,15362.25,12.0,6946.762022426469,9799.01411705003,18316.75,12.0,9168.862917798911,14486.996316939774,16084.666666666666,3.0,10023.185203786765,15404.970267283526,,,10389.88710148628,15567.018812454948,,,11099.14984786184,15770.766485589407,0.6463642957780575,0.9555938036710435,1.0161453631309014,1.0268344378205005,1.0402740777361963
"Sonny's Express Exterior Proforma 9520 Cullen Blvd., Houston_0695w00000Sho0XAAR.xlsx",2023.0,True,True,7787.5,9973.02618121304,4215.333333333333,3,7,23131.0,0.15,0.1,0.075,1.15,3 OR MORE,5137.583333333333,12.0,5516.241336194853,7639.358957170968,7470.166666666667,12.0,7280.753316406249,9544.671301208567,7748.916666666667,12.0,7959.148213652574,9662.37428558288,,,8250.336562932544,9511.247043054853,,,8813.54348828125,9350.210149112494,0.7660020958895926,0.9570486558221017,0.9688507891200208,0.9536971898230774,0.9375499451436524
"Sonny's Express Exterior Proforma Buford Dr., Buford_0695w00000OxYTfAAN.xlsx",2024.0,True,False,4340.0,8105.913380806307,8866.666666666666,7,15,34038.0,0.1,0.1,0.075,1.025,2,4566.333333333333,12.0,7601.340193511028,6168.486979816397,4290.181818181818,11.0,10032.82478957201,7748.604193639128,,,11402.010290266544,7960.827946998567,,,11819.157008203125,7990.443459416037,,,12630.798366661184,7941.5284370291565,0.7609860468559323,0.9559199351903713,0.9821012849518869,0.9857548537758019,0.9797203675817223
"Sonny's Express Exterior Proforma Cirby Way, Roseville_0695w00000OxyMQAAZ.xlsx",2025.0,True,False,5722.0,6863.659565925994,,0,0,17364.0,0.15,0.15,0.075,1.1750000000000005,3 OR MORE,4341.083333333333,12.0,4423.290358014707,5276.457321443486,6009.666666666667,6.0,5838.193795516306,6729.992298966005,,,6382.176087992649,6741.289126734064,,,6550.16864862805,6399.526836345419,,,7067.287226151318,6399.240361480428,0.7687527725934971,0.9805253646868549,0.9821712545593859,0.9323782415018484,0.9323365035831421
Sonny's Express Exterior Proforma Fischer Park Dr._0695w00000OwhmfAAB.xlsx,2024.0,True,False,9770.5,5917.873007817742,7719.75,2,4,35572.0,0.1,0.1,0.075,0.925,2,6600.583333333333,12.0,7196.332320625002,4934.980761580788,10482.4,10.0,9498.264708899456,5754.123656099204,,,10486.084238625,5801.988805253561,,,10763.155570133384,5861.542908332987,,,11612.878378301808,5896.419652709293,0.8339112304474064,0.9723296948916919,0.9804179301564778,0.990481360547896,0.996374819959788
Sonny's Express Exterior Proforma Update_0695w00000HJAnSAAX.xlsx,2021.0,True,True,6332.5,6087.967993995477,,0,0,25042.0,0.1,0.1,0.075,0.975,2,5542.0,12.0,4922.17173977941,5256.291682384993,5616.5,12.0,6496.655246603262,5805.97569137916,6159.833333333333,12.0,7172.30739225,5876.242072472963,5933.416666666667,12.0,7434.708882210366,5703.131643127818,7036.375,8.0,8021.6595834375,5729.225060469499,0.8633901636094735,0.9536803900916621,0.9652222347864939,0.9367873892820692,0.9410734527711375
"Sonny's Express Exterior Proforma _3373 SE Federal Hwy, Stuart, FL 34997_069Uc0000038IUHIA2.xlsx",2025.0,True,False,6048.0,8740.225519094036,8415.916666666666,3,2,45496.0,0.15,0.15,0.075,1.1,3 OR MORE,4538.833333333333,12.0,11755.050911676472,7329.226651407622,4999.5,2.0,15515.206948641307,8507.52894829062,,,17128.788471300002,8289.769189494184,,,17581.378410582318,7934.37599169225,,,18969.3819693125,7728.802565665147,0.8385626475422261,0.9733763653700852,0.9484617040354647,0.9077999159585397,0.8842795358976359
Sonny's Express Exterior Proforma_0695w0000097m9tAAA.xlsx,2020.0,False,True,20066.0,11287.048719902185,,0,2,34673.0,0.1,0.05,0.15,1.1,2,11750.166666666666,12.0,7228.442202316176,8509.8261628374,17015.416666666668,12.0,9540.645763926632,11033.19303298602,20149.5,12.0,10429.609463341912,11189.564024003816,20075.833333333332,12.0,10811.180541269056,10788.210947905942,19959.333333333332,12.0,11664.69479452714,10853.376473177408,0.7539460822767803,0.9775091174658841,0.991363136784687,0.9558044104907022,0.9615778882959819
Sonny's Express Exterior Proforma_0695w0000097obzAAA.xlsx,2020.0,False,True,2776.0,5591.596707656516,,0,2,25702.0,0.1,0.05,0.05,1.1,2,2493.0833333333335,12.0,5658.833278137256,5193.5338345655,3851.5,12.0,7468.956966485509,5556.280787386535,3655.0833333333335,12.0,8084.047540196079,5308.417231794624,3628.0833333333335,12.0,8379.805377032522,5144.840858379535,3052.4166666666665,12.0,9041.368959429825,5102.227788371526,0.9288105180142995,0.9936841081150178,0.9493562410403925,0.9201022762129389,0.9124813635763642
Sonny's Express Exterior Proforma_0695w0000097tEHAAY.xlsx,2023.0,True,True,18425.0,10144.734182011216,2865.1666666666665,1,4,43116.0,0.1,0.1,0.05,1.0,2,15941.416666666666,12.0,8920.763805882352,7787.631726058527,17738.583333333332,12.0,11774.300054347828,9712.771996508369,17738.166666666668,12.0,12871.387777058824,10822.407253151969,20283.5,4.0,13342.29220792683,12455.355651197991,,,14395.63106644737,13498.829798924024,0.7676526152718387,0.957420058746457,1.0668004758904783,1.2277656001360786,1.3306242979594611
Sonny's Express Exterior Proforma_0695w0000097wpaAAA.xlsx,2020.0,True,True,11070.0,11061.136368003898,,0,9,24621.0,0.15,0.15,0.125,1.25,3 OR MORE,8869.583333333334,12.0,5662.105852941176,8116.913267284478,12365.083333333334,12.0,7473.276358695653,10505.95133162982,13955.0,12.0,8250.497100000002,10946.742851873942,12245.916666666666,12.0,8552.34455487805,11127.0323399629,11536.166666666666,12.0,9227.52965131579,11125.375213942976,0.7338227282654199,0.9498075949971977,0.9896580683643991,1.0059574323800597,1.0058076172105517
Sonny's Express Exterior Proforma_0695w000009med9AAA.xlsx,2025.0,True,False,16761.0,7565.146817241549,,0,0,20078.0,0.1,0.1,0.075,1.025,2,16736.75,12.0,4477.289181029412,5769.4771594561025,17639.0,1.0,5909.465533967392,7408.396740425475,,,6524.0499494999995,7441.250961706101,,,6762.73470375,7081.575929171177,,,7296.634811940789,7082.332575399506,0.762639152793046,0.9792799689678423,0.9836228088458139,0.9360791138952814,0.9361791312837878
Sonny's Express Exterior Proforma_0695w000009mphMAAQ.xlsx,2023.0,True,True,7975.5,11537.82046275747,10.25,3,12,35430.0,0.1,0.1,0.15,1.15,2,6621.75,12.0,8173.092046875,8512.550383642842,8469.583333333334,12.0,10787.4662109375,10969.023492753571,9111.416666666666,12.0,11675.84578125,11685.450028151605,7092.833333333333,6.0,12103.010870807928,12290.44412252,,,13058.511729029606,12538.835250577353,0.7377953584145469,0.9507015235815205,1.0127952732381875,1.065231008074003,1.0867594352894485
Sonny's Express Exterior Proforma_0695w000009mpupAAA.xlsx,2022.0,True,True,3259.0,7156.959197807139,,0,0,13981.0,0.05,0.05,0.05,0.9000000000000001,1,3041.5,12.0,2724.854751397059,5866.400386221899,2946.0,12.0,3596.469780570653,6936.001367811532,2963.5,12.0,3892.649644852942,7392.540838500172,3045.3333333333335,9.0,4035.063656250001,8159.829770730362,,,4353.621313322369,8678.333624218643,0.8196777743289829,0.9691268562683286,1.03291644316838,1.1401252326868787,1.2125727399532538
Sonny's Express Exterior Proforma_0695w000009ncIkAAI.xlsx,2024.0,True,False,7971.5,9495.646362681824,15119.666666666666,3,10,50556.0,0.1,0.1,0.075,0.975,2,8080.833333333333,12.0,9959.360072426469,6331.66551920562,7307.111111111111,9.0,13145.118108016302,9113.50407450814,,,14369.933818786769,9547.497821487788,,,14895.663104839938,9421.28951232028,,,16071.636507853618,9436.868381149854,0.6667966852777137,0.9597560530818087,1.005460550743522,0.9921693745194883,0.9938100073141972
Sonny's Express Exterior Proforma_0695w00000A9eDQAAZ.xlsx,2023.0,True,True,18178.5,9099.209987031523,,0,0,20640.0,0.1,0.1,0.15,1.1,2,12442.416666666666,12.0,4689.778305882353,7000.201632240529,16980.416666666668,12.0,6189.924782608697,8715.179581751778,18217.833333333332,12.0,6699.683294117648,8950.35131894133,21778.0,4.0,6944.793658536587,9012.777445635662,,,7493.066842105264,8983.660928988696,0.7693197148123225,0.957795192568687,0.9836404843604718,0.9905010938840793,0.9873011988724834
Sonny's Express Exterior Proforma_0695w00000AA9l6AAD.xlsx,2022.0,True,True,4555.5,7397.095535277145,,0,0,18949.0,0.1,0.05,0.075,1.15,2,4599.833333333333,12.0,4601.53196742647,5407.15497313001,6781.25,12.0,6073.450578125,7196.127188174859,5650.5,12.0,6705.089438249998,7331.548330720943,4694.333333333333,12.0,6950.397588429877,7066.014926243745,4986.0,1.0,7499.1131875164465,7072.184179589051,0.7309835255395849,0.9728314517307696,0.9911387916725418,0.9552418097813583,0.9560758200108983
Sonny's Express Exterior Proforma_0695w00000AAVe5AAH.xlsx,2023.0,True,True,14962.0,10129.92437813315,,0,4,40502.0,0.1,0.1,0.15,1.25,2,10929.833333333334,12.0,10265.00482077206,7683.988586054845,14329.416666666666,12.0,13548.531207540762,9677.829047094476,15869.25,8.0,14957.578453124996,10840.388183766949,,,15504.806933117376,12515.643715242692,,,16728.870638363485,13574.1323394507,0.758543528976564,0.9553703152992351,1.070135153937322,1.235512057943833,1.3400033240872313
Sonny's Express Exterior Proforma_0695w00000AOKRXAA5.xlsx,2024.0,True,False,5591.5,15015.241322171403,,0,6,55269.0,0.1,0.05,0.075,1.075,2,53.0,2.0,11659.398383795957,9857.19452640092,6273.2,10.0,15388.957494140624,14379.410523784249,,,16656.283405422797,15255.051859531066,,,17265.659627572408,15460.82108985114,,,18628.738019222863,15735.683970632634,0.6564792609657131,0.9576543070640968,1.015971141070211,1.0296751652616996,1.0479807572188287
Sonny's Express Exterior Proforma_0695w00000AP7usAAD.xlsx,2021.0,True,True,3283.5,8765.414165765362,,0,6,48996.0,0.0,0.1,0.075,1.0,LIVE PERSON,1968.9166666666667,12.0,9805.754415882351,6365.427662563919,2910.4166666666665,12.0,12942.377722826088,8518.725899011182,3679.1666666666665,12.0,14008.220594117647,8545.225104839485,3514.75,12.0,14520.716469512196,8041.426013230862,3305.0833333333335,12.0,15667.08882236842,7925.921006962243,0.7261981627091906,0.9718566331163612,0.974879788135299,0.9174039995323731,0.9042266408720441
Sonny's Express Exterior Proforma_0695w00000CDgIcAAL.xlsx,2020.0,False,False,0.0,6049.448200054524,,0,6,37666.0,0.1,0.1,0.075,0.95,2,12467.916666666666,12.0,7025.44200990196,4120.501730076341,12543.0,12.0,9272.710727355072,5823.6661751420215,888.25,8.0,10036.345728431372,6023.908248747368,,,10403.529108739836,5846.015001903169,,,11224.860354166663,5815.396737518818,0.6811367903008415,0.9626772529583,0.99577813538317,0.9663716108603886,0.9613102790873395
Sonny's Express Exterior Proforma_0695w00000CE2D0AAL.xlsx,2025.0,True,False,2093.0,7384.824588979415,,0,0,10005.0,0.05,-0.25,0.125,0.8,1,2039.9166666666667,12.0,1547.1939947058827,5768.849895916405,2138.0,1.0,2042.1038750000005,6963.390008449388,,,2232.379906647059,7357.427453752328,,,2314.0523422560977,7363.881719594233,,,2472.020480263158,7387.848822580028,0.7811762928703039,0.9429323505992347,0.9962900763725691,0.997164066778724,1.000409520031813
Sonny's Express Exterior Proforma_0695w00000CFRZEAA5.xlsx,2022.0,True,True,2276.0,3290.0014799068554,3240.875,4,4,25596.0,0.05,0.05,0.075,0.8000000000000003,1,2684.0,12.0,4188.549515294119,2961.956455747652,2866.0833333333335,12.0,5528.365043478262,3156.1311521772363,2625.75,12.0,5983.642164705884,3149.694058381215,2250.5555555555557,9.0,6202.555902439027,3068.012640498983,,,6692.231368421056,3055.8536908931633,0.9002903110643917,0.9593099490844579,0.957353386500722,0.9325262189808627,0.928830491279803
Sonny's Express Exterior Proforma_0695w00000D8SHiAAN.xlsx,2020.0,True,True,7312.5,8705.079082945807,,0,11,26100.0,0.15,0.1,0.075,1.15,3 OR MORE,7426.5,12.0,6618.925455882352,6512.149007319026,9485.833333333334,12.0,8736.159374999997,8296.08986908554,9068.416666666666,12.0,10495.724651470588,8805.369608831394,9288.583333333334,12.0,10879.714577743902,9259.061675698407,8015.416666666667,12.0,11738.639412828948,9456.431153953628,0.7480861397430646,0.9530171742309014,1.0115209207096196,1.0636390074661024,1.0863119178870875
Sonny's Express Exterior Proforma_0695w00000D8vi4AAB.xlsx,2025.0,True,False,4595.0,6426.810872440843,,0,1,21841.0,0.1,0.1,0.075,1.075,2,4231.714285714285,7.0,4928.188786397059,5449.091493996304,,,6504.597000679347,6116.082418895952,,,7040.269694852941,6434.6570821306805,,,7297.840537347561,6666.174789249136,,,7873.985842927631,6953.755676954427,0.8478686555664566,0.9516512217782318,1.0012208558561266,1.0372445870213363,1.081991646397003
Sonny's Express Exterior Proforma_0695w00000DyF6PAAV.xlsx,2021.0,True,True,4180.0,9689.199592726629,,0,9,24297.0,0.1,0.1,0.15,1.2,2,4548.0,12.0,6179.04510485294,7257.358190200755,4703.083333333333,12.0,8155.571955163042,9235.999323793914,5003.5,12.0,8915.479365573528,9626.259805650518,4231.916666666667,12.0,9150.153900914633,9826.664699380552,4418.333333333333,12.0,9872.534472039471,9854.88251523928,0.7490152432868264,0.9532262428288796,0.9935041293686057,1.0141874574198175,1.0170997532796233
Sonny's Express Exterior Proforma_0695w00000DzJq4AAF.xlsx,2020.0,True,True,2229.0,8693.738042368825,,0,2,39007.0,0.1,0.1,0.075,0.875,2,2457.5,12.0,7263.1034,7058.658381655557,4189.25,12.0,9586.394239130435,8410.167315241843,5888.083333333333,12.0,10583.379240000002,8453.29698059054,6547.5,12.0,10863.021374390246,8399.280158108464,6352.416666666667,12.0,11720.628325,8343.362531131914,0.8119244388610828,0.9673821863800124,0.9723431899366535,0.9661298876472556,0.9596979447126932
Sonny's Express Exterior Proforma_0695w00000EPxlQAAT.xlsx,2022.0,True,True,24086.0,11381.620867271127,12186.708333333332,2,2,51924.0,0.1,0.1,0.15,1.05,2,8950.0,12.0,11942.850251911766,8464.40412005804,19776.166666666668,12.0,15763.078748641305,11101.860439973709,23692.083333333332,12.0,17061.214645588236,11300.51520542751,24294.25,8.0,17685.405425304878,10933.972509717163,,,19081.621643092105,10998.01616212421,0.7436905708569325,0.9754199836244858,0.9928739796563735,0.9606691909022188,0.9662961269207264
Sonny's Express Exterior Proforma_0695w00000EwmfXAAR.xlsx,2022.0,True,True,4832.0,5549.806330258204,2361.8333333333335,1,1,10789.0,0.1,0.1,0.125,1.2,2,3722.0,12.0,2621.236735147059,4877.765737489161,3950.4166666666665,12.0,3459.7068709239124,5452.433932285317,4278.583333333333,12.0,3931.855102720588,5345.701055135826,4686.833333333333,12.0,4036.887236707316,5272.978326727384,4508.0,6.0,4355.588860657895,5254.620424208553,0.8789073793251131,0.9824548115414403,0.9632229914024979,0.9501193398368659,0.9468114942245349
Sonny's Express Exterior Proforma_0695w00000FIVssAAH.xlsx,2022.0,True,True,9407.0,8455.505358459768,,0,1,31463.0,0.1,0.1,0.075,1.175,2,7173.916666666667,12.0,7108.64696275245,6371.0535293061685,8996.666666666666,12.0,9382.530929098732,7942.353675509531,9331.416666666666,12.0,10155.209946789217,8661.040038411045,9752.25,12.0,10526.74201801321,8996.960821051813,10833.5,4.0,11357.800598382675,9174.05110382709,0.7534799233415307,0.9393115300392038,1.0243077937081122,1.064035848791736,1.0849796333755988
Sonny's Express Exterior Proforma_0695w00000FT0KlAAL.xlsx,2022.0,True,True,3499.5,5538.203608158975,17506.5,1,3,15592.0,0.1,0.15,0.15,1.125,2,1895.5454545454545,11.0,3679.095772058823,4099.524832318562,3286.5,12.0,4855.949388586957,5398.16633308835,3755.6666666666665,12.0,5466.085147058824,5609.669090917738,3904.6666666666665,12.0,5666.063871951221,5624.9770549137065,3823.0,2.0,6113.384703947369,5777.736907554801,0.7402264565136379,0.9747143144278193,1.0129040908957336,1.0156681575641053,1.0432510821817642
Sonny's Express Exterior Proforma_0695w00000HGlE6AAL.xlsx,2021.0,True,True,41.0,7146.384039715595,,0,0,19130.0,0.1,0.1,0.15,1.2250000000000003,2,6600.833333333333,12.0,5223.116103097427,5365.357322936681,6968.083333333333,12.0,6893.864421790084,6981.045445915654,6926.833333333333,12.0,7610.826321656252,7049.469675075615,397.0,9.0,7811.925391130909,6740.887144470712,,,8428.656343062297,6743.567103519472,0.7507793162414774,0.9768640206178284,0.9864386850606707,0.9432584516881043,0.9436334607883523
Sonny's Express Exterior Proforma_0695w00000IU8STAA1.xlsx,2024.0,True,False,7624.5,10602.178278462394,8733.75,3,8,18598.0,0.1,0.1,0.075,1.025,2,4526.916666666667,12.0,4564.73481165625,8092.62559848027,8868.75,8.0,6024.8829035835615,10140.350177504271,,,6651.470725556251,10384.765779617635,,,6827.2209683046885,10385.893583027026,,,7366.212097381373,10302.571451279708,0.7632983888716426,0.9564402626678807,0.9794936009247819,0.9795999756130553,0.9717410121473512
Sonny's Express Exterior Proforma_0695w00000IUcprAAD.xlsx,2021.0,True,False,539.0,4139.215305443811,,0,8,31594.0,0.1,0.1,0.075,0.775,2,737.0,12.0,5732.778400613971,3397.4586005706983,427.875,8.0,7566.555342425272,4102.4895523123005,,,8353.477098037501,4019.927881038038,,,8574.199053879953,3744.072900763189,,,9251.109505502056,3744.679260678328,0.8207977478490742,0.991127363420016,0.9711811501448381,0.9045368806592546,0.9046833721728372
Sonny's Express Exterior Proforma_0695w00000IV7VYAA1.xlsx,2020.0,False,False,2265.0,7235.235715121282,,0,4,39503.0,0.1,0.05,0.075,0.875,2,2385.5,12.0,7503.022032294731,6292.693597663693,3148.25,4.0,9903.057030202674,7093.348785662077,,,10397.04481617984,7001.397686396379,,,10888.53197369601,6950.627728151827,,,11748.1529189878,6946.060257384011,0.8697288997112116,0.9803894530813048,0.9676806619808954,0.960663619241231,0.9600323376980091
Sonny's Express Exterior Proforma_0695w00000IWL8vAAH.xlsx,2020.0,False,False,792.0,7466.089167733743,,0,1,26995.0,0.1,0.05,0.15,1.1,2,996.0,11.0,6269.469654411765,6238.2029807501385,1108.4,5.0,8274.921127717393,7262.233627570648,,,8956.385220588238,7212.156056848468,,,9284.057850609755,7112.691456179025,,,10017.009786184211,7051.860037006933,0.8355382370344343,0.9726958069233758,0.9659884706463593,0.9526662883853572,0.944518593145527
Sonny's Express Exterior Proforma_0695w00000JZlgYAAT.xlsx,2025.0,True,False,5985.5,6996.549038689627,,0,0,17860.0,0.1,0.1,0.125,1.1,2,5080.5,12.0,4318.999752941177,5978.471913951496,,,5700.543152173915,6835.487033631517,,,6231.699643529412,6779.457061975961,,,6459.688654878049,6649.217911639676,,,6969.664075000001,6632.575347062894,0.8544886744724647,0.9769797932998873,0.9689715636218387,0.9503567937379879,0.9479781118357028
Sonny's Express Exterior Proforma_0695w00000Lzv2xAAB.xlsx,2024.0,True,False,1624.5,7192.664665580512,,0,2,23014.0,0.1,0.1,0.075,1.2,2,1352.2727272727273,11.0,5803.72128617647,5627.1194117221685,1365.8,5.0,7660.191138586957,6910.175338462152,,,8373.940712911763,6954.0272436624255,,,8680.304397530488,6848.20331253954,,,9365.59158680921,6750.839807579756,0.7823414093875333,0.9607253583682035,0.9668221121081799,0.9521093545915823,0.9385728546313237
Sonny's Express Exterior Proforma_0695w00000M2PM8AAN.xlsx,2023.0,True,True,622.5,7894.98532798245,,0,2,44093.0,0.1,0.05,0.15,0.8500000000000001,2,1371.0,12.0,8174.911095312498,6620.560962882493,1146.5,12.0,10789.86712890625,7684.819387736165,785.8333333333334,12.0,11912.013310312504,8131.891877766793,309.5,2.0,12347.818675323935,8946.697763034359,,,13192.032284446956,9511.451790505487,0.8385779944918993,0.9733798187690879,1.0300072184991487,1.133212715585967,1.204745974231737
Sonny's Express Exterior Proforma_0695w00000M3aHzAAJ.xlsx,2022.0,True,True,8619.5,8051.032122568201,,0,0,31586.0,0.1,0.1,0.075,1.2,2,8633.5,12.0,8028.928950000001,6626.792076629264,10311.833333333334,12.0,10597.18883152174,7635.7030995292125,9813.25,12.0,11469.8985,7893.61906934018,8359.444444444445,9.0,11889.528932926827,7780.332587805035,,,12828.17595394737,7810.733904608797,0.8230984519430015,0.9484129467233448,0.9804480902781683,0.9663770395345516,0.9701531164823187
Sonny's Express Exterior Proforma_0695w00000NQGu9AAH.xlsx,2023.0,True,True,7164.5,9122.799801870073,2223.5833333333335,1,8,34076.0,0.1,0.15,0.075,0.775,2,5918.083333333333,12.0,5739.9064509191185,7121.483190196891,7068.916666666667,12.0,7575.96348335598,8760.981072307193,7442.222222222223,9.0,8363.863685625001,9108.90595266572,,,8669.858698513723,9421.154008124124,,,9354.321227343751,9558.944429301131,0.7806247363596717,0.9603390694281474,0.9984770191710768,1.0327042369375343,1.0478081988976293
Sonny's Express Exterior Proforma_0695w00000NQbdyAAD.xlsx,2023.0,True,False,2527.0,7315.280589786044,6238.208333333333,4,11,56003.0,0.1,0.1,0.05,0.8500000000000001,2,2732.0833333333335,12.0,10183.480514374996,5016.459179762808,0.0,1.0,13440.929250339675,7049.129878137338,,,14547.82930625,7272.5156789639,,,15080.06696379573,7054.454005001632,,,16270.59856620066,7020.538663610117,0.6857507539446998,0.9636171561183423,0.9941540300064697,0.9643449650928508,0.9597087326236725
Sonny's Express Exterior Proforma_0695w00000NQsShAAL.xlsx,2023.0,True,True,3570.0,7774.244047891132,,0,0,17402.0,0.1,0.1,0.125,1.2,2,2156.5,12.0,4360.582923529412,6201.361985031224,3259.3333333333335,12.0,5755.427771739131,7495.7470159337245,3670.25,8.0,6229.404176470588,7605.982681215326,,,6457.309207317074,7619.152148126101,,,6967.09677631579,7594.058268079661,0.7976803849775499,0.9641769630279418,0.9783565623050579,0.980050549119679,0.9768227265954753
Sonny's Express Exterior Proforma_0695w00000NRHDmAAP.xlsx,2024.0,True,True,11451.5,5652.749611707792,,0,3,48159.0,0.1,0.1,0.125,0.925,2,7659.166666666667,12.0,9462.07714921875,4415.809104297129,12477.5,12.0,12488.766423658288,5330.162455146133,14096.166666666666,6.0,13517.2530703125,5792.275800497836,,,14011.786719226371,6072.813428413793,,,15117.98040758635,6264.739317307041,0.7811789673385229,0.9429327002396273,1.0246828885717956,1.074311414012745,1.1082640745897743
Sonny's Express Exterior Proforma_0695w00000NRsyVAAT.xlsx,2023.0,True,True,5832.0,7866.479475913844,,0,31,49504.0,0.1,0.1,0.05,0.85,2,2889.1666666666665,12.0,9101.7745,6042.447645829333,5135.916666666667,12.0,12013.211684782606,7532.36324653917,6171.25,12.0,13392.61105,7871.75951529983,5564.0,2.0,13747.80225,8156.079719380598,,,14833.155059210529,8272.659205840886,0.7681260294812358,0.9575265872875287,1.0006712074190434,1.0368144662874255,1.0516342451754577
Sonny's Express Exterior Proforma_0695w00000NRw9rAAD.xlsx,2023.0,True,True,11265.0,14582.712724913175,26186.25,1,4,32005.0,0.15,0.15,0.15,1.175,3 OR MORE,6882.583333333333,12.0,7904.395457077208,11154.917249844915,10931.416666666666,12.0,10432.820090862771,13952.884239806885,12287.3,10.0,11404.913445211396,14789.322906092057,,,11822.166376133768,15647.02232624624,,,12755.49530056538,16069.300118395227,0.7649411642586774,0.9568099230241099,1.014168158221063,1.0729843357275217,1.101941759501465
Sonny's Express Exterior Proforma_0695w00000NS2LnAAL.xlsx,2023.0,True,True,5116.5,7283.433251223257,,0,22,32000.0,0.15,0.1,0.075,1.025,3 OR MORE,3839.4166666666665,12.0,6947.932352941174,5688.026807468105,5481.75,12.0,9170.40760869565,6995.105258467662,5574.0,12.0,10024.87382352941,7308.172408951593,5387.0,3.0,10391.6375,7616.860647362722,,,11212.029934210525,7764.393158482232,0.7809540653801966,0.9604131756535051,1.0033966340975502,1.0457788771639345,1.0660347792956293
Sonny's Express Exterior Proforma_0695w00000NS46vAAD.xlsx,2025.0,True,False,7276.0,9383.294240292656,8301.0,3,4,31000.0,0.1,0.15,0.075,1.15,2,6960.75,8.0,7679.90125,6824.70684445007,,,10136.515625,9121.371128651035,,,11081.000374999998,8868.86157182296,,,11486.4028277439,8000.729899458825,,,12270.51891447368,7709.401433050724,0.7273252516311599,0.9720862305993878,0.9451756861400893,0.8526568276099683,0.8216092595653566
Sonny's Express Exterior Proforma_0695w00000NTLEfAAP.xlsx,2025.0,True,False,5188.0,11086.640982465016,9010.0,6,7,50002.0,0.15,0.15,0.075,1.05,3 OR MORE,4830.571428571428,7.0,11148.936748455882,7927.481677398345,,,14715.211546875003,10749.44383069586,,,15927.05249779412,10626.645776091098,,,16509.749540396344,9783.537267533256,,,17813.150819901315,9508.731679583509,0.7150481096967695,0.96958527363676,0.9585090554387518,0.8824618099392963,0.8576747181245267
Sonny's Express Exterior Proforma_0695w00000NTSyBAAX.xlsx,2022.0,True,True,6284.5,11072.066122929,7787.0,1,6,44494.0,0.1,0.05,0.15,1.0,2,5066.5,12.0,9519.164138235294,7853.731353515291,6679.5,12.0,12564.114157608696,10722.411694010008,6816.833333333333,12.0,13734.793970882356,10629.755126035883,5910.454545454545,11.0,14237.28643323171,9815.621877649915,,,15361.282730592107,9546.54800726045,0.709328436654754,0.9684201281823185,0.9600516297516377,0.8865212480372449,0.8622192011200714
Sonny's Express Exterior Proforma_0695w00000NTTWNAA5.xlsx,2020.0,False,True,7005.5,11176.60568754442,,0,6,32002.0,0.1,0.15,0.075,1.025,2,3486.0833333333335,12.0,6933.6780336764705,8106.7421796131375,7351.416666666667,12.0,9151.59367798913,10860.084777721668,8282.25,12.0,9905.254333823532,10680.314612594417,7227.333333333333,12.0,10267.6416875,9778.100025930746,6099.416666666667,12.0,11078.244978618422,9490.624855468552,0.7253313220710256,0.9716800503953098,0.9555955458370438,0.8748720585917946,0.8491509068844774
Sonny's Express Exterior Proforma_0695w00000OuG88AAF.xlsx,2023.0,True,True,5533.0,6857.509799227923,,0,0,16714.0,0.1,0.1,0.075,1.1,2,1115.5833333333333,12.0,3878.913839705882,5292.760575787017,2704.8333333333335,12.0,5119.684415760869,6728.246468685459,5586.916666666667,12.0,5652.131594999999,6730.255643467243,5056.5,2.0,5858.916897256097,6381.0618949140235,,,6321.462968092105,6380.288037254999,0.7718196153920073,0.9811501063320365,0.9814430953091737,0.9305217319022216,0.9304088836990573
Sonny's Express Exterior Proforma_0695w00000Q9fLQAAZ.xlsx,2024.0,True,False,3398.5,5640.466699525113,3870.5833333333335,3,4,17895.0,0.1,0.1,0.15,1.15,2,2619.9166666666665,12.0,4186.06155882353,4278.564023115545,3449.8571428571427,7.0,5525.081249999999,5518.895132323339,,,6039.888820588235,5578.1725108418495,,,6260.860362804878,5361.905803266968,,,6755.1388124999985,5389.405028821738,0.758547873968615,0.978446541097032,0.9889558449678449,0.9506138567786249,0.9554892025646543
Sonny's Express Exterior Proforma_0695w00000ShakSAAR.xlsx,2023.0,True,True,9766.0,6337.822995638882,5198.166666666667,1,2,8983.0,0.1,0.1,0.15,1.2,2,6494.166666666667,12.0,2145.1760677941174,5333.155249187985,9199.083333333334,12.0,2831.3659279891303,6173.248580053879,9615.5,12.0,3064.5372397058823,5939.149262199878,6417.0,1.0,3176.6544557926827,5592.831941661864,,,3427.4429654605265,5398.776669001505,0.8414806240025606,0.9740329738305648,0.937096107967462,0.8824531618365401,0.8518345609709289
Sonny's Express Exterior Proforma_069f2000005RKKcAAO.xlsx,2020.0,True,True,6490.5,8168.372401515611,,0,1,20053.0,0.1,0.05,0.15,1.175,2,5940.166666666667,12.0,4485.545671696079,6414.223839191582,9259.5,12.0,5920.363075996377,7706.57402210835,7075.416666666667,12.0,6407.922388137255,8300.08293262572,6705.25,12.0,6642.358573069106,8581.758355190888,6380.416666666667,12.0,7166.75530252193,8788.931454546184,0.7852511521146424,0.9434650678608169,1.0161244522942747,1.0506081179157032,1.0759709551091758
Sonny's Express Exterior Proforma_069f2000005RXyRAAW.xlsx,2020.0,False,True,6697.0,8107.079473466578,,0,0,14299.0,0.1,0.1,0.15,1.35,2,6543.083333333333,12.0,3539.627029852941,6812.349105017231,9405.666666666666,12.0,4671.867974184784,7707.086476329304,9075.583333333334,12.0,5056.610042647059,7895.88337665565,3151.75,8.0,5241.607971036586,7732.104094894875,,,5655.419126644738,7764.481796864212,0.8402963270945064,0.9506612709982184,0.973949176457176,0.9537471687802064,0.957740925357443
Sonny's Express Exterior Proforma_069f2000005YrmtAAC.xlsx,2024.0,True,False,6740.5,9705.140093338448,11054.25,5,12,23500.0,0.1,0.1,0.15,1.05,2,5285.833333333333,12.0,5046.999099264706,7313.166551086971,7559.0,7.0,6661.411854619565,9261.065639480432,,,7282.098700367648,9583.854389007882,,,7548.516945503051,9693.18612490895,,,8144.4524938322365,9671.1237402215,0.7535353926633873,0.9542433752025047,0.9875029414141259,0.9987682848145899,0.9964950167859712
Sonny's Express Exterior Proforma_069f2000005ZqijAAC.xlsx,2024.0,True,True,4533.0,7203.725068158916,,0,0,13385.0,0.1,0.05,0.05,0.8999999999999999,2,2844.9166666666665,12.0,2354.9218627941173,5799.3452534983435,5135.25,12.0,3108.2043220108694,6815.106988592618,4814.666666666667,3.0,3364.1740897058826,7112.015475049634,,,3487.253629573171,7057.00643463767,,,3762.563126644736,7082.562422613984,0.8050481103355746,0.946053177225763,0.9872691430833964,0.979632949323711,0.9831805566705369
Sonny's Express Exterior Proforma_069f2000005aZWaAAM.xlsx,2020.0,True,True,6108.5,7103.734437601391,,0,2,36267.0,0.1,0.1,0.075,0.925,2,9216.583333333334,12.0,6505.02321048897,5785.816074040871,12904.916666666666,12.0,8585.822560427989,7031.556396822071,11379.916666666666,12.0,9292.89030069853,6822.087945294336,9260.166666666666,12.0,9632.8740921875,6261.087480571629,8207.0,12.0,10393.36415209704,6200.044251492535,0.8144752770339313,0.9898394229945777,0.9603523337223522,0.8813797215490666,0.8727866034341804
Sonny's Express Exterior Proforma_069f2000005bE4vAAE.xlsx,2020.0,True,True,7362.0,8270.007616229504,,0,9,48096.0,0.1,0.1,0.075,1.025,2,4049.181818181818,11.0,9349.622804117646,5792.227063969938,10136.75,12.0,12340.340657608693,7993.782792075734,8747.416666666666,12.0,13356.604005882353,8281.935271929267,8068.583333333333,12.0,13845.26025,8120.3489915561395,9154.0,12.0,14938.307111842105,8158.7021822049965,0.7003895682759665,0.9665992055906101,1.0014422786838013,0.9819034477816361,0.9865410723678082
Sonny's Express Exterior Proforma_069f2000005bnKZAAY.xlsx,2020.0,False,True,3007.5,7818.09006834269,,0,0,15231.0,0.0,0.05,0.05,0.875,LIVE PERSON,1822.3333333333333,12.0,2631.195194044117,6142.464798659496,3079.5833333333335,12.0,3472.8507995923906,7376.526368592927,3322.9166666666665,12.0,3796.43877997794,7775.799608027766,3217.0833333333335,12.0,3935.3328816844514,7770.09882685907,3098.1666666666665,12.0,4246.017056554277,7795.917082329502,0.7856733223798227,0.9435202593101658,0.9945906915953594,0.9938615133537604,0.9971638871106164
Sonny's Express Exterior Proforma_069f2000007NfTCAA0.xlsx,2024.0,True,False,7566.5,7234.693280310993,7348.583333333333,2,1,13553.0,0.1,0.1,0.075,1.075,2,5630.666666666667,12.0,2918.573658368872,6155.4309912350045,7704.888888888889,9.0,3852.1546733129526,6865.646905980323,,,4211.08484993223,7023.239653635646,,,4365.1489298078,6918.318447966399,,,4709.7659505821,6895.49029732911,0.8508212791808093,0.9489893544851419,0.9707722748591414,0.9562697656850776,0.9531143934042078
Sonny's Express Exterior Proforma_069f2000007OHDbAAO.xlsx,2025.0,True,False,1128.5,9490.445327058102,7953.375,3,3,37000.0,0.1,0.1,0.05,0.9,2,1418.25,4.0,6985.2014338235285,7107.0620444870665,,,9219.59816576087,9046.220622234656,,,10178.436375,9217.217997960066,,,10550.81819359756,9091.269879974514,,,11383.777524671052,8932.297491785073,0.7488649688781412,0.9531924278034749,0.9712102731028817,0.9579392290532982,0.9411884462700923
Sonny's Express Exterior Proforma_069f2000007OO9hAAG.xlsx,2024.0,True,False,14198.0,8782.972031015699,8134.208333333334,4,5,10060.0,0.1,0.1,0.15,1.2,2,14515.583333333334,12.0,2464.2070599999997,7000.919538839455,14267.142857142857,7.0,3252.447206521739,8236.512395348707,,,3520.2958,8735.397981762293,,,3649.0871097560976,8833.770666413204,,,3937.1729342105264,8890.124797949129,0.7971014269562509,0.937781922367821,0.9945833768927641,1.0057837637667657,1.0122000578568435
Sonny's Express Exterior Proforma_069f2000007PSrqAAG.xlsx,2020.0,True,True,14486.5,7756.627689087414,,0,10,53812.0,0.1,0.05,0.15,1.0,2,10018.833333333334,12.0,10877.784534509805,5493.297725899071,13298.583333333334,12.0,14357.324307971016,7509.902348733103,12332.166666666666,12.0,15539.692192156865,7749.539011367905,13703.916666666666,12.0,16108.217516260163,7569.144012587713,14876.833333333334,12.0,17379.918899122807,7599.733069099807,0.7082069613354578,0.9681916742373207,0.9990861134498589,0.97582922836899,0.9797728308903703
Sonny's Express Exterior Proforma_069f2000007PVkwAAG.xlsx,2024.0,True,False,15564.5,7140.03643923173,4396.0,1,1,18064.0,0.1,0.1,0.075,1.125,2,14137.166666666666,12.0,4154.542016470588,5926.488710195431,15383.625,8.0,5483.479369565218,6744.856969012356,,,6053.761224000001,6956.817803210038,,,6275.240293170733,6861.531782365752,,,6770.654000526316,6826.891652040583,0.8300361994837554,0.9446530177285909,0.9743392575680739,0.9609939446057023,0.9561424104965994
Sonny's Express Exterior Proforma_069f2000008KdYrAAK.xlsx,2020.0,True,True,3323.5,7822.837417521663,,0,4,38038.0,0.1,0.1,0.125,0.875,2,3358.75,12.0,7099.378407444851,6625.113120709807,4477.166666666667,12.0,9370.297587466031,7629.2305959082,3714.9166666666665,12.0,10141.969153492646,8043.471086175528,2430.75,4.0,10513.016805449695,8862.262771252148,,,11342.99181640625,9455.502919131004,0.8468938784117919,0.9752510743506159,1.0282037906296875,1.1328706322596416,1.208705027916403
Sonny's Express Exterior Proforma_069f200000960PmAAI.xlsx,2022.0,True,True,7751.0,7142.306324111784,13992.916666666666,1,6,53091.0,0.1,0.1,0.075,0.925,2,5149.833333333333,12.0,10291.9470215625,5832.109915637014,8868.0,12.0,13584.091565726902,6916.787424554655,8952.75,12.0,14996.8370885625,7044.071096663193,7678.0,7.0,15545.50186009527,7169.7931340788455,,,16772.778322734375,7231.359261905313,0.816558356780125,0.9684249191615043,0.9862460075232341,1.0038484501671776,1.0124683727849777
Will Ream Proforma - Southern_069f2000004wAxRAAU.xlsx,2022.0,True,False,0.0,14582.712724913175,26922.5,1,4,48570.0,0.1,0.1,0.05,0.9,2,9346.666666666666,12.0,9121.906700735297,11154.917249844915,10734.583333333334,12.0,12039.783688858695,13952.884239806885,7379.666666666667,12.0,13031.295286764707,15153.594903276557,0.0,7.0,13508.049992378052,16695.991270588576,,,14574.474991776317,17592.728091759884,0.7649411642586774,0.9568099230241099,1.039147872493441,1.1449166959220876,1.2064098377049137
