source_file,client_name,client_id,site_id,state,lat,lon,proforma_type,operational_start,proforma_assumed_open,open_year,factor_area_profile_choice,factor_area_profile_score,factor_nearest_competition_choice,factor_nearest_competition_score,factor_weekly_hours_choice,factor_weekly_hours_score,factor_type_of_site_choice,factor_type_of_site_score,factor_site_accessibility_choice,factor_site_accessibility_score,factor_entrance_stack_up_choice,factor_entrance_stack_up_score,factor_free_vacuum_slots_choice,factor_free_vacuum_slots_score,factor_pay_stations_choice,factor_pay_stations_score,factor_visibility_choice,factor_visibility_score,factor_traffic_speed_choice,factor_traffic_speed_score,cumulative_site_score,demog_avg_household_size_value,demog_avg_household_size_score,demog_pct_pop_25_65_value,demog_pct_pop_25_65_score,demog_pct_hh_income_35k_value,demog_pct_hh_income_35k_score,demog_base_price_carwash_value,demog_base_price_carwash_score,cumulative_demographic_score,traffic_count,traffic_incr_y3,traffic_incr_y4,traffic_incr_y5,avg_daily_wash_hours,weekly_hours_operation,plateau_loo_location,m5in_era_anchor,m5in_n_era,m5in_pay,m5in_vac,m5in_tos,proforma_y1,proforma_y2,proforma_y3,proforma_y4,proforma_y5,coldstart_v15_y1,coldstart_v15_y2,coldstart_v15_y3,coldstart_v15_y4,coldstart_v15_y5,model5_y1,model5_y2,model5_y3,model5_y4,model5_y5,model5_mature,actual_y1,actual_y2,actual_y3,actual_y4,actual_y5,actual_mature_wash,actual_nobs_y1,actual_nobs_y2,actual_nobs_y3,actual_nobs_y4,actual_nobs_y5,proforma_y5_monthly,proforma_y5_yearly,proforma_y5_daily,year5_max_hourly,tunnel_length_ft,tunnel_length_m,tunnel_length_actual_m,actuals_suspect
Sonny's Express Exterior Proforma_0695w0000097m9tAAA.xlsx,Extreme Express,extremeexpress_000074,1.0,CA,37.325052,-121.901106,Express Exterior,01-2020,01-2020,2020,Business,0.1,Multiple in 4 Miles,0.125,More Than 70 Hours,0.15,Corner Lot With Light,0.15,Easy In & Easy Out,0.15,14 - 10 Vehicles / Less Than 10 Vehicles,0.075,Less Than 12 Vehicles,0.05,2,0.1,400 - 500 Feet Both Directions,0.1,30 - 40 MPH,0.1,1.1,2.6,0.0,0.538,-0.0036,0.781,0.21075,12.0,-0.525,-0.0794624999999999,34673.0,0.01,0.01,0.01,12.0,84.0,11287.048719902185,,0,0.1,0.05,0.15,7228.0,9541.0,10430.0,10811.0,11665.0,8510.0,11033.0,11190.0,10788.0,10853.0,6751.0,9536.0,9611.0,9648.0,8885.0,8985.0,11750,17015,20150.0,20076.0,19959.0,20066,12,12,12,12,12,11665.0,139980.0,383.5,120.4,140.4,42.79,,False
Sonny's Express Exterior Proforma_0695w0000097obzAAA.xlsx,H2GLO CAR WASH,5025585h2glo,1.0,VA,37.247566,-80.034668,Express Exterior,01-2020,01-2020,2020,Shopping,0.15,One in 4 Miles,0.15,More Than 70 Hours,0.15,Inside Lot No Light,0.05,Easy In/Out With Divided Highway,0.1,More Than 20 Vehicles,0.15,Less Than 12 Vehicles,0.05,2,0.1,More Than 500 Feet Both Directions / 300 - 400 Feet Both Directions,0.15,40 - 50 MPH,0.05,1.1,2.2,0.0,0.5,-0.015,0.742,0.1815,5.0,0.0,0.0416249999999999,25702.0,0.0,0.0,0.0,12.0,84.0,5591.596707656516,,0,0.1,0.05,0.05,5659.0,7469.0,8084.0,8380.0,9041.0,5194.0,5556.0,5308.0,5145.0,5102.0,3554.0,4143.0,3933.0,3969.0,3603.0,3840.0,2493,3852,3655.0,3628.0,3052.0,2776,12,12,12,12,12,9041.0,108492.0,297.2,93.3,113.3,34.53,,False
Sonny's Express Exterior Proforma_069f2000005RXyRAAW.xlsx,Magic Belle,magictunnel_000072,3.0,OH,40.336635,-83.761489,Express Exterior,01-2020,01-2020,2020,Shopping,0.15,One in 4 Miles,0.15,More Than 70 Hours,0.15,Corner Lot With Light / Inside Lot No Light,0.15,Easy In & Easy Out,0.15,More Than 20 Vehicles,0.15,12 - 20 Vehicles,0.1,2,0.1,More Than 500 Feet Both Directions,0.15,30 - 40 MPH,0.1,1.35,2.4,0.0,0.54,-0.003,0.76,0.195,10.0,-0.375,-0.04575,14299.0,0.0,0.0,0.0,12.0,84.0,8107.079473466578,,0,0.1,0.1,0.15,3540.0,4672.0,5057.0,5242.0,5655.0,6812.0,7707.0,7896.0,7732.0,7764.0,5150.0,6349.0,6463.0,6590.0,6058.0,6150.0,6543,9406,9076.0,3152.0,,6697,12,12,12,8,0,5655.0,67860.0,185.9,58.4,78.4,23.9,,False
Sonny's Express Exterior Proforma_069f2000005bnKZAAY.xlsx,Mr D Car Wash,mrdcarwash_000205,1.0,WI,43.316824,-88.371848,Express Exterior,01-2020,01-2020,2020,Residential,0.05,One in 4 Miles,0.15,More Than 70 Hours,0.15,Inside Lot No Light,0.05,Easy In & Easy Out,0.15,20 - 15 Vehicles,0.125,Less Than 12 Vehicles,0.05,Live Person,0.0,Less Than 300 Feet Both Directions,0.0,Less Than 30 MPH,0.15,0.875,2.5,0.0,0.516,-0.0102,0.76,0.195,6.0,-0.075,0.02745,15231.0,0.01,0.01,0.01,12.0,84.0,7818.09006834269,,0,0.0,0.05,0.05,2631.0,3473.0,3796.0,3935.0,4246.0,6142.0,7377.0,7776.0,7770.0,7796.0,2278.0,2981.0,3123.0,3249.0,2984.0,2910.0,1822,3080,3323.0,3217.0,3098.0,3008,12,12,12,12,12,4246.0,50952.0,139.6,43.8,63.8,19.45,,False
Flexserve_proforma_ Sonny's_0695w0000097P7VAAU.xlsx,Prestige Auto Spa,prestigeautospa_000140,1.0,FL,25.915846,-80.156975,Flexserve,01-2020,01-2020,2020,BUSINESS,0.1,MUTIPLE IN 4 MILES,0.125,MORE THAN 70 HOURS,0.15,CORNER LOT WITH LIGHT,0.15,EASY IN OR EASY OUT ONE WAY,0.05,LESS THAN 20 VEHICLES,0.125,LESS THAN 20 VEHICLES,0.1,2,0.1,MORE THAN 300 FEET BOTH DIRECTIONS,0.05,LESS THAN 50  MPH,0.05,1.0,2.5,0.0,51.6,-0.0101999999999999,0.635,0.10125,10.0,-0.375,-0.0709875,53173.0,,,,,,8519.409366559228,,0,0.1,0.1,0.15,10170.0,13423.0,14529.0,15060.0,16249.0,6982.0,8256.0,8689.0,9345.0,9756.0,7114.0,9166.0,9585.0,10735.0,10258.0,8710.0,133,310,404.0,340.0,528.0,848,12,12,12,12,12,16249.0,194988.0,534.2,167.6,187.6,57.18,,False
Sonny's Express Exterior Proforma 172 Freemans Bridge Rd Scotia_0695w00000QBiivAAD.xlsx,RAINDANCER OF GLENVILLE,118135glenville,1.0,NY,42.846573,-73.941631,Express Exterior,01-2020,01-2020,2020,Business,0.1,One in 2 Miles,0.075,More Than 70 Hours,0.15,Inside Lot Near Light,0.075,Easy In & Easy Out,0.15,20 - 15 Vehicles,0.125,12 - 20 Vehicles,0.1,2,0.1,More Than 500 Feet Both Directions,0.15,40 - 50 MPH,0.05,1.075,2.3,0.0,0.499,-0.0153,0.702,0.1514999999999999,5.0,0.0,0.0340499999999999,12236.0,0.01,0.0,0.0,12.0,84.0,6117.917762240236,,0,0.1,0.1,0.075,2800.0,3696.0,4040.0,4147.0,4474.0,5470.0,5861.0,6223.0,6685.0,7066.0,3789.0,4424.0,4667.0,5220.0,5051.0,4253.0,1749,1909,1723.0,1556.0,1685.0,1843,11,12,12,12,12,4474.0,53688.0,147.1,46.2,66.2,20.18,,False
"Sonny's Express Exterior Proforma 45430 Schenherr Rd., Shelby Twp._0695w00000Q9YSoAAN.xlsx",ROBIN AUTO WASH,231301robin,1.0,MI,42.62987,-82.992314,Express Exterior,01-2020,01-2020,2020,Shopping,0.15,Multiple in 4 Miles,0.125,More Than 70 Hours,0.15,Inside Lot Near Light,0.075,Easy In/Out With Divided Highway,0.1,14 - 10 Vehicles,0.075,12 - 20 Vehicles,0.1,2,0.1,400 - 500 Feet Both Directions,0.1,40 - 50 MPH,0.05,1.025,2.4,0.0,0.514,-0.0108,0.751,0.18825,5.0,0.0,0.0443625,36679.0,0.01,0.01,0.0,12.0,84.0,3495.156466069802,,0,0.1,0.1,0.075,8084.0,10670.0,11664.0,12090.0,12916.0,2927.0,3321.0,3487.0,3563.0,3670.0,2022.0,2500.0,2608.0,2775.0,2616.0,2423.0,2703,2704,2164.0,,,2166,11,12,1,0,0,12916.0,154992.0,424.6,133.3,153.3,46.73,,False
Flexserve_proforma_ Sonny's_069f2000005RkTVAA0.xlsx,"Texas Star Wash, LLC",1003445texasstar,1.0,TX,29.543576,-95.108501,Flexserve,01-2020,01-2020,2020,BUSINESS,0.1,ONE IN 2 MILES,0.075,MORE THAN 70 HOURS,0.15,INSIDE LOT NO LIGHT,0.0,EASY IN OR EASY OUT ONE WAY,0.05,MORE THAN 20 VEHICLES,0.15,LESS THAN 15 VEHICLES,0.05,SERVICE ADVISOR(S),0.0,MORE THAN 300 FEET BOTH DIRECTIONS,0.05,MORE THAN 50 MPH,0.0,0.625,2.2,0.0,53.7,-0.0038999999999999,0.75,0.1875,7.0,-0.15,0.0084,18163.0,,,,,,8601.500924500944,,0,0.0,0.05,0.0,2357.0,3111.0,3367.0,3490.0,3766.0,6461.0,8203.0,8529.0,8694.0,8715.0,3744.0,5179.0,5351.0,5679.0,5212.0,5001.0,1064,974,757.0,636.0,616.0,501,12,12,12,12,12,3766.0,45192.0,123.8,38.8,58.8,17.92,,False
KPI Sonny's Express Exterior Proforma_0695w00000ShakXAAR.xlsx,The Auto Spa @ Main Street,mainstreet_000067,1.0,OK,33.9971,-96.399948,Express Exterior,01-2020,01-2020,2020,Residential,0.05,One in 2 Miles,0.075,More Than 70 Hours,0.15,Corner Lot Without Light,0.125,Easy In & Easy Out,0.15,20 - 15 Vehicles / Less Than 10 Vehicles,0.125,12 - 20 Vehicles,0.1,1,0.05,300 - 400 Feet Both Directions,0.05,30 - 40 MPH,0.1,0.975,2.4,0.0,0.49,-0.018,0.53,0.0225,5.0,0.0,0.001125,10669.0,,,,12.0,84.0,6551.283897939687,,0,0.05,0.1,0.125,2144.0,2830.0,3063.0,3175.0,3426.0,5804.0,6447.0,6278.0,6151.0,6110.0,3020.0,3655.0,3537.0,3609.0,3281.0,3421.0,4832,6036,7220.0,6480.0,4332.0,3680,12,12,12,12,12,3426.0,41112.0,112.6,35.3,55.3,16.86,,False
Sonny's Express Exterior Proforma (with vacs)_0695w00000JbgLSAAZ.xlsx,The Washery,allseasonscarwash_000110,1.0,PA,40.983097,-76.023467,Express Exterior,01-2020,01-2020,2020,Business,0.1,One in 2 Miles,0.075,More Than 70 Hours,0.15,Inside Lot Near Light,0.075,Easy In & Easy Out,0.15,20 - 15 Vehicles,0.125,12 - 20 Vehicles,0.1,2,0.1,400 - 500 Feet Both Directions,0.1,30 - 40 MPH,0.1,1.075,2.48,0.0,0.512,-0.0114,0.592,0.0689999999999999,5.0,0.0,0.0143999999999999,5933.0,0.01,0.01,0.0,12.0,84.0,7056.750321520014,,0,0.1,0.1,0.075,1332.0,1758.0,1922.0,1992.0,2128.0,5728.0,6639.0,6926.0,6882.0,6863.0,3431.0,4333.0,4492.0,4647.0,4242.0,4242.0,4072,5264,5459.0,6279.0,6212.0,5770,12,12,12,12,12,2128.0,25536.0,70.0,22.0,42.0,12.8,,False
Sonny's Express Exterior Proforma_0695w00000NTTWNAA5.xlsx,U-DRIVE,udrive_000121,1.0,NV,36.158609,-115.236179,Express Exterior,01-2020,01-2020,2020,Shopping,0.15,Multiple in 2 Miles,-0.025,More Than 70 Hours,0.15,Inside Lot Near Light,0.075,Easy In/Out With Divided Highway,0.1,20 - 15 Vehicles,0.125,More Than 20 Vehicles,0.15,2,0.1,More Than 500 Feet Both Directions,0.15,40 - 50 MPH,0.05,1.025,2.69,0.0,0.511,-0.0117,0.658,0.1185,5.0,0.0,0.0267,32002.0,0.0,0.0,0.0,12.0,84.0,11176.60568754442,,0,0.1,0.15,0.075,6934.0,9152.0,9905.0,10268.0,11078.0,8107.0,10860.0,10680.0,9778.0,9491.0,6525.0,9524.0,9307.0,8872.0,7883.0,9027.0,3486,7351,8282.0,7227.0,6099.0,7006,12,12,12,12,12,11078.0,132936.0,364.2,114.3,134.3,40.93,,False
"Sonny's Express Exterior Proforma - 1309 West Chester Pike, West Chester, PA 19382_0695w00000WqSN5AAN.xlsx",West Chester Car Wash,westchestercw_000036,1.0,PA,39.967686,-75.552732,Express Exterior,01-2020,01-2020,2020,Shopping,0.15,One in 4 Miles,0.15,More Than 70 Hours,0.15,Inside Lot No Light,0.05,Easy In & Easy Out,0.15,20 - 15 Vehicles,0.125,12 - 20 Vehicles,0.1,2,0.1,400 - 500 Feet Both Directions,0.1,40 - 50 MPH,0.05,1.125,2.4,0.0,0.46,-0.027,0.81,0.2325,6.0,-0.075,0.032625,34610.0,0.01,0.01,0.0,12.0,84.0,6526.0057069472305,,0,0.1,0.1,0.05,8278.0,10926.0,11944.0,12381.0,13226.0,5720.0,6228.0,6295.0,6175.0,6158.0,4143.0,4915.0,4937.0,5042.0,4603.0,4743.0,3159,4106,4699.0,4745.0,4590.0,3852,12,12,12,12,12,13226.0,158712.0,434.8,136.5,156.5,47.7,,False
Sonny's Express Exterior Proforma_0695w00000EwmfXAAR.xlsx,Buff It #2,buffitautowash_000111,2.0,OK,35.892175,-94.98526,Express Exterior,01-2022,01-2022,2022,Business,0.1,One in 4 Miles,0.15,More Than 70 Hours,0.15,Corner Lot Without Light,0.125,Easy In & Easy Out,0.15,20 - 15 Vehicles,0.125,12 - 20 Vehicles,0.1,2,0.1,More Than 500 Feet Both Directions,0.15,40 - 50 MPH,0.05,1.2,2.7,0.0,0.491,-0.0177,0.435,-0.04875,5.0,0.0,-0.0166125,10789.0,0.05,0.04,0.04,12.0,84.0,5549.806330258204,2361.8333333333335,1,0.1,0.1,0.125,2621.0,3460.0,3932.0,4037.0,4356.0,4878.0,5452.0,5346.0,5273.0,5255.0,3267.0,3979.0,3877.0,3982.0,3632.0,3730.0,3722,3950,4279.0,4687.0,4508.0,4832,12,12,12,12,6,4356.0,52272.0,143.2,44.9,64.9,19.78,,False
Sonny's Express Exterior Proforma_0695w000009mphMAAQ.xlsx,Tampa,dirtydogs_000082,9.0,FL,27.995721,-82.384533,Express Exterior,01-2023,01-2023,2023,Business,0.1,One in 2 Miles,0.075,More Than 70 Hours,0.15,Corner Lot With Light,0.15,Easy In & Easy Out,0.15,20 - 15 Vehicles / Less Than 10 Vehicles,0.125,12 - 20 Vehicles,0.1,2,0.1,More Than 500 Feet Both Directions,0.15,40 - 50 MPH,0.05,1.15,2.6,0.0,0.515,-0.0105,0.477,-0.01725,6.0,-0.075,-0.0256875,35430.0,0.0,0.0,0.0,12.0,84.0,11537.82046275747,10.25,3,0.1,0.1,0.15,8173.0,10787.0,11676.0,12103.0,13059.0,8513.0,10969.0,11685.0,12290.0,12539.0,7416.0,10412.0,11022.0,12071.0,11272.0,10086.0,6622,8470,9111.0,7093.0,,7976,12,12,12,6,0,13059.0,156708.0,429.3,134.7,154.7,47.15,,False
Sonny's Express Exterior Proforma_0695w00000NRHDmAAP.xlsx,Ford CarWash,fordroadcw_000592,1.0,MI,42.326516,-83.28874,Express Exterior,01-2024,01-2024,2024,Business,0.1,Multiple in 2 Miles,-0.025,More Than 70 Hours,0.15,Corner Lot Without Light,0.125,Easy In Or Easy Out One Way,0.05,20 - 15 Vehicles,0.125,12 - 20 Vehicles,0.1,2,0.1,More Than 500 Feet Both Directions,0.15,40 - 50 MPH,0.05,0.925,2.51,0.0,0.515,-0.0105,0.683,0.13725,5.0,0.0,0.0316875,48159.0,0.0,0.0,0.0,12.0,84.0,5652.749611707792,,0,0.1,0.1,0.125,9462.0,12489.0,13517.0,14012.0,15118.0,4416.0,5330.0,5792.0,6073.0,6265.0,3230.0,4248.0,4587.0,5008.0,4729.0,4149.0,7659,12478,14096.0,,,11452,12,12,6,0,0,15118.0,181416.0,497.0,156.0,176.0,53.64,,False
Sonny's Express Exterior Proforma_0695w00000HGlE6AAL.xlsx,Splash Car Wash,splashcarwash_000318,1.0,CA,36.658386,-121.636727,Express Exterior,02-2021,02-2021,2021,Business,0.1,One in 4 Miles / One in 2 Miles,0.15,More Than 70 Hours,0.15,Corner Lot With Light / Inside Lot Near Light,0.15,Easy In & Easy Out,0.15,20 - 15 Vehicles,0.125,12 - 20 Vehicles,0.1,2,0.1,400 - 500 Feet Both Directions,0.1,30 - 40 MPH,0.1,1.2250000000000003,3.4,-0.1999999999999999,0.513,-0.0111,0.697,0.1477499999999999,5.0,0.0,-0.0158374999999999,19130.0,0.02,0.01,0.01,12.0,84.0,7146.384039715595,,0,0.1,0.1,0.15,5223.0,6894.0,7611.0,7812.0,8429.0,5365.0,6981.0,7049.0,6741.0,6744.0,4880.0,6918.0,6942.0,6912.0,6329.0,6522.0,6601,6968,6927.0,397.0,,41,12,12,12,9,0,8429.0,101148.0,277.1,87.0,107.0,32.61,,False
Sonny's Express Exterior Proforma_0695w00000M2PM8AAN.xlsx,Jupiter Galaxy Car Wash,jupitercw_000637,1.0,FL,26.935102,-80.137123,Express Exterior,02-2024,05-2023,2024,Shopping,0.15,Multiple in 2 Miles,-0.025,More Than 70 Hours,0.15,Corner Lot With Light,0.15,Easy In & Easy Out,0.15,14 - 10 Vehicles,0.075,Less Than 12 Vehicles,0.05,2,0.1,Less Than 300 Feet Both Directions,0.0,40 - 50 MPH,0.05,0.8500000000000001,2.57,0.0,0.52,-0.009,0.829,0.2467499999999999,5.0,0.0,0.0594374999999999,44093.0,0.02,0.02,0.01,12.0,84.0,7894.98532798245,,0,0.1,0.05,0.15,8175.0,10790.0,11912.0,12348.0,13192.0,6621.0,7685.0,8132.0,8947.0,9511.0,6548.0,8281.0,8707.0,9975.0,9707.0,7835.0,1049,1064,378.0,,,622,12,12,5,0,0,13192.0,158304.0,433.7,136.1,156.1,47.58,,False
Sonny's Express Exterior Proforma_0695w00000AP7usAAD.xlsx,Cedar Place,buckyscw_000301,1.0,CO,39.820377,-105.165827,Express Exterior,03-2021,03-2021,2021,Business,0.1,One in 4 Miles,0.15,More Than 70 Hours,0.15,Inside Lot Near Light,0.075,Easy In & Easy Out,0.15,14 - 10 Vehicles,0.075,12 - 20 Vehicles,0.1,Live Person,0.0,More Than 500 Feet Both Directions,0.15,40 - 50 MPH,0.05,1.0,2.5,0.0,0.506,-0.0132,0.739,0.17925,5.0,0.0,0.0415124999999999,48996.0,0.0,0.0,0.0,12.0,84.0,8765.414165765362,,0,0.0,0.1,0.075,9806.0,12942.0,14008.0,14521.0,15667.0,6365.0,8519.0,8545.0,8041.0,7926.0,2909.0,4241.0,4227.0,4142.0,3737.0,4019.0,1969,2910,3679.0,3515.0,3305.0,3284,12,12,12,12,12,15667.0,188004.0,515.1,161.6,181.6,55.35,,False
Sonny's Express Exterior Proforma_0695w00000FIVssAAH.xlsx,Varsity Carwash  Duff,varsitycarwash_000227,3.0,IA,42.013027,-93.609925,Express Exterior,03-2022,03-2022,2022,Shopping,0.15,One in 2 Miles,0.075,More Than 70 Hours,0.15,Inside Lot Near Light,0.075,Easy In & Easy Out,0.15,20 - 15 Vehicles,0.125,12 - 20 Vehicles,0.1,2,0.1,More Than 500 Feet Both Directions,0.15,30 - 40 MPH,0.1,1.175,2.2,0.0,0.394,-0.0468,0.566,0.0494999999999999,5.0,0.0,0.0006749999999999,31463.0,0.0,0.0,0.0,10.285714285714286,72.0,8455.505358459768,,0,0.1,0.1,0.075,7109.0,9383.0,10155.0,10527.0,11358.0,6371.0,7942.0,8661.0,8997.0,9174.0,4822.0,6550.0,7097.0,7677.0,7165.0,6422.0,7174,8997,9331.0,9752.0,10834.0,9407,12,12,12,12,4,11358.0,136296.0,373.4,136.7,156.7,47.76,,False
"Sonny's Express Exterior Proforma 1623 S Poinciana Blvd. Kissimmee, FL 34758_0695w00000WO90ZAAT.xlsx",Avatar,avatar_000499,1.0,FL,28.257123,-81.485179,Express Exterior,03-2023,03-2023,2023,Shopping,0.15,One in 4 Miles,0.15,More Than 70 Hours,0.15,Corner Lot With Light,0.15,Easy In & Easy Out,0.15,20 - 15 Vehicles,0.125,12 - 20 Vehicles,0.1,3 or More,0.15,More Than 500 Feet Both Directions,0.15,40 - 50 MPH,0.05,1.325,2.8,0.0,0.5,-0.015,0.697,0.1477499999999999,5.0,0.0,0.0331874999999999,15673.0,0.04,0.03,0.03,12.0,84.0,12046.994319435677,12397.083333333334,1,0.15,0.1,0.15,4417.0,5830.0,6563.0,6738.0,7270.0,9244.0,11533.0,12198.0,12891.0,13239.0,9734.0,13232.0,13906.0,15303.0,14386.0,12729.0,10303,14042,,,,11694,12,5,0,0,0,7270.0,87240.0,239.0,75.0,95.0,28.96,,False
Sonny's Express Exterior Proforma_0695w0000097tEHAAY.xlsx,Big Dan's Bradenton 14th St,bigdans_000378,13.0,FL,27.428992,-82.576271,Express Exterior,03-2023,03-2023,2023,Business,0.1,One in 2 Miles,0.075,More Than 70 Hours,0.15,Inside Lot No Light,0.05,Easy In/Out With Divided Highway,0.1,20 - 15 Vehicles / Less Than 10 Vehicles,0.125,12 - 20 Vehicles,0.1,2,0.1,More Than 500 Feet Both Directions,0.15,40 - 50 MPH,0.05,1.0,2.2,0.0,0.456,-0.0282,0.564,0.0479999999999999,5.0,0.0,0.0049499999999999,43116.0,0.01,0.01,0.01,12.0,84.0,10144.734182011216,2865.1666666666665,1,0.1,0.1,0.05,8921.0,11774.0,12871.0,13342.0,14396.0,7788.0,9713.0,10822.0,12455.0,13499.0,5746.0,7808.0,8645.0,10360.0,10277.0,7510.0,15941,17739,17738.0,20284.0,,18425,12,12,12,4,0,14396.0,172752.0,473.3,148.5,168.5,51.36,,False
Sonny's Express Exterior Proforma_0695w00000A9eDQAAZ.xlsx,Heroes Express Salisbury,carolinacarwash_000283,8.0,NC,35.654361,-80.45651,Express Exterior,03-2023,03-2023,2023,Shopping,0.15,Multiple in 2 Miles,-0.025,More Than 70 Hours,0.15,Corner Lot With Light,0.15,Easy In & Easy Out,0.15,20 - 15 Vehicles / Less Than 10 Vehicles,0.125,12 - 20 Vehicles,0.1,2,0.1,More Than 500 Feet Both Directions,0.15,40 - 50 MPH,0.05,1.1,2.4,0.0,0.489,-0.0183,0.542,0.0315,5.0,0.0,0.0033,20640.0,0.0,0.0,0.0,12.0,84.0,9099.209987031523,,0,0.1,0.1,0.15,4690.0,6190.0,6700.0,6945.0,7493.0,7000.0,8715.0,8950.0,9013.0,8984.0,5411.0,7341.0,7491.0,7854.0,7166.0,7058.0,12442,16980,18218.0,21778.0,,18178,12,12,12,4,0,7493.0,89916.0,246.3,77.3,97.3,29.66,,False
Express Exterior Proforma_0695w0000097nchAAA.xlsx,Big Peach Tallahassee,bigpeachcw_000300,9.0,FL,30.499714,-84.32811,Express Exterior,03-2024,03-2024,2024,Shopping,0.15,One in 4 Miles,0.15,More Than 70 Hours,0.15,Inside Lot Near Light,0.075,Easy In Or Easy Out One Way,0.05,20 - 15 Vehicles,0.125,12 - 20 Vehicles,0.1,2,0.1,400 - 500 Feet Both Directions,0.1,40 - 50 MPH,0.05,1.0499999999999998,2.4,0.0,0.48,-0.021,0.64,0.105,5.0,0.0,0.0209999999999999,32127.0,0.03,0.03,0.03,12.0,84.0,4836.561918855328,,0,0.1,0.1,0.075,7091.0,9359.0,10434.0,10816.0,11669.0,4037.0,4704.0,4638.0,4516.0,4444.0,2883.0,3660.0,3586.0,3635.0,3275.0,3466.0,2409,3284,3676.0,,,2924,12,12,4,0,0,11669.0,140028.0,383.6,120.4,140.4,42.79,,False
"Sonny's Express Exterior Proforma - 8909 Six Forks Rd Raleigh, NC, NC 27615_069Uc00000DMO5vIAH.xlsx",American Pride Six Forks,americanpride_000238,4.0,NC,35.902215,-78.653304,Express Exterior,04-2021,04-2021,2021,Shopping,0.15,Multiple in 4 Miles,0.125,More Than 70 Hours,0.15,Corner Lot Without Light,0.125,Easy In Or Easy Out One Way,0.05,20 - 15 Vehicles,0.125,More Than 20 Vehicles,0.15,2,0.1,400 - 500 Feet Both Directions,0.1,40 - 50 MPH,0.05,1.1250000000000002,2.2,0.0,0.51,-0.012,0.84,0.255,12.0,-0.15,0.02325,32998.0,0.0,0.0,0.0,12.0,84.0,9629.169757624735,,0,0.1,0.15,0.125,7821.0,10322.0,11172.0,11581.0,12495.0,7483.0,9240.0,9762.0,10322.0,10609.0,6034.0,8119.0,8524.0,9384.0,8829.0,7792.0,9575,15388,17547.0,18738.0,17887.0,17049,12,12,12,12,12,12495.0,149940.0,410.8,128.9,148.9,45.38,,False
Car Wash Cafe_ SONNY'S Express Proforma_069f2000004sKgFAAU.xlsx,Wash & Wax Pros,carwashcafe_000425,1.0,FL,26.163815,-80.256221,Express,04-2022,04-2022,2022,SHOPPING,0.15,MULTIPLE IN 2 MILES,-0.025,MORE THAN 70 HOURS,0.15,INSIDE LOT NEAR LIGHT,0.075,EASY IN OR EASY OUT ONE WAY,0.05,LESS THAN 15 VEHICLES,0.075,LESS THAN 12 VEHICLES,0.05,2,0.1,LESS THAN 300 FEET BOTH DIRECTIONS,0.0,LESS THAN 50  MPH,0.05,0.675,2.4,0.0,50.4,-0.0138,0.627,0.09525,6.0,-0.075,0.0016124999999999,29250.0,,,,,,4173.330520891225,2481.416666666667,8,0.1,0.05,0.075,4071.0,5374.0,5816.0,6029.0,6505.0,3493.0,4061.0,3979.0,3847.0,3770.0,2548.0,3227.0,3142.0,3164.0,2838.0,3055.0,1822,2014,1659.0,1572.0,1521.0,1572,12,12,12,12,3,6505.0,78060.0,213.9,67.1,87.1,26.55,,False
Sonny's Express Exterior Proforma_0695w00000NS2LnAAL.xlsx,Atlantic Blvd,luvcarwash_000457,35.0,FL,30.313489,-81.565598,Express Exterior,04-2023,04-2023,2023,Business,0.1,One in 2 Miles,0.075,More Than 70 Hours,0.15,Inside Lot Near Light,0.075,Easy In & Easy Out,0.15,14 - 10 Vehicles,0.075,12 - 20 Vehicles,0.1,3 or More,0.15,400 - 500 Feet Both Directions,0.1,40 - 50 MPH,0.05,1.025,2.44,0.0,0.525,-0.0075,0.664,0.123,5.0,0.0,0.028875,32000.0,0.01,0.01,0.01,12.0,84.0,7283.433251223257,,0,0.15,0.1,0.075,6948.0,9170.0,10025.0,10392.0,11212.0,5688.0,6995.0,7308.0,7617.0,7764.0,5744.0,7697.0,7990.0,8671.0,8091.0,7381.0,3839,5482,5574.0,5387.0,,5116,12,12,12,3,0,11212.0,134544.0,368.6,115.7,135.7,41.36,,False
"Sonny's Express Exterior Proforma 5001 Collin McKinney Pkwy., McKinney, TX_0695w00000U9kNNAAZ.xlsx",Oasis Auto Spa,oasisautospa_000475,1.0,TX,33.150031,-96.681147,Express Exterior,04-2023,04-2023,2023,Business,0.1,Multiple in 4 Miles,0.125,More Than 70 Hours,0.15,Corner Lot With Light,0.15,Easy In/Out With Divided Highway,0.1,20 - 15 Vehicles,0.125,12 - 20 Vehicles,0.1,2,0.1,More Than 500 Feet Both Directions,0.15,40 - 50 MPH,0.05,1.15,2.8,0.0,0.509,-0.0123,0.889,0.29175,5.0,0.0,0.0698625,25332.0,0.06,0.05,0.05,12.0,84.0,10907.237897037572,8664.416666666666,3,0.1,0.1,0.15,6417.0,8469.0,9717.0,9977.0,10765.0,8437.0,10457.0,10961.0,11471.0,11723.0,7143.0,9646.0,10047.0,10948.0,10241.0,9266.0,2651,4925,5828.0,4997.0,,5632,12,12,12,3,0,10765.0,129180.0,353.9,111.1,131.1,39.96,,False
Sonny's Express Exterior Proforma_069f2000005ZqijAAC.xlsx,Raceway Elgin,racewaycw_000646,1.0,IL,42.04323,-88.277633,Express Exterior,04-2024,04-2024,2024,Residential,0.05,Multiple in 4 Miles,0.125,More Than 70 Hours,0.15,Inside Lot No Light,0.05,Easy In & Easy Out,0.15,14 - 10 Vehicles,0.075,Less Than 12 Vehicles,0.05,2,0.1,300 - 400 Feet Both Directions,0.05,30 - 40 MPH,0.1,0.8999999999999999,3.0,0.0,0.521,-0.0087,0.704,0.1529999999999999,6.0,-0.075,0.0173249999999999,13385.0,0.0,0.0,0.0,12.0,84.0,7203.725068158916,,0,0.1,0.05,0.05,2355.0,3108.0,3364.0,3487.0,3763.0,5799.0,6815.0,7112.0,7057.0,7083.0,3800.0,4866.0,5046.0,5213.0,4789.0,4737.0,2845,5135,4815.0,,,4533,12,12,3,0,0,3763.0,45156.0,123.7,38.8,58.8,17.92,,False
"Sonny's Express Exterior Proforma 7326 Reseda Blvd., Reseda_0695w00000QAYyrAAH.xlsx",Reseda,luvcarwash_000457,56.0,CA,34.203776,-118.535759,Express Exterior,04-2024,04-2024,2024,Business,0.1,Multiple in 2 Miles,-0.025,More Than 70 Hours,0.15,Inside Lot Near Light,0.075,Easy In & Easy Out,0.15,14 - 10 Vehicles,0.075,12 - 20 Vehicles,0.1,2,0.1,300 - 400 Feet Both Directions,0.05,40 - 50 MPH,0.05,0.825,2.9,0.0,0.523,-0.0081,0.759,0.19425,5.0,0.0,0.0465375,39080.0,0.01,0.01,0.0,12.0,84.0,15160.203280186632,,0,0.1,0.1,0.075,6947.0,9169.0,10023.0,10390.0,11099.0,9799.0,14487.0,15405.0,15567.0,15771.0,7948.0,12804.0,13529.0,14235.0,13201.0,12340.0,15362,18317,16085.0,,,16732,12,12,3,0,0,11099.0,133188.0,364.9,114.5,134.5,41.0,,False
Sonny's Express Exterior Proforma_069f2000005RKKcAAO.xlsx,Varsity Carwash Lincoln,varsitycarwash_000227,1.0,IA,42.023334,-93.669375,Express Exterior,05-2020,05-2020,2020,Shopping,0.15,One in 4 Miles,0.15,More Than 70 Hours,0.15,Corner Lot With Light,0.15,Easy In & Easy Out,0.15,14 - 10 Vehicles,0.075,Less Than 12 Vehicles,0.05,2,0.1,400 - 500 Feet Both Directions,0.1,30 - 40 MPH,0.1,1.175,2.3,0.0,0.431,-0.0357,0.598,0.0734999999999999,6.0,-0.075,-0.0093,20053.0,0.0,0.0,0.0,12.0,84.0,8168.372401515611,,0,0.1,0.05,0.15,4486.0,5920.0,6408.0,6642.0,7167.0,6414.0,7707.0,8300.0,8582.0,8789.0,4913.0,6432.0,6884.0,7411.0,6947.0,6279.0,5940,9260,7075.0,6705.0,6380.0,6490,12,12,12,12,12,7167.0,86004.0,235.6,73.9,93.9,28.62,,False
Sonny's Express Exterior Proforma_0695w00000FT0KlAAL.xlsx,Super Scrub Car Wash,superscrubcw_000402,1.0,CA,37.987804,-121.311918,Express Exterior,05-2022,05-2022,2022,Business,0.1,Multiple in 2 Miles,-0.025,More Than 70 Hours,0.15,Corner Lot With Light,0.15,Easy In & Easy Out,0.15,More Than 20 Vehicles,0.15,More Than 20 Vehicles,0.15,2,0.1,More Than 500 Feet Both Directions,0.15,40 - 50 MPH,0.05,1.125,2.79,0.0,0.49,-0.018,0.624,0.093,5.0,0.0,0.0187499999999999,15592.0,0.04,0.04,0.04,12.0,84.0,5538.203608158975,17506.5,1,0.1,0.15,0.15,3679.0,4856.0,5466.0,5666.0,6113.0,4100.0,5398.0,5610.0,5625.0,5778.0,3103.0,4452.0,4597.0,4800.0,4513.0,4207.0,1896,3286,3756.0,3905.0,3823.0,3500,11,12,12,12,2,6113.0,73356.0,201.0,63.1,83.1,25.33,,False
Sonny's Express Exterior Proforma_0695w00000NRsyVAAT.xlsx,Baymeadows,luvcarwash_000457,36.0,FL,30.222043,-81.561327,Express Exterior,05-2023,05-2023,2023,Shopping,0.15,One in 2 Miles,0.075,More Than 70 Hours,0.15,Inside Lot No Light,0.05,Easy In/Out With Divided Highway,0.1,14 - 10 Vehicles,0.075,12 - 20 Vehicles,0.1,2,0.1,Less Than 300 Feet Both Directions,0.0,40 - 50 MPH,0.05,0.85,2.1,0.0,0.54,-0.003,0.774,0.2055,5.0,0.0,0.050625,49504.0,0.03,0.02,0.02,12.0,84.0,7866.479475913844,,0,0.1,0.1,0.05,9102.0,12013.0,13393.0,13748.0,14833.0,6042.0,7532.0,7872.0,8156.0,8273.0,4605.0,6255.0,6495.0,7007.0,6506.0,6016.0,2889,5136,6171.0,5564.0,,5832,12,12,12,2,0,14833.0,177996.0,487.7,153.0,173.0,52.73,,False
"Sonny's Express Exterior Proforma 510 E Broadway, Louisville, KY_0695w00000U7IlyAAF.xlsx",Classie Express Wash,classicexpcw_000556,1.0,KY,38.244742,-85.745003,Express Exterior,05-2023,05-2023,2023,Business,0.1,One in 4 Miles,0.15,More Than 70 Hours,0.15,Inside Lot Near Light,0.075,Easy In & Easy Out,0.15,Less Than 10 Vehicles,0.05,Less Than 12 Vehicles,0.05,2,0.1,More Than 500 Feet Both Directions,0.15,40 - 50 MPH,0.05,1.025,2.0,-0.01,0.526,-0.0072,0.569,0.0517499999999999,5.0,0.0,0.0086374999999999,18884.0,0.02,0.02,0.02,12.0,84.0,6055.921576659653,8277.791666666668,2,0.1,0.05,0.075,4020.0,5305.0,5857.0,6071.0,6551.0,4879.0,5730.0,6141.0,6374.0,6573.0,3327.0,4257.0,4534.0,4900.0,4625.0,4143.0,966,2605,3932.0,3808.0,,3804,12,12,12,2,0,6551.0,78612.0,215.4,67.6,87.6,26.7,,False
Sonny's Express Exterior Proforma_0695w00000OuG88AAF.xlsx,Havasu Express Car Wash,lakehavasuexp_000487,1.0,AZ,34.476881,-114.3462,Express Exterior,05-2023,05-2023,2023,Shopping,0.15,One in 4 Miles,0.15,More Than 70 Hours,0.15,Inside Lot Near Light,0.075,Easy In/Out With Divided Highway,0.1,20 - 15 Vehicles,0.125,12 - 20 Vehicles,0.1,2,0.1,300 - 400 Feet Both Directions,0.05,30 - 40 MPH,0.1,1.1,2.2,0.0,0.43,-0.036,0.68,0.135,5.0,0.0,0.02475,16714.0,0.02,0.02,0.02,12.0,84.0,6857.509799227923,,0,0.1,0.1,0.075,3879.0,5120.0,5652.0,5859.0,6321.0,5293.0,6728.0,6730.0,6381.0,6380.0,3694.0,5116.0,5086.0,5021.0,4595.0,4802.0,1116,2705,5587.0,5056.0,,5533,12,12,12,2,0,6321.0,75852.0,207.8,65.2,85.2,25.97,,False
Flexserve_proforma_ Sonny's (3-mile market)_0695w00000CDfUdAAL.xlsx,True Clean,trueclean_000554,1.0,CO,39.698793,-105.32867,Flexserve,05-2023,05-2023,2023,SHOPPING,0.15,ONE IN 4 MILES,0.15,MORE THAN 70 HOURS,0.15,INSIDE LOT NEAR LIGHT,0.075,EASY IN & EASY OUT,0.15,LESS THAN 20 VEHICLES,0.125,LESS THAN 15 VEHICLES,0.05,2,0.1,MORE THAN 300 FEET BOTH DIRECTIONS,0.05,LESS THAN 40 MPH,0.1,1.1,2.5,0.0,45.1,-0.0296999999999999,0.878,0.2835,5.0,0.0,0.0634499999999999,18263.0,,,,,,8236.722369352772,5970.833333333334,2,0.1,0.05,0.075,4105.0,5418.0,5865.0,6079.0,6559.0,5666.0,7941.0,8247.0,8081.0,8095.0,3893.0,5944.0,6134.0,6259.0,5739.0,5678.0,6225,9912,10225.0,10492.0,,10178,12,12,12,2,0,6559.0,78708.0,215.6,67.7,87.7,26.73,,False
"Sonny's Express Exterior Proforma 1245 Fremont St., Fenley_0695w00000QAl3eAAD.xlsx",Lickety Split Express,licketysplitexp_000558,1.0,NV,39.606931,-119.224565,Express Exterior,05-2024,05-2024,2024,Shopping,0.15,One in 4 Miles / Multiple in 2 Miles,0.15,More Than 70 Hours,0.15,Corner Lot With Light,0.15,Easy In & Easy Out,0.15,20 - 15 Vehicles,0.125,12 - 20 Vehicles,0.1,2,0.1,More Than 500 Feet Both Directions,0.15,30 - 40 MPH,0.1,1.325,2.7,0.0,0.479,-0.0213,0.775,0.20625,5.0,0.0,0.0462375,17466.0,0.02,0.01,0.01,12.0,84.0,7243.099284523803,,0,0.1,0.1,0.15,4985.0,6579.0,7264.0,7456.0,8044.0,5261.0,7039.0,7187.0,6939.0,6946.0,3896.0,5680.0,5762.0,5793.0,5308.0,5382.0,6268,9610,10885.0,,,9962,11,12,2,0,0,8044.0,96528.0,264.5,83.0,103.0,31.39,,False
"Sonny's Express Exterior Proforma 14537 Sherman Way, Los Angeles_0695w00000QAXd4AAH.xlsx",Van Nuys,luvcarwash_000457,61.0,CA,34.201644,-118.450113,Express Exterior,05-2024,05-2024,2024,Shopping,0.15,Multiple in 2 Miles,-0.025,More Than 70 Hours,0.15,Corner Lot With Light / Corner Lot Without Light,0.15,Easy In & Easy Out,0.15,14 - 10 Vehicles,0.075,12 - 20 Vehicles,0.1,2,0.1,More Than 500 Feet Both Directions,0.15,40 - 50 MPH,0.05,1.05,3.2,-0.1,0.538,-0.0036,0.695,0.1462499999999999,5.0,0.0,0.0106624999999999,34622.0,0.01,0.01,0.0,12.0,84.0,15850.55489971475,,0,0.1,0.1,0.15,7564.0,9984.0,10914.0,11313.0,12086.0,10255.0,15149.0,16335.0,16920.0,17410.0,8937.0,14384.0,15413.0,16623.0,15657.0,13861.0,20338,20713,18770.0,,,18770,12,12,2,0,0,12086.0,145032.0,397.3,124.7,144.7,44.1,,False
"Sonny's Express Exterior Proforma 3893 McCoy Rd, Orlando, FL 32812 (traffic volume)_0695w00000WO8AHAA1.xlsx",Floris Car Wash,floriscarwash_000233,1.0,FL,28.452051,-81.333977,Express Exterior,06-2020,06-2020,2020,Business,0.1,One in 4 Miles,0.15,More Than 70 Hours,0.15,Inside Lot Near Light,0.075,Easy In & Easy Out,0.15,20 - 15 Vehicles,0.125,12 - 20 Vehicles,0.1,2,0.1,400 - 500 Feet Both Directions,0.1,40 - 50 MPH,0.05,1.1,2.7,0.0,0.528,-0.0066,0.699,0.1492499999999999,5.0,0.0,0.0356624999999999,11674.0,0.02,0.01,0.01,12.0,84.0,13637.745276719004,,0,0.1,0.1,0.075,2738.0,3614.0,3990.0,4095.0,4419.0,9820.0,12911.0,13574.0,13889.0,13918.0,7121.0,10202.0,10658.0,11355.0,10416.0,9924.0,7121,12274,13098.0,12792.0,9001.0,11816,12,12,12,12,3,4419.0,53028.0,145.3,45.6,65.6,19.99,,False
Sonny's Express Exterior Proforma_0695w00000DzJq4AAF.xlsx,Rock N Roll Stuart,rocknrollexpress_000224,1.0,FL,27.184451,-80.241684,Express Exterior,06-2020,06-2020,2020,Business,0.1,One in 2 Miles,0.075,More Than 70 Hours,0.15,Inside Lot Near Light,0.075,Easy In/Out With Divided Highway,0.1,20 - 15 Vehicles,0.125,12 - 20 Vehicles,0.1,2,0.1,Less Than 300 Feet Both Directions,0.0,40 - 50 MPH,0.05,0.875,2.1,0.0,0.458,-0.0276,0.716,0.1619999999999999,5.0,0.0,0.0335999999999999,39007.0,0.02,0.01,0.01,12.0,84.0,8693.738042368825,,0,0.1,0.1,0.075,7263.0,9586.0,10583.0,10863.0,11721.0,7059.0,8410.0,8453.0,8399.0,8343.0,5601.0,7271.0,7263.0,7514.0,6832.0,6923.0,2458,4189,5888.0,6548.0,6352.0,2229,12,12,12,12,12,11721.0,140652.0,385.3,120.9,140.9,42.95,,False
Sonny's Express Exterior Proforma_0695w00000AA9l6AAD.xlsx,JJ Express Car Wash,jjexpresscw_000427,1.0,AZ,32.837872,-109.736334,Express Exterior,06-2022,06-2022,2022,Shopping,0.15,One in 4 Miles,0.15,More Than 70 Hours,0.15,Inside Lot Near Light,0.075,Easy In & Easy Out,0.15,14 - 10 Vehicles,0.075,Less Than 12 Vehicles,0.05,2,0.1,More Than 500 Feet Both Directions,0.15,30 - 40 MPH,0.1,1.15,2.9,0.0,0.492,-0.0174,0.66,0.12,5.0,0.0,0.02565,18949.0,0.02,0.02,0.02,12.0,84.0,7397.095535277145,,0,0.1,0.05,0.075,4602.0,6073.0,6705.0,6950.0,7499.0,5407.0,7196.0,7332.0,7066.0,7072.0,3785.0,5488.0,5556.0,5576.0,5109.0,5196.0,4600,6781,5650.0,4694.0,4986.0,4556,12,12,12,12,1,7499.0,89988.0,246.5,77.4,97.4,29.69,,False
Sonny's Express Exterior Proforma_0695w00000ShakSAAR.xlsx,The Auto Spa @ University,mainstreet_000067,3.0,OK,34.005312,-96.409418,Express Exterior,06-2023,06-2023,2023,Shopping,0.15,Multiple in 2 Miles,-0.025,More Than 70 Hours,0.15,Corner Lot With Light,0.15,Easy In & Easy Out,0.15,20 - 15 Vehicles,0.125,12 - 20 Vehicles,0.1,2,0.1,More Than 500 Feet Both Directions,0.15,Less Than 30 MPH,0.15,1.2,2.4,0.0,0.487,-0.0189,0.547,0.03525,7.0,-0.15,-0.0334125,8983.0,,,,12.0,84.0,6337.822995638882,5198.166666666667,1,0.1,0.1,0.15,2145.0,2831.0,3065.0,3177.0,3427.0,5333.0,6173.0,5939.0,5593.0,5399.0,3337.0,4209.0,4023.0,3945.0,3486.0,3979.0,6494,9199,9616.0,6417.0,,9766,12,12,12,1,0,3427.0,41124.0,112.7,35.4,55.4,16.89,,False
Sonny's Express Exterior Proforma_069f2000005bE4vAAE.xlsx,Brookhurst Express Car Wash,brookhurstexpresscw_000235,1.0,CA,33.751349,-117.955791,Express Exterior,07-2020,07-2020,2020,Shopping,0.15,One in 2 Miles,0.075,More Than 70 Hours,0.15,Inside Lot Near Light,0.075,Easy In/Out With Divided Highway,0.1,20 - 15 Vehicles,0.125,12 - 20 Vehicles,0.1,2,0.1,400 - 500 Feet Both Directions,0.1,40 - 50 MPH,0.05,1.025,3.6,-0.3,0.524,-0.0078,0.69,0.1424999999999999,7.0,-0.15,-0.078825,48096.0,0.0,0.0,0.0,12.0,84.0,8270.007616229504,,0,0.1,0.1,0.075,9350.0,12340.0,13357.0,13845.0,14938.0,5792.0,7994.0,8282.0,8120.0,8159.0,4484.0,6742.0,6941.0,7086.0,6517.0,6424.0,4049,10137,8747.0,8069.0,9154.0,7362,11,12,12,12,12,14938.0,179256.0,491.1,154.1,174.1,53.07,,False
Sonny's Express Exterior Proforma_069f2000005aZWaAAM.xlsx,Glacier Express King Ave,glacierexpress_000240,1.0,MT,45.754659,-108.563221,Express Exterior,07-2020,07-2020,2020,Business,0.1,Multiple in 2 Miles,-0.025,More Than 70 Hours,0.15,Inside Lot Near Light,0.075,Easy In/Out With Divided Highway,0.1,20 - 15 Vehicles,0.125,12 - 20 Vehicles,0.1,2,0.1,400 - 500 Feet Both Directions,0.1,30 - 40 MPH,0.1,0.925,2.3,0.0,0.514,-0.0108,0.663,0.12225,6.0,-0.075,0.0091125,36267.0,0.0,0.0,0.0,12.0,84.0,7103.734437601391,,0,0.1,0.1,0.075,6505.0,8586.0,9293.0,9633.0,10393.0,5786.0,7032.0,6822.0,6261.0,6200.0,4305.0,5701.0,5496.0,5252.0,4761.0,5304.0,9217,12905,11380.0,9260.0,8207.0,6108,12,12,12,12,12,10393.0,124716.0,341.7,107.2,127.2,38.77,,False
Sonny's Express Exterior Proforma_069f2000008KdYrAAK.xlsx,Hero CarWash,herocarwash_000253,1.0,TX,32.807895,-96.992353,Express Exterior,07-2020,07-2020,2020,Business,0.1,Multiple in 2 Miles,-0.025,More Than 70 Hours,0.15,Corner Lot Without Light,0.125,Easy In/Out With Divided Highway,0.1,20 - 15 Vehicles,0.125,12 - 20 Vehicles,0.1,2,0.1,300 - 400 Feet Both Directions,0.05,40 - 50 MPH,0.05,0.875,2.6,0.0,0.543,-0.0021,0.795,0.22125,6.0,-0.075,0.0360375,38038.0,0.0,0.0,0.0,12.0,84.0,7822.837417521663,,0,0.1,0.1,0.125,7099.0,9370.0,10142.0,10513.0,11343.0,6625.0,7629.0,8043.0,8862.0,9456.0,5512.0,6915.0,7245.0,8312.0,8117.0,6530.0,3359,4477,3715.0,2431.0,,3324,12,12,12,4,0,11343.0,136116.0,372.9,117.0,137.0,41.76,,False
Sonny's Express Exterior Proforma_0695w00000DyF6PAAV.xlsx,Aqua Shine Greenville,revexpress_000340,1.0,SC,34.829075,-82.369705,Express Exterior,07-2021,07-2021,2021,Business,0.1,One in 2 Miles,0.075,More Than 70 Hours,0.15,Corner Lot With Light / Inside Lot Near Light,0.15,Easy In & Easy Out,0.15,20 - 15 Vehicles,0.125,12 - 20 Vehicles,0.1,2,0.1,More Than 500 Feet Both Directions,0.15,30 - 40 MPH,0.1,1.2,2.1,0.0,0.524,-0.0078,0.667,0.12525,5.0,0.0,0.0293625,24297.0,0.01,0.0,0.0,12.0,84.0,9689.199592726629,,0,0.1,0.1,0.15,6179.0,8156.0,8915.0,9150.0,9873.0,7257.0,9236.0,9626.0,9827.0,9855.0,6060.0,8403.0,8703.0,9251.0,8492.0,8119.0,4548,4703,5004.0,4232.0,4418.0,4180,12,12,12,12,12,9873.0,118476.0,324.6,101.9,121.9,37.16,,False
"Sonny's Express Exterior Proforma 9520 Cullen Blvd., Houston_0695w00000Sho0XAAR.xlsx",Cadillac Express Cullen,cadillacexpresscw_000080,7.0,TX,29.653275,-95.355952,Express Exterior,07-2023,07-2023,2023,Shopping,0.15,One in 4 Miles,0.15,More Than 70 Hours,0.15,Inside Lot Near Light,0.075,Easy In/Out With Divided Highway,0.1,20 - 15 Vehicles,0.125,12 - 20 Vehicles,0.1,3 or More,0.15,300 - 400 Feet Both Directions,0.05,30 - 40 MPH,0.1,1.15,2.8,0.0,0.474,-0.0228,0.569,0.0517499999999999,5.0,0.0,0.0072374999999999,23131.0,0.01,0.01,0.0,12.0,84.0,9973.02618121304,4215.333333333333,3,0.15,0.1,0.075,5516.0,7281.0,7959.0,8250.0,8814.0,7639.0,9545.0,9662.0,9511.0,9350.0,7708.0,10493.0,10555.0,10819.0,9736.0,10097.0,5138,7470,7749.0,,,7788,12,12,12,0,0,8814.0,105768.0,289.8,90.9,110.9,33.8,,False
Sonny's Express Exterior Proforma (modified traffic)_0695w00000HHR0tAAH.xlsx,Seaford Car Wash,seafordcarwash_000354,1.0,NY,40.66476,-73.502306,Express Exterior,08-2021,01-2020,2021,Business,0.1,Multiple in 2 Miles,-0.025,More Than 70 Hours,0.15,Inside Lot Near Light,0.075,Easy In & Easy Out,0.15,14 - 10 Vehicles,0.075,Less Than 12 Vehicles,0.05,1,0.05,More Than 500 Feet Both Directions,0.15,30 - 40 MPH,0.1,0.875,2.95,0.0,0.512,-0.0114,0.899,0.29925,5.0,0.0,0.0719625,20000.0,0.0,0.0,0.0,12.0,84.0,3109.991493799192,,0,0.05,0.05,0.075,4248.0,5607.0,6069.0,6291.0,6788.0,2709.0,2964.0,2985.0,2900.0,2873.0,1088.0,1297.0,1297.0,1312.0,1190.0,1253.0,3073,3307,3216.0,3356.0,3209.0,3348,12,12,12,12,11,6788.0,81456.0,223.2,70.0,90.0,27.43,,False
"Sonny's Express Exterior Proforma 2416 Dempster St., Evanston_0695w00000SjPaGAAV.xlsx",Evanston Car Wash,evanstoncw_000480,1.0,IL,42.04049,-87.7079,Express Exterior,08-2022,08-2022,2022,Business,0.1,Multiple in 4 Miles / Multiple in 2 Miles,0.125,More Than 70 Hours,0.15,Inside Lot No Light,0.05,Easy In & Easy Out,0.15,Less Than 10 Vehicles,0.05,Less Than 12 Vehicles,0.05,1,0.05,400 - 500 Feet Both Directions,0.1,30 - 40 MPH,0.1,0.925,3.0,0.0,0.514,-0.0108,0.756,0.192,5.0,0.0,0.0453,12464.0,0.01,0.0,0.0,12.0,84.0,6435.7699834897385,,0,0.05,0.05,0.05,2481.0,3275.0,3580.0,3674.0,3964.0,5678.0,6154.0,6350.0,6483.0,6767.0,2723.0,3216.0,3298.0,3506.0,3349.0,3098.0,2320,2306,3132.0,3731.0,,3304,12,12,12,11,0,3964.0,47568.0,130.3,40.9,60.9,18.56,,False
Sonny's Express Exterior Proforma_0695w00000NTSyBAAX.xlsx,Jones,luvcarwash_000457,10.0,NV,36.085064,-115.2247,Express Exterior,08-2022,08-2022,2022,Business,0.1,Multiple in 2 Miles,-0.025,More Than 70 Hours,0.15,Corner Lot With Light,0.15,Easy In & Easy Out,0.15,20 - 15 Vehicles,0.125,Less Than 12 Vehicles,0.05,2,0.1,More Than 500 Feet Both Directions,0.15,40 - 50 MPH,0.05,1.0,2.47,0.0,0.532,-0.0054,0.716,0.1619999999999999,5.0,0.0,0.0391499999999999,44494.0,0.01,0.01,0.01,12.0,84.0,11072.066122929,7787.0,1,0.1,0.05,0.15,9519.0,12564.0,13735.0,14237.0,15361.0,7854.0,10722.0,10630.0,9816.0,9547.0,6945.0,10332.0,10178.0,9786.0,8712.0,9825.0,5066,6680,6817.0,5910.0,,6284,12,12,12,11,0,15361.0,184332.0,505.0,158.5,178.5,54.41,,False
"Sonny's Express Exterior Proforma 13020 US-1, Sebastian_0695w00000RVGPpAAP.xlsx",Pelican Car Wash,pelicancw_000512,1.0,FL,27.832146,-80.480688,Express Exterior,08-2023,08-2023,2023,Shopping,0.15,One in 4 Miles,0.15,More Than 70 Hours,0.15,Inside Lot No Light,0.05,Easy In Or Easy Out One Way,0.05,14 - 10 Vehicles,0.075,Less Than 12 Vehicles,0.05,2,0.1,More Than 500 Feet Both Directions,0.15,40 - 50 MPH,0.05,0.975,2.1,0.0,0.4,-0.045,0.67,0.1275,5.0,0.0,0.020625,23994.0,0.02,0.01,0.01,12.0,84.0,8718.679409775123,,0,0.1,0.05,0.05,4916.0,6488.0,7163.0,7352.0,7933.0,7120.0,8443.0,8499.0,8484.0,8456.0,4996.0,6455.0,6457.0,6711.0,6123.0,6139.0,4387,5774,6341.0,,,6673,12,12,11,0,0,7933.0,95196.0,260.8,81.8,101.8,31.03,,False
Sonny's Express Exterior Proforma (traffic volume)_0695w000009kd1pAAA.xlsx,Hercules/Elite Care Auto,elitecare_000384,1.0,OH,40.72053,-82.543567,Express Exterior,09-2022,09-2022,2022,Shopping,0.15,One in 4 Miles,0.15,More Than 70 Hours,0.15,Inside Lot Near Light,0.075,Easy In Or Easy Out One Way,0.05,More Than 20 Vehicles,0.15,12 - 20 Vehicles,0.1,2,0.1,More Than 500 Feet Both Directions,0.15,30 - 40 MPH,0.1,1.175,2.2,0.0,0.484,-0.0198,0.569,0.0517499999999999,5.0,0.0,0.0079874999999999,13694.0,0.0,0.0,0.0,12.0,84.0,8190.735372557412,,0,0.1,0.1,0.075,3117.0,4114.0,4452.0,4615.0,4980.0,6032.0,7675.0,8299.0,8436.0,8458.0,4214.0,5842.0,6276.0,6644.0,6097.0,5741.0,5232,6329,6886.0,6644.0,,6142,12,12,12,10,0,4980.0,59760.0,163.7,51.4,71.4,21.76,,False
Sonny's Express Exterior Proforma_0695w00000NRw9rAAD.xlsx,Dunn,luvcarwash_000457,42.0,FL,28.656632,-81.531356,Express Exterior,09-2023,09-2023,2023,Business,0.1,One in 4 Miles,0.15,More Than 70 Hours,0.15,Corner Lot With Light,0.15,Easy In/Out With Divided Highway,0.1,20 - 15 Vehicles,0.125,More Than 20 Vehicles,0.15,3 or More,0.15,Less Than 300 Feet Both Directions,0.0,30 - 40 MPH,0.1,1.175,2.6,0.0,0.499,-0.0153,0.632,0.099,5.0,0.0,0.020925,32005.0,0.01,0.01,0.01,12.0,84.0,14582.712724913175,26186.25,1,0.15,0.15,0.15,7904.0,10433.0,11405.0,11822.0,12755.0,11155.0,13953.0,14789.0,15647.0,16069.0,13653.0,18608.0,19599.0,21591.0,20297.0,17911.0,6883,10931,12287.0,,,11265,12,12,10,0,0,12755.0,153060.0,419.3,131.6,151.6,46.21,,False
"Sonny's Express Exterior Proforma 3972 Teays Valley Rd., Hurricane_0695w00000Q8nOVAAZ.xlsx",Thoroughbred Teays,thoroughbredcw_000304,18.0,WV,38.448511,-81.942794,Express Exterior,09-2023,09-2023,2023,Business,0.1,One in 4 Miles,0.15,More Than 70 Hours,0.15,Corner Lot Without Light,0.125,Easy In & Easy Out,0.15,20 - 15 Vehicles,0.125,12 - 20 Vehicles,0.1,2,0.1,400 - 500 Feet Both Directions,0.1,40 - 50 MPH,0.05,1.15,2.6,0.0,0.503,-0.0141,0.79,0.2175,5.0,0.0,0.05085,24938.0,0.01,0.0,0.0,12.0,84.0,8343.902687206286,,0,0.1,0.1,0.125,6205.0,8189.0,8952.0,9188.0,9913.0,6738.0,8064.0,8740.0,9806.0,10499.0,5276.0,6879.0,7409.0,8656.0,8483.0,6556.0,3876,6559,7409.0,,,6974,12,12,10,0,0,9913.0,118956.0,325.9,102.3,122.3,37.28,,False
SONNY'S Flex Proforma_069f2000007O43iAAC.xls,Virginia Car Wash Co.,napcowash_000528,1.0,VA,36.817316,-76.442251,Flex,09-2023,09-2023,2023,SHOPPING,0.15,ONE IN 4 MILES,0.15,MORE THAN 70 HOURS,0.15,CORNER LOT WITH LIGHT,0.15,EASY IN & EASY OUT,0.15,LESS THAN 20 VEHICLES,0.125,LESS THAN 20 VEHICLES,0.1,2.0,0.1,MORE THAN 500 FEET BOTH DIRECTIONS,0.15,LESS THAN 50  MPH,0.05,1.275,2.8,0.0,51.7,-0.0098999999999999,0.817,0.2377499999999999,6.0,-0.075,0.0382124999999999,19000.0,,,,,,5972.4566828024335,4678.833333333333,1,0.1,0.1,0.15,4833.0,6379.0,6904.0,7157.0,7722.0,4879.0,5784.0,6238.0,6975.0,7460.0,3795.0,4903.0,5254.0,6117.0,5989.0,4662.0,1650,3009,3493.0,,,2896,12,12,10,0,0,7722.0,92664.0,253.9,79.7,99.7,30.39,,False
Sonny's Express Exterior Proforma_0695w0000097wpaAAA.xlsx,Cadillac Express Little York,cadillacexpresscw_000080,3.0,TX,29.870405,-95.395894,Express Exterior,10-2020,10-2020,2020,Business,0.1,One in 4 Miles,0.15,More Than 70 Hours,0.15,Corner Lot Without Light,0.125,Easy In/Out With Divided Highway,0.1,20 - 15 Vehicles / Less Than 10 Vehicles,0.125,More Than 20 Vehicles,0.15,3 or More,0.15,More Than 500 Feet Both Directions,0.15,40 - 50 MPH,0.05,1.25,3.4,-0.1999999999999999,0.498,-0.0156,0.52,0.015,8.0,-0.2249999999999999,-0.1063999999999999,24621.0,0.02,0.02,0.02,12.0,84.0,11061.136368003898,,0,0.15,0.15,0.125,5662.0,7473.0,8250.0,8552.0,9228.0,8117.0,10506.0,10947.0,11127.0,11125.0,8910.0,12566.0,13010.0,13770.0,12603.0,12184.0,8870,12365,13955.0,12246.0,11536.0,11070,12,12,12,12,12,9228.0,110736.0,303.4,95.2,115.2,35.11,,False
Sonny's Express Exterior Proforma  (vehicle market)_0695w00000IU9N0AAL.xlsx,Aladdin Car Wash,aladdincw_000434,1.0,TX,31.0889,-97.378205,Express Exterior,10-2022,10-2022,2022,Shopping,0.15,Multiple in 2 Miles,-0.025,More Than 70 Hours,0.15,Inside Lot No Light,0.05,Easy In & Easy Out,0.15,More Than 20 Vehicles,0.15,12 - 20 Vehicles,0.1,2,0.1,More Than 500 Feet Both Directions,0.15,30 - 40 MPH,0.1,1.075,2.34,0.0,0.48,-0.021,0.623,0.09225,5.0,0.0,0.0178124999999999,35227.0,0.02,0.02,0.02,12.0,84.0,5682.086584412117,,0,0.1,0.1,0.05,8729.0,11521.0,12719.0,13185.0,14226.0,4560.0,5485.0,5807.0,6240.0,6509.0,3340.0,4378.0,4606.0,5153.0,4920.0,4177.0,2279,2855,2812.0,2319.0,,2449,12,12,12,9,0,14226.0,170712.0,467.7,146.8,166.8,50.84,,False
Sonny's Express Exterior Proforma_0695w00000CFRZEAA5.xlsx,Dix Hill Car Wash,dixhillscw_000517,1.0,NY,40.832405,-73.361128,Express Exterior,10-2022,10-2022,2022,Shopping,0.15,Multiple in 2 Miles,-0.025,More Than 70 Hours,0.15,Inside Lot Near Light,0.075,Easy In/Out With Divided Highway,0.1,Less Than 10 Vehicles,0.05,Less Than 12 Vehicles,0.05,1,0.05,300 - 400 Feet Both Directions,0.05,Less Than 30 MPH,0.15,0.8000000000000003,3.0,0.0,0.51,-0.012,0.86,0.27,5.0,0.0,0.0645,25596.0,,,,12.0,84.0,3290.0014799068554,3240.875,4,0.05,0.05,0.075,4189.0,5528.0,5984.0,6203.0,6692.0,2962.0,3156.0,3150.0,3068.0,3056.0,1334.0,1549.0,1536.0,1558.0,1420.0,1487.0,2684,2866,2626.0,2251.0,,2276,12,12,12,9,0,6692.0,80304.0,220.0,69.0,89.0,27.13,,False
Sonny's Express Exterior Proforma_0695w000009mpupAAA.xlsx,OBXpress,obxpress_000458,1.0,NC,36.071209,-75.695873,Express Exterior,10-2022,10-2022,2022,Business,0.1,One in 4 Miles,0.15,More Than 70 Hours,0.15,Inside Lot No Light,0.05,Easy In & Easy Out,0.15,Less Than 10 Vehicles,0.05,Less Than 12 Vehicles,0.05,1,0.05,More Than 500 Feet Both Directions / 400 - 500 Feet Both Directions,0.15,More Than 50 MPH,0.0,0.9000000000000001,2.4,0.0,0.526,-0.0072,0.786,0.2145,5.0,0.0,0.051825,13981.0,,,,12.0,84.0,7156.959197807139,,0,0.05,0.05,0.05,2725.0,3596.0,3893.0,4035.0,4354.0,5866.0,6936.0,7393.0,8160.0,8678.0,2909.0,3747.0,3968.0,4561.0,4440.0,3561.0,3042,2946,2964.0,3045.0,,3259,12,12,12,9,0,4354.0,52248.0,143.1,44.9,64.9,19.78,,False
Sonny's Express Exterior Proforma_0695w00000M3aHzAAJ.xlsx,Thoroughbred Seymour,thoroughbredcw_000304,4.0,IN,38.957211,-85.864575,Express Exterior,10-2022,10-2022,2022,Shopping,0.15,One in 4 Miles,0.15,More Than 70 Hours,0.15,Inside Lot Near Light,0.075,Easy In & Easy Out,0.15,20 - 15 Vehicles,0.125,12 - 20 Vehicles,0.1,2,0.1,400 - 500 Feet Both Directions,0.1,30 - 40 MPH,0.1,1.2,2.5,0.0,0.51,-0.012,0.67,0.1275,5.0,0.0,0.028875,31586.0,,,,12.0,84.0,8051.032122568201,,0,0.1,0.1,0.075,8029.0,10597.0,11470.0,11890.0,12828.0,6627.0,7636.0,7894.0,7780.0,7811.0,4976.0,6246.0,6417.0,6586.0,6052.0,6066.0,8634,10312,9813.0,8359.0,,8620,12,12,12,9,0,12828.0,153936.0,421.7,132.4,152.4,46.45,,False
Sonny's Express Exterior Proforma_0695w00000NQGu9AAH.xlsx,Blue Rhino Car Wash,bluerhinocw_000596,1.0,GA,34.044253,-84.695038,Express Exterior,10-2023,10-2023,2023,Shopping,0.15,Multiple in 2 Miles,-0.025,More Than 70 Hours,0.15,Inside Lot Near Light,0.075,Easy In Or Easy Out One Way,0.05,14 - 10 Vehicles,0.075,More Than 20 Vehicles,0.15,2,0.1,Less Than 300 Feet Both Directions,0.0,40 - 50 MPH,0.05,0.775,2.83,0.0,0.53,-0.006,0.805,0.22875,5.0,0.0,0.0556875,34076.0,0.02,0.02,0.02,12.0,84.0,9122.799801870073,2223.5833333333335,1,0.1,0.15,0.075,5740.0,7576.0,8364.0,8670.0,9354.0,7121.0,8761.0,9109.0,9421.0,9559.0,5582.0,7482.0,7730.0,8325.0,7732.0,7175.0,5918,7069,7442.0,,,7164,12,12,9,0,0,9354.0,112248.0,307.5,96.5,116.5,35.51,,False
"Sonny's Express Exterior Proforma 3111 Teays Valley Rd., Hurricane_0695w00000Q8kRHAAZ.xlsx",Thoroughbred Hurricane,thoroughbredcw_000304,15.0,WV,38.434292,-82.013593,Express Exterior,10-2023,10-2023,2023,Business,0.1,One in 4 Miles,0.15,More Than 70 Hours,0.15,Inside Lot Near Light,0.075,Easy In & Easy Out,0.15,20 - 15 Vehicles,0.125,Less Than 12 Vehicles,0.05,2,0.1,400 - 500 Feet Both Directions,0.1,30 - 40 MPH,0.1,1.1,2.51,0.0,0.5,-0.015,0.752,0.189,5.0,0.0,0.0435,14583.0,0.0,0.0,0.0,12.0,84.0,8460.426625000724,,0,0.1,0.05,0.075,3446.0,4549.0,4923.0,5103.0,5506.0,6893.0,8190.0,8748.0,9623.0,10186.0,4781.0,6189.0,6569.0,7525.0,7290.0,5888.0,2920,4424,5847.0,,,5370,12,12,9,0,0,5506.0,66072.0,181.0,56.8,76.8,23.41,,False
Sonny's Express Exterior Proforma_069f2000007PSrqAAG.xlsx,Clean Wave Express Carwash,cleanwave_000278,1.0,CA,33.802604,-118.07235,Express Exterior,11-2020,11-2020,2020,Business,0.1,Multiple in 4 Miles,0.125,More Than 70 Hours,0.15,Corner Lot With Light,0.15,Easy In/Out With Divided Highway,0.1,14 - 10 Vehicles,0.075,Less Than 12 Vehicles,0.05,2,0.1,300 - 400 Feet Both Directions,0.05,30 - 40 MPH,0.1,1.0,2.8,0.0,0.493,-0.0171,0.8,0.225,5.0,0.0,0.051975,53812.0,0.0,0.0,0.0,12.0,84.0,7756.627689087414,,0,0.1,0.05,0.15,10878.0,14357.0,15540.0,16108.0,17380.0,5493.0,7510.0,7750.0,7569.0,7600.0,4201.0,6257.0,6416.0,6525.0,5997.0,5952.0,10019,13299,12332.0,13704.0,14877.0,14486,12,12,12,12,12,17380.0,208560.0,571.4,179.3,199.3,60.75,,False
Sonny's Express Exterior Proforma Update_0695w00000HJAnSAAX.xlsx,Magic City Car Wash,magiccitycw_000357,1.0,ND,48.242594,-101.296108,Express Exterior,11-2021,11-2021,2021,Business,0.1,Multiple in 2 Miles,-0.025,More Than 70 Hours,0.15,Inside Lot Near Light,0.075,Easy In & Easy Out,0.15,20 - 15 Vehicles,0.125,12 - 20 Vehicles,0.1,2,0.1,400 - 500 Feet Both Directions,0.1,30 - 40 MPH,0.1,0.975,2.2,0.0,0.525,-0.0075,0.772,0.204,5.0,0.0,0.049125,25042.0,0.02,0.02,0.02,12.0,84.0,6087.967993995477,,0,0.1,0.1,0.075,4922.0,6497.0,7172.0,7435.0,8022.0,5256.0,5806.0,5876.0,5703.0,5729.0,3690.0,4441.0,4467.0,4514.0,4151.0,4289.0,5542,5616,6160.0,5933.0,7036.0,6332,12,12,12,12,8,8022.0,96264.0,263.7,82.8,102.8,31.33,,False
Sonny's Express Exterior Proforma_0695w00000EPxlQAAT.xlsx,Stevens Creek Xpress,stevenscreek_000445,1.0,CA,37.324219,-121.964759,Express Exterior,11-2022,11-2022,2022,Business,0.1,One in 2 Miles,0.075,More Than 70 Hours,0.15,Corner Lot With Light,0.15,Easy In & Easy Out,0.15,20 - 15 Vehicles,0.125,12 - 20 Vehicles,0.1,2,0.1,Less Than 300 Feet Both Directions,0.0,30 - 40 MPH,0.1,1.05,2.6,0.0,0.533,-0.0051,0.848,0.261,5.0,0.0,0.063975,51924.0,0.0,0.0,0.0,12.0,84.0,11381.620867271127,12186.708333333332,2,0.1,0.1,0.15,11943.0,15763.0,17061.0,17685.0,19082.0,8464.0,11102.0,11301.0,10934.0,10998.0,7012.0,10021.0,10136.0,10212.0,9402.0,9461.0,8950,19776,23692.0,24294.0,,24086,12,12,12,8,0,19082.0,228984.0,627.4,196.9,216.9,66.11,,False
Sonny's Express Exterior Proforma_0695w00000AAVe5AAH.xlsx,Big Dan's Bradenton 301,bigdans_000378,19.0,FL,27.466827,-82.563773,Express Exterior,11-2023,11-2023,2023,Shopping,0.15,One in 2 Miles,0.075,More Than 70 Hours,0.15,Corner Lot With Light,0.15,Easy In & Easy Out,0.15,20 - 15 Vehicles / Less Than 10 Vehicles,0.125,12 - 20 Vehicles,0.1,2,0.1,More Than 500 Feet Both Directions,0.15,30 - 40 MPH,0.1,1.25,2.4,0.0,0.47,-0.024,0.551,0.03825,6.0,-0.075,-0.0151874999999999,40502.0,0.02,0.02,0.02,12.0,84.0,10129.92437813315,,0,0.1,0.1,0.15,10265.0,13549.0,14958.0,15505.0,16729.0,7684.0,9678.0,10840.0,12516.0,13574.0,6356.0,8723.0,9709.0,11672.0,11587.0,8409.0,10930,14329,15869.0,,,14962,12,12,8,0,0,16729.0,200748.0,550.0,172.6,192.6,58.7,,False
Sonny's Express Exterior Proforma (Market share)_069f2000008N6nuAAC.xlsx,Mr. D Cranston,mrdcarwash_000205,3.0,WI,42.53266,-89.021182,Express Exterior,11-2023,11-2023,2023,Business,0.1,One in 4 Miles,0.15,More Than 70 Hours,0.15,Inside Lot No Light,0.05,Easy In & Easy Out,0.15,14 - 10 Vehicles,0.075,Less Than 12 Vehicles,0.05,2,0.1,More Than 500 Feet Both Directions,0.15,30 - 40 MPH,0.1,1.075,2.5,0.0,0.492,-0.0174,0.559,0.04425,5.0,0.0,0.0067125,19660.0,0.0,0.0,0.0,12.0,84.0,7684.587830917571,,0,0.1,0.05,0.05,4088.0,5396.0,5841.0,6054.0,6532.0,6072.0,7255.0,7630.0,7612.0,7638.0,4512.0,5874.0,6139.0,6377.0,5857.0,5730.0,434,380,588.0,,,454,12,8,8,0,0,6532.0,78384.0,214.8,67.4,87.4,26.64,,False
Sonny's Express Exterior Proforma_0695w00000NQsShAAL.xlsx,Thoroughbred Campbellsville,thoroughbredcw_000304,6.0,KY,37.33921,-85.355993,Express Exterior,11-2023,11-2023,2023,Shopping,0.15,One in 4 Miles,0.15,More Than 70 Hours,0.15,Corner Lot Without Light,0.125,Easy In/Out With Divided Highway,0.1,20 - 15 Vehicles,0.125,12 - 20 Vehicles,0.1,2,0.1,400 - 500 Feet Both Directions,0.1,30 - 40 MPH,0.1,1.2,2.3,0.0,0.49,-0.018,0.6,0.0749999999999999,5.0,0.0,0.0142499999999999,17402.0,,,,12.0,84.0,7774.244047891132,,0,0.1,0.1,0.125,4361.0,5755.0,6229.0,6457.0,6967.0,6201.0,7496.0,7606.0,7619.0,7594.0,4722.0,6219.0,6270.0,6540.0,5967.0,5940.0,2156,3259,3670.0,,,3570,12,12,8,0,0,6967.0,83604.0,229.1,71.9,91.9,28.01,,False
Sonny's Express Exterior Proforma_0695w00000D8SHiAAN.xlsx,Suds Deluxe Tomball,sudsdeluxe_000305,1.0,TX,30.114038,-95.554531,Express Exterior,12-2020,12-2020,2020,Business,0.1,One in 2 Miles,0.075,More Than 70 Hours,0.15,Inside Lot Near Light,0.075,Easy In & Easy Out,0.15,More Than 20 Vehicles,0.15,12 - 20 Vehicles,0.1,3 or More,0.15,More Than 500 Feet Both Directions,0.15,40 - 50 MPH,0.05,1.15,3.0,0.0,0.503,-0.0141,0.898,0.2985,5.0,0.0,0.0711,26100.0,0.11,0.11,0.11,12.0,84.0,8705.079082945807,,0,0.15,0.1,0.075,6619.0,8736.0,10496.0,10880.0,11739.0,6512.0,8296.0,8805.0,9259.0,9456.0,6494.0,9014.0,9507.0,10410.0,9732.0,8711.0,7426,9486,9068.0,9289.0,8015.0,7312,12,12,12,12,12,11739.0,140868.0,385.9,121.1,141.1,43.01,,False
Sonny's Express Exterior Proforma (As is)_0695w00000AAGRMAA5.xlsx,Waterworks Express Car Wash,rivercities_000269,1.0,WI,45.089664,-87.650392,Express Exterior,12-2020,12-2020,2020,Business,0.1,One in 4 Miles,0.15,More Than 70 Hours,0.15,Corner Lot Without Light,0.125,Easy In & Easy Out,0.15,Less Than 10 Vehicles,0.05,Coin or None,-0.25,Live Person,0.0,More Than 500 Feet Both Directions,0.15,Less Than 30 MPH,0.15,0.7750000000000001,2.2,0.0,0.099,-0.1353,0.598,0.0734999999999999,5.0,0.0,-0.01545,17032.0,0.0,0.0,0.0,12.0,84.0,7426.493019509199,,0,0.0,-0.25,0.125,2497.0,3296.0,3567.0,3698.0,3990.0,5844.0,7008.0,7383.0,7374.0,7399.0,895.0,1169.0,1224.0,1273.0,1169.0,1141.0,3112,4572,5052.0,4255.0,3912.0,3480,12,12,12,12,12,3990.0,47880.0,131.2,41.2,61.2,18.65,,False
Sonny's Express Exterior Proforma_069f200000960PmAAI.xlsx,Soapy Shark Okeechobee,soapyshark_000467,1.0,FL,26.706031,-80.08515,Express Exterior,12-2022,12-2022,2022,Business,0.1,One in 2 Miles,0.075,More Than 70 Hours,0.15,Inside Lot Near Light,0.075,Easy In Or Easy Out One Way,0.05,20 - 15 Vehicles,0.125,12 - 20 Vehicles,0.1,2,0.1,400 - 500 Feet Both Directions,0.1,40 - 50 MPH,0.05,0.925,2.2,0.0,0.504,-0.0138,0.614,0.0854999999999999,5.0,0.0,0.0179249999999999,53091.0,0.02,0.02,0.02,12.0,84.0,7142.306324111784,13992.916666666666,1,0.1,0.1,0.075,10292.0,13584.0,14997.0,15546.0,16773.0,5832.0,6917.0,7044.0,7170.0,7231.0,4463.0,5767.0,5836.0,6185.0,5710.0,5484.0,5150,8868,8953.0,7678.0,,7751,12,12,12,7,0,16773.0,201276.0,551.4,173.0,193.0,58.83,,False
