zip5,total_washes,avg_washes,n_site_days,retail_total,membership_total,voucher_total,precip_mean,snowfall_mean,sunshine_mean,wind_mean,region,state,city,retail_share,membership_share,voucher_share,latitude,longitude,has_lat_lon,kmeans_cluster,dbscan_cluster,tsne_x,tsne_y
01830,201712,277.0769230769231,728,157867,19394,24451,1000.0,89.32,2966.076464,18.68278689,Northeast,MA,Haverhill,0.7826356389307527,0.09614698183548823,0.12121737923375903,42.7856,-71.0721,True,1,-1,-13.912644,9.610498
01841,206752,284.0,728,183179,21669,1904,1033.9,87.78,2981.593786,19.06393443,Northeast,MA,Lawrence,0.8859841742764278,0.10480672496517567,0.009209100758396533,42.7115,-71.167,True,1,-1,-8.988389,12.828073
01843,412318,283.18543956043953,1456,357779,43313,11226,1033.9,87.78,2981.593786,19.06393443,Northeast,MA,Lawrence,0.8677258814798287,0.10504756037815473,0.027226558142016598,42.6911,-71.1605,True,4,-1,-14.673694,15.833277
01844,198380,272.5,728,157824,21284,19272,1033.9,87.78,2981.593786,19.06393443,Northeast,MA,Methuen,0.7955640689585644,0.10728904123399537,0.09714688980744027,42.728,-71.181,True,1,-1,-13.677349,9.881464
01850,212653,292.1057692307692,728,164656,22662,25335,1064.0,86.87,2991.327881,18.50273224,Northeast,MA,Lowell,0.7742942728294452,0.1065679769389569,0.11913775023159795,42.656,-71.3051,True,1,-1,-13.969715,9.657858
01876,88672,121.9697386519945,727,68603,9074,10995,1079.3,79.87,2970.842853,18.27404372,Northeast,MA,Tewksbury,0.7736715084806929,0.10233219054492963,0.12399630097437749,42.6028,-71.2232,True,1,-1,-14.140657,9.146087
02360,191648,263.61485557083904,727,148907,42732,9,1148.4,54.32,2984.9373330000003,20.97650273,Northeast,MA,Plymouth,0.7769817582234095,0.22297128068124897,4.6961095341459343e-05,41.9104,-70.642,True,1,0,-5.481176,11.479451
02536,206352,283.45054945054943,728,175971,30324,57,1147.8,46.34,3053.369983,25.41120219,Northeast,MA,Falmouth,0.8527709932542452,0.14695277971621307,0.0002762270295417539,41.5968,-70.5671,True,1,-1,-6.5662155,10.438859
02871,36189,49.77854195323246,727,25997,2656,7536,1051.1,53.13,3072.8560609999995,29.604098360000002,Northeast,RI,Portsmouth,0.7183674597253309,0.07339246732432507,0.20824007295034402,41.5944,-71.252,True,1,-1,-17.421522,9.181353
02886,162570,223.31043956043956,728,132828,29742,0,1150.5,50.4,2981.228631,19.61666667,Northeast,RI,Warwick,0.817051116442148,0.182948883557852,0.0,41.7026,-71.4476,True,1,0,-5.3508496,12.001287
03051,192718,264.7225274725275,728,131317,13457,47944,1101.9,92.54000000000002,2997.448244,17.97486339,Northeast,NH,Hudson,0.6813945765315124,0.0698274162247429,0.24877800724374474,42.769,-71.4121,True,2,-1,-15.184504,7.770232
03064,269086,369.6236263736264,728,228951,39776,359,741.0,0.28,3261.774611,20.56530055,,VIC,craigieburn,0.8508469411266286,0.14781891291260044,0.0013341459607709059,42.779,-71.4748,True,1,-1,-3.9758713,9.262193
05403,165057,113.44123711340207,1455,150809,11351,2897,1029.7,120.81999999999998,2835.122308,22.86229508,Northeast,VT,South Burlington,0.9136783050703696,0.06877018242183003,0.017551512507800335,44.4513,-73.1796,True,1,-1,-14.333531,15.782296
05446,77086,106.03301237964237,727,70852,5236,998,1139.0,130.9,2846.278817,22.2136612,Northeast,VT,Colchester,0.919129284176115,0.06792413667851491,0.012946579145370106,44.536,-73.2022,True,1,-1,-11.896453,15.034171
06001,107,1.0918367346938775,98,107,0,0,1247.4,83.79,2996.8830189999994,18.71229508,Northeast,CT,Avon,1.0,0.0,0.0,41.7905,-72.8653,True,1,-1,-9.046619,18.765938
07094,75965,104.77931034482759,725,71101,4864,0,1078.5,49.14,2984.213386,16.29289617,Northeast,NJ,Secaucus,0.9359705127361285,0.06402948726387152,0.0,40.791,-74.0634,True,1,0,-5.0338593,16.885012
07624,96632,132.91884456671252,727,96632,0,0,1035.9,54.39,2992.630697,16.21256831,Northeast,NJ,Closter,1.0,0.0,0.0,40.9721,-73.959,True,1,0,-5.0809503,19.592838
07871,30180,53.51063829787234,564,30180,0,0,973.8,78.75,2962.680783,18.3136612,Northeast,NJ,Sparta Township,1.0,0.0,0.0,41.0277,-74.6407,True,1,-1,-8.0960245,18.412838
07945,61911,85.27685950413223,726,55558,6353,0,1070.2,61.81000000000001,2978.0603310000006,18.84918033,Northeast,NJ,Mendham,0.8973849558236824,0.10261504417631762,0.0,40.7789,-74.6,True,1,0,-6.6401725,14.9397545
08109,158964,218.35714285714286,728,138872,16602,3490,1037.9,30.94,2978.7266189999996,17.07349727,Northeast,NJ,Pennsauken Township,0.8736066027528245,0.10443874084698422,0.021954656400191237,39.9519,-75.0482,True,1,0,-3.7818682,13.935645
08401,364890,501.2225274725275,728,306501,56989,1400,1141.9,36.89,3068.677489,23.529234969999997,Northeast,NJ,Atlantic City,0.8399819123571487,0.15618131491682424,0.003836772726027022,39.3664,-74.4317,True,0,-1,-6.3853436,9.971125
10302,117556,161.9228650137741,726,97974,19582,0,1109.6,42.35,3032.3063279999997,20.00245902,Northeast,NY,STATEN ISLAND,0.8334240702303582,0.1665759297696417,0.0,40.6306,-74.1379,True,1,0,-5.3897653,12.682447
10306,143380,197.4931129476584,726,126008,17372,0,1109.6,42.35,3032.3063279999997,20.00245902,Northeast,NY,STATEN ISLAND,0.8788394476217045,0.12116055237829544,0.0,40.5682,-74.1184,True,1,0,-6.181568,13.563363
10312,99129,136.54132231404958,726,79067,20062,0,1107.6,49.489999999999995,2999.7284530000006,17.71065574,Northeast,NY,STATEN ISLAND,0.7976172462145286,0.20238275378547146,0.0,40.5457,-74.1792,True,1,0,-4.2980967,12.189188
11558,79820,109.94490358126721,726,70392,9428,0,1218.6,45.08,3076.026283,19.83907104,Northeast,NY,Island Park,0.8818842395389627,0.11811576046103733,0.0,40.604,-73.6554,True,1,0,-5.6902523,14.381048
11566,79282,108.90384615384616,728,71642,7639,1,1237.9,40.81,3057.610064,20.18196721,Northeast,NY,Merrick,0.9036351252491107,0.09635226154738781,1.2613203501425292e-05,40.6685,-73.5536,True,1,0,-5.7726135,15.015648
11694,81656,112.62896551724138,725,69331,12325,0,1178.9,47.67,3063.3009280000006,18.4920765,Northeast,NY,ROCKAWAY PARK,0.8490619182913687,0.15093808170863132,0.0,40.5766,-73.8428,True,1,0,-5.074479,13.432699
11703,45402,63.410614525139664,716,43099,2303,0,1172.9,45.92,3068.2412000000004,19.35081967,Northeast,NY,North Babylon,0.9492753623188406,0.050724637681159424,0.0,40.7321,-73.3236,True,1,0,-6.177899,17.103895
11717,59276,91.61669242658424,647,59276,0,0,1129.8,45.99,3024.332583,17.48142077,Northeast,NY,Brentwood,1.0,0.0,0.0,40.7809,-73.2503,True,1,0,-6.009112,18.5863
11743,66905,92.28275862068965,725,63578,3327,0,1200.6,50.89,2993.263531,17.20874317,Northeast,NY,Huntington,0.9502727748299828,0.04972722517001719,0.0,40.8676,-73.4102,True,1,0,-5.4104033,17.324852
11746,114498,157.27747252747253,728,104244,10254,0,1200.6,50.89,2993.2635310000005,17.20874317,Northeast,NY,Huntington Station,0.9104438505476078,0.08955614945239218,0.0,40.8143,-73.3634,True,1,0,-5.3215837,15.919703
11783,82000,112.94765840220386,726,78046,3954,0,1237.9,40.81,3057.6100639999995,20.18196721,Northeast,NY,Seaford,0.951780487804878,0.04821951219512195,0.0,40.6795,-73.491,True,1,0,-6.504942,16.8939
11901,20677,34.00822368421053,608,20677,0,0,1064.7,50.12,3093.974722,21.91010929,Northeast,NY,Riverhead,1.0,0.0,0.0,40.9262,-72.652,True,1,-1,-7.39832,17.77014
12095,288850,396.77197802197804,728,234247,53772,831,1278.0,126.35000000000001,2812.526017,19.47923497,Northeast,NY,Johnstown,0.8109641682534188,0.1861589060065778,0.002876925740003462,43.0069,-74.3715,True,1,-1,-13.150496,12.054218
12866,44789,65.10029069767442,688,24502,1238,19049,1368.0,96.18000000000002,2865.245406,17.05163934,Northeast,NY,Saratoga Springs,0.5470539641429816,0.027640715354216437,0.425305320502802,43.0708,-73.7408,True,2,-1,-16.08991,6.3596435
14304,80951,111.34938101788171,727,73233,7718,0,873.2,123.54999999999998,2779.106392,20.49453552,Northeast,NY,Niagara Falls,0.90465837358402,0.09534162641598004,0.0,43.0908,-78.9644,True,1,-1,-11.392849,14.349369
17078,249363,343.0027510316369,727,204402,42628,2333,975.2,41.65,2999.818081,19.20218579,Northeast,PA,Palmyra,0.81969658690343,0.1709475744196212,0.009355838676948865,40.3011,-76.5886,True,1,0,-5.1523395,10.808255
17201,67046,92.22283356258598,727,51967,12127,2952,833.6000000000001,36.19,2979.2770809999997,18.41830601,Northeast,PA,Chambersburg,0.7750947110938758,0.18087581660352595,0.04402947230259822,39.9313,-77.6579,True,1,-1,-3.6145635,11.831775
17602,67603,103.68558282208589,652,67603,0,0,1008.0,34.58,3022.467342,19.1431694,Northeast,PA,Lancaster,1.0,0.0,0.0,40.0335,-76.2844,True,1,0,-6.593935,18.714386
18104,156817,215.70426409903715,727,146342,10475,0,1010.5,50.89,2992.222094,18.65409836,Northeast,PA,Allentown,0.9332023951484851,0.06679760485151483,0.0,40.6018,-75.5225,True,1,0,-6.6560583,15.924705
18202,170367,234.34250343878955,727,151962,18108,297,973.7,58.8,2942.17735,20.54098361,Northeast,PA,Hazleton,0.8919685150293191,0.10628818961418585,0.001743295356495096,40.9506,-76.0487,True,1,0,-7.4022484,13.303333
19115,193391,280.68359941944846,689,193391,0,0,1016.3,31.5,2985.32355,17.84125683,Northeast,PA,Philadelphia,1.0,0.0,0.0,40.0903,-75.041,True,1,0,-6.302004,20.698223
19132,230816,326.47241867043846,707,230816,0,0,997.7,30.449999999999996,3001.8825670000006,16.99480874,Northeast,PA,Philadelphia,1.0,0.0,0.0,39.9954,-75.1698,True,1,0,-5.761227,21.337376
19139,127999,186.0450581395349,688,127999,0,0,997.6999999999999,30.45,3001.882567,16.99480874,Northeast,PA,Philadelphia,1.0,0.0,0.0,39.9612,-75.2303,True,1,0,-5.702329,19.990099
19141,229981,331.86291486291486,693,229981,0,0,989.4,31.92,3004.670286,17.50218579,Northeast,PA,Philadelphia,1.0,0.0,0.0,40.0365,-75.1451,True,1,0,-6.7486815,21.215038
19144,151428,219.4608695652174,690,151428,0,0,989.4,31.920000000000005,3004.670286,17.50218579,Northeast,PA,Philadelphia,1.0,0.0,0.0,40.0338,-75.1731,True,1,0,-6.2750907,20.038721
19146,174932,249.54636233951499,701,174932,0,0,997.7,30.45,3001.882567,16.99480874,Northeast,PA,Philadelphia,1.0,0.0,0.0,39.9379,-75.1794,True,1,0,-5.521346,20.675026
19151,183372,264.6060606060606,693,183372,0,0,994.3000000000001,31.64,2978.327381,17.87103825,Northeast,PA,Philadelphia,1.0,0.0,0.0,39.9772,-75.2545,True,1,0,-6.817559,20.45118
19153,242027,349.24531024531024,693,242027,0,0,1032.7,31.36,2989.578742,17.2442623,Northeast,PA,Philadelphia,1.0,0.0,0.0,39.9055,-75.2444,True,1,0,-6.262352,21.519255
19348,289335,397.4381868131868,728,261630,23635,4070,1066.0,32.69,2965.689661,20.88606557,Northeast,PA,Kennett Square,0.9042459432837369,0.08168731746936941,0.01406673924689374,39.855,-75.7,True,1,-1,-6.9756846,11.869695
19382,105849,157.27934621099556,673,105849,0,0,1023.4,34.79,3013.762967,19.63415301,Northeast,PA,West Chester,1.0,0.0,0.0,39.9441,-75.5882,True,1,0,-6.6801724,19.206686
19947,92755,127.41071428571429,728,77842,12863,2050,1306.7,50.61,3031.4080110000004,19.29972678,South,DE,Georgetown,0.8392216053042962,0.13867716026090238,0.02210123443480136,38.679,-75.3932,True,1,0,-5.090607,13.837329
21117,430671,591.5810439560439,728,322775,66144,41752,1164.3,38.64,3033.9760360000005,19.00655738,South,MD,Owings Mills,0.7494700130726238,0.15358359397312565,0.09694639295425046,39.4269,-76.7769,True,0,-1,-1.9531848,-5.8410544
22026,596499,819.3667582417582,728,433952,104452,58095,1198.1,51.59,2996.361083,16.72103825,South,VA,Dumfries,0.7274982858311582,0.17510842432258897,0.09739328984625288,38.5669,-77.2921,True,0,-1,-2.4368405,-6.789847
22554,404179,555.190934065934,728,289510,75686,38983,1306.0,57.050000000000004,3061.905775,16.98224044,South,VA,Stafford,0.7162915440930875,0.18725861561337923,0.09644984029353332,38.4586,-77.4306,True,0,-1,-2.2559998,-5.84991
23223,408286,280.4162087912088,1456,333112,73460,1714,1080.5,46.83,3167.458703,16.46311475,South,VA,Richmond,0.8158790651651049,0.17992289718481652,0.004198037650078621,37.5477,-77.3948,True,4,-1,2.8758187,-21.20322
23434,143380,196.95054945054946,728,115730,25574,2076,1215.4,31.08,3125.555222,17.23825137,South,VA,Suffolk,0.8071558097363649,0.17836518342865113,0.01447900683498396,36.7304,-76.5931,True,5,1,1.026077,7.1363263
23701,190003,260.99313186813185,728,147001,41352,1650,1205.7,32.41,3167.527408,17.75191257,South,VA,Portsmouth,0.7736772577275096,0.21763866886312322,0.008684073409367221,36.8089,-76.3671,True,5,1,0.6677543,6.667427
24012,32194,44.65187239944522,721,30553,1638,3,943.2,42.49,3256.9484189999994,16.05928962,South,VA,Roanoke,0.949027769149531,0.05087904578492887,9.318506554016276e-05,37.3029,-79.9322,True,1,-1,-3.0906634,17.743942
24018,108602,155.59025787965615,698,74603,243,33756,961.4,39.34,3241.667017,15.96174863,South,VA,Cave Spring,0.6869394670448058,0.0022375278539990056,0.3108230051011952,37.2503,-80.0525,True,2,-1,9.560035,-15.044173
24060,107222,147.48555708390646,727,90791,10869,5562,903.6000000000001,40.32,3197.0293000000006,17.13907104,South,VA,Blacksburg,0.8467571953517002,0.10136912200854302,0.051873682639756766,37.2563,-80.4347,True,1,-1,-1.6500915,10.52765
24083,198937,273.2651098901099,728,168041,30894,2,977.1999999999999,47.67,3205.3406439999994,16.47923497,South,VA,Daleville,0.8446945515414428,0.1552953950245555,1.0053434001719137e-05,37.4125,-79.9211,True,1,1,-1.0304871,9.148143
24202,137660,189.353507565337,727,110399,26834,427,1179.4,32.55,3217.371561,16.51448087,South,VA,Bristol,0.8019686183350283,0.19492953653929973,0.0031018451256719453,36.6609,-82.2126,True,5,1,1.5204017,6.7085376
24211,195362,268.7235213204952,727,156589,38338,435,505.80000000000007,179.76,3692.431383,11.741256830000001,South,VA,Abingdon,0.8015325395931655,0.1962408247253816,0.0022266356814528926,36.6673,-81.9648,True,1,-1,-15.308301,-1.3329605
24382,334273,459.1662087912088,728,250130,73351,10792,854.8000000000001,40.25,3173.933297,20.36420765,South,VA,Wytheville,0.7482805969970653,0.2194344143858463,0.03228498861708843,36.9407,-81.0941,True,0,-1,0.53533965,-5.183273
24502,193443,265.7184065934066,728,167604,25831,8,931.5,34.65,3229.634733,17.18606557,South,VA,Lynchburg,0.8664257688311285,0.13353287531727692,4.135585159452655e-05,37.3825,-79.2181,True,1,1,-1.4953295,9.397179
25813,57485,79.07152682255845,727,47842,9643,0,1045.5,89.39,3037.011278,19.51092896,South,WV,Glen Morgan,0.8322518917978603,0.1677481082021397,0.0,37.7516,-81.0731,True,1,-1,-8.92727,13.90087
26041,432613,594.2486263736264,728,325517,106862,234,1144.1,57.12,2925.4226419999995,17.45136612,South,WV,Moundsville,0.7524438701564677,0.24701523070272968,0.0005408991408025187,39.9148,-80.731,True,0,-1,-3.652634,-5.1790915
26101,705326,484.76013745704466,1455,530248,174908,170,1121.6,65.1,2986.723206,16.90191257,South,WV,Parkersburg,0.7517771923904691,0.24798178430966675,0.00024102329986417628,39.2644,-81.5354,True,4,-1,3.0184186,-23.252922
26105,274940,377.66483516483515,728,207821,67037,82,1104.0,59.92,3003.449169,16.87377049,South,WV,Vienna,0.7558776460318615,0.24382410707790791,0.0002982468902305958,39.3251,-81.5411,True,0,-1,-3.9698853,-3.9947019
26330,403121,554.4993122420908,727,302716,100300,105,1252.5,76.72,2861.371308,17.56857923,South,WV,Bridgeport,0.750930861949638,0.24880867034959728,0.0002604677007647828,39.2954,-80.2427,True,0,-1,-4.052056,-4.9716043
27021,268926,369.40384615384613,728,198986,59779,10161,904.9,11.27,3249.8101250000004,18.17377049,South,NC,King,0.7399284561552248,0.22228791563478428,0.03778362820999085,36.295,-80.356,True,0,1,3.93813,-3.6984124
27106,115053,158.25722145804676,727,71144,14017,29892,889.8,10.92,3279.243344,17.66803279,South,NC,Winston-Salem,0.6183584956498309,0.12183080841003711,0.25981069594013195,36.1428,-80.3069,True,2,-1,9.621267,-14.266392
27302,404249,555.2870879120879,728,319349,79952,4948,1031.3,13.02,3205.8499470000006,18.23251366,South,NC,Mebane,0.7899809275966051,0.19777909159948448,0.012239980803910462,36.0979,-79.2719,True,0,1,1.8932418,-6.5175896
27407,153599,210.98763736263737,728,123123,29316,1160,941.6999999999999,10.43,3276.718506,17.58715847,South,NC,Greensboro,0.8015872499169916,0.19086061758214573,0.007552132500862636,36.0334,-79.8626,True,5,1,4.9680567,1.2778808
27513,315080,432.8021978021978,728,234526,80549,5,1095.2,9.03,3229.7524499999995,16.67431694,South,NC,Cary,0.7443379459184969,0.2556461850958487,1.586898565443697e-05,35.7956,-78.7941,True,0,1,2.8488774,-4.430914
27514,125260,172.06043956043956,728,103705,19252,2303,1066.8,10.22,3233.3255059999997,16.01120219,South,NC,Chapel Hill,0.8279179307041354,0.15369631167172282,0.018385757624141786,35.9203,-79.0372,True,5,1,5.264411,3.859841
27529,766624,526.8893470790377,1455,575177,138923,52524,1048.7006185567009,10.114975945017182,3249.420819876976,17.66812968190378,South,NC,Garner,0.750272623867763,0.18121399799641025,0.06851337813582668,35.6813,-78.5975,True,4,-1,3.9820051,-22.667257
27534,373965,256.8440934065934,1456,288140,61153,24672,1097.1499999999999,8.925,3261.0402305000002,17.58797814,South,NC,Goldsboro,0.7704999130934713,0.16352599842231225,0.06597408848421643,35.3664,-77.9221,True,4,-1,3.579928,-20.295488
27536,192207,264.0206043956044,728,169269,22739,199,982.6,18.69,3197.464897,18.02431694,South,NC,Henderson,0.8806599135307247,0.11830474436414908,0.0010353421051262442,36.3301,-78.3981,True,5,1,-1.8814536,9.269954
27540,255931,351.55357142857144,728,169255,52742,33934,1142.5,8.89,3242.629117,16.83743169,South,NC,Holly Springs,0.6613305930113976,0.20607898222567803,0.13259042476292437,35.6263,-78.8458,True,0,-1,9.722963,-9.675236
27560,243969,335.12225274725273,728,176652,39057,28260,1095.2,9.03,3229.7524499999995,16.67431694,South,NC,Morrisville,0.7240755997688231,0.16009001143587914,0.11583438879529777,35.8344,-78.8466,True,5,1,9.045444,-9.84204
27577,448336,615.8461538461538,728,355862,87810,4664,1055.7,9.38,3244.148708,17.22513661,South,NC,Smithfield,0.7937395167909782,0.19585757110738375,0.010402912101638058,35.5068,-78.3479,True,0,1,2.5554075,-7.256957
27610,300178,412.3324175824176,728,244124,50965,5089,1095.9,10.08,3211.2921969999998,16.28060109,South,NC,Raleigh,0.8132641299495632,0.16978259565990844,0.016953274390528288,35.7667,-78.6008,True,5,1,3.4887578,-2.554051
27614,290467,398.99313186813185,728,218177,70891,1399,1159.8,11.83,3213.250675,16.86147541,South,NC,Raleigh,0.7511249126406786,0.24405870546395977,0.0048163818953616076,35.9457,-78.6433,True,0,1,2.8041298,-3.8673646
27615,568713,781.1991758241758,728,431182,131261,6270,1145.1,10.5,3198.040856,16.54480874,South,NC,Raleigh,0.7581715206088132,0.23080358634319947,0.011024893047987297,35.8887,-78.6393,True,0,1,0.88651085,-9.353575
27707,397736,546.3406593406594,728,297410,97694,2632,1010.8000000000001,10.64,3216.166969,15.85163934,South,NC,Durham,0.7477573063539634,0.24562523885190177,0.006617454794134803,35.9631,-78.9315,True,0,1,2.752231,-5.8863025
27949,92495,127.05357142857143,728,69978,13455,9062,1083.1,20.72,3273.8132470000005,34.76885246,South,NC,Kitty Hawk,0.7565598140440024,0.14546732255797612,0.09797286339802151,36.0646,-75.7057,True,1,-1,-17.5275,9.211194
28034,266987,366.74038461538464,728,209577,56256,1154,880.8000000000001,6.79,3280.060994,17.6068306,South,NC,Dallas,0.784970803821909,0.21070688835036913,0.004322307827721949,35.3349,-81.1862,True,0,1,4.3577485,-3.0700529
28043,238523,327.6414835164835,728,190023,48489,11,959.0,8.75,3296.464719,17.28825137,South,NC,Forest City,0.7966653111020741,0.2032885717519904,4.611714593561208e-05,35.325,-81.846,True,5,1,4.6309967,-2.1081438
28056,582129,799.6277472527472,728,456873,120139,5117,859.1,6.79,3275.1175749999998,17.41174863,South,NC,Gastonia,0.7848311972088661,0.20637865490295107,0.00879014788818286,35.2172,-81.1252,True,0,1,1.8329337,-9.375809
28146,551257,757.2211538461538,728,413608,137649,0,876.5,11.2,3230.3822420000006,17.9795082,South,NC,Salisbury,0.7502997694360344,0.24970023056396562,0.0,35.6187,-80.4022,True,0,1,1.4444762,-8.861336
28152,344662,236.7184065934066,1456,257020,58571,29071,800.1,7.3500000000000005,3283.455578,18.76530055,South,NC,Shelby,0.7457160928677952,0.1699375039894157,0.08434640314278917,35.2689,-81.5337,True,4,-1,3.9792376,-20.365553
28390,175597,241.20467032967034,728,133212,41177,1208,1024.8,5.6,3280.798783,15.80983607,South,NC,Spring Lake,0.7586234388970199,0.23449717250294708,0.00687938860003303,35.183,-78.9786,True,5,1,6.813589,-1.2084436
28607,358925,493.02884615384613,728,285599,68945,4381,1315.8,31.989999999999995,3280.661017,19.30327869,South,NC,Boone,0.7957066239465069,0.19208748345754684,0.012205892595946228,36.2142,-81.666,True,0,1,-0.3766718,-2.1380067
28621,327663,450.08653846153845,728,246965,67409,13289,926.1999999999999,12.81,3248.7172889999997,16.70491803,South,NC,Elkin,0.7537164708862459,0.20572661545551374,0.04055691365824032,36.2872,-80.8554,True,0,1,3.728876,-4.487549
28625,431419,592.6085164835165,728,341855,89128,436,879.9,9.45,3234.635042,18.11256831,South,NC,Statesville,0.7923967187351507,0.2065926628173539,0.0010106184474953583,35.8651,-80.8858,True,0,1,1.915029,-7.194586
28673,213347,293.4621733149931,727,163715,40945,8687,859.0,9.73,3257.678881,16.98087432,South,NC,Sherrills Ford,0.7673649031858897,0.19191739279202427,0.04071770402208608,35.5962,-81.0339,True,5,1,4.811303,-2.792114
28697,421002,289.34845360824744,1455,335916,75956,9130,853.7,10.64,3248.018292,15.13743169,South,NC,Wilkesboro,0.7978964470477575,0.18041719516771892,0.02168635778452359,36.1359,-81.1573,True,4,-1,3.375918,-20.907925
28734,242370,332.9258241758242,728,203807,38542,21,922.3000000000001,13.86,3292.7463920000005,14.18360656,South,NC,Franklin,0.8408920245905022,0.15902133102281635,8.664438668152e-05,35.181,-83.3885,True,5,1,7.578687,1.212192
28792,362616,249.22061855670103,1455,332362,30252,2,950.5,11.55,3317.548331,19.61065574,South,NC,Hendersonville,0.9165673880909833,0.08342709643258985,5.515476426853751e-06,35.3613,-82.4264,True,4,-1,1.5527661,-20.761894
28803,440263,604.7568681318681,728,320703,119560,0,767.8000000000001,13.02,3349.393592,19.02213115,South,NC,Asheville,0.7284350490502268,0.2715649509497732,0.0,35.5393,-82.518,True,0,-1,1.3085539,-7.835814
29579,380777,523.0453296703297,728,305795,74529,453,1341.0,12.81,3380.423714,16.19945355,South,SC,Myrtle Beach,0.8030815936886945,0.19572873361573834,0.0011896726955672218,33.7377,-78.9787,True,0,1,4.0205,-6.053409
29585,298831,372.14321295143213,803,242710,45206,10915,1462.5999999999997,15.47,3388.112742,17.91994536,South,SC,Pawleys Island,0.8121981989820333,0.1512761393563586,0.03652566166160807,33.4508,-79.1341,True,5,1,1.6495045,0.010984402
29607,646832,296.43996333638864,2182,467816,106367,72649,1052.7667277726855,5.716645279560037,3324.764052560953,17.617909319835015,South,SC,Greenville,0.7232418927944195,0.16444300838548495,0.11231509882009548,34.8285,-82.3516,True,4,-1,5.571502,-21.816343
29621,610816,839.032967032967,728,466719,135891,8206,1003.3000000000001,5.39,3371.3508559999996,19.01420765,South,SC,Anderson,0.7640909864836547,0.2224745258801341,0.013434487636211231,34.5261,-82.6304,True,0,1,1.5604357,-10.255045
29625,551836,758.0164835164835,728,440447,105799,5590,1016.1999999999999,5.39,3368.657169,18.1568306,South,SC,Anderson,0.798148362919418,0.1917218159018259,0.010129821178756007,34.5271,-82.7087,True,0,1,2.3302362,-9.581005
29640,577154,792.7939560439561,728,441387,129804,5963,1063.4,5.95,3355.012353,18.52568306,South,SC,Easley,0.7647646901866746,0.22490357859427468,0.01033173121905072,34.829,-82.5796,True,0,1,1.657545,-9.868874
29681,714102,490.4546703296703,1456,558162,145074,10866,921.9499999999999,5.215,3339.0034525,18.308196719999998,South,SC,Simpsonville,0.7816278346790795,0.2031558516850534,0.015216313635867146,34.7512,-82.255,True,4,-1,3.8987448,-22.52725
29687,463285,318.19024725274727,1456,262769,32741,167775,1051.45,5.8100000000000005,3312.896307,18.028825134999998,South,SC,Taylors,0.5671865050670754,0.07067140097348285,0.3621420939594418,34.9245,-82.3197,True,2,-1,7.226856,-17.967642
30013,310632,213.34615384615384,1456,250283,57948,2401,1156.1,8.19,3317.526014,15.94153005,South,GA,Conyers,0.8057218831285895,0.1865487135903577,0.007729403281052821,33.6436,-83.9684,True,4,-1,2.942647,-19.912836
30022,178784,245.92022008253096,727,155858,20136,2790,1111.3,9.73,3326.649833,15.98114754,South,GA,Alpharetta,0.871767048505459,0.1126275281904421,0.0156054233040988,34.0268,-84.2422,True,5,1,7.4898243,3.7196743
30024,90497,124.30906593406593,728,73777,16720,0,1119.7,9.38,3306.355978,16.60382514,South,GA,Suwanee,0.815242494226328,0.18475750577367206,0.0,34.0425,-84.0262,True,5,1,5.6736093,3.133945
30040,221960,304.8901098901099,728,163838,34018,24104,1186.0,9.24,3328.350458,17.7568306,South,GA,Cumming,0.7381420075689313,0.1532618489817985,0.10859614344927014,34.2321,-84.158,True,5,1,8.772092,-10.424311
30043,442853,304.36632302405496,1455,319148,58772,64933,1090.2,9.59,3324.895128,16.26065574,South,GA,Lawrenceville,0.7206635158845034,0.13271220924324775,0.1466242748722488,34.0031,-84.0126,True,4,-1,4.629666,-19.799515
30044,209978,327.57878315132604,641,107302,78464,24212,1046.5,9.59,3355.375392,15.845355189999998,South,GA,Lawrenceville,0.5110154397127318,0.3736772423777729,0.11530731790949528,33.9418,-84.0706,True,0,-1,9.859441,-7.4969196
30047,230053,316.44154057771664,727,179741,50307,5,1125.0,9.38,3337.2136780000005,15.8420765,South,GA,Lilburn,0.7813025694079191,0.2186756964699439,2.1734122137072763e-05,33.8656,-84.0725,True,5,1,6.134552,-1.7799913
30052,226549,315.08901251738524,719,171020,34639,20890,1127.1,9.73,3341.601128,17.4226776,South,GA,Loganville,0.7548918776953331,0.15289848995140123,0.09220963235326574,33.8769,-83.8968,True,5,1,8.51822,-10.186961
30058,374283,514.125,728,313608,60675,0,1117.3,8.12,3343.3553,15.6795082,South,GA,Lithonia,0.8378900457675075,0.16210995423249253,0.0,33.7356,-84.1009,True,0,1,4.790612,-6.2492657
30062,300453,206.35508241758242,1456,220727,41667,38059,1203.7,9.450000000000001,3352.0362525,16.581830605,South,GA,Marietta,0.7346473491694209,0.13868059230561852,0.12667205852496063,34.0025,-84.4633,True,4,-1,4.1825004,-19.538025
30093,103817,163.74921135646687,634,78421,9169,16227,1125.0,9.38,3337.2136779999996,15.842076499999997,South,GA,Norcross,0.7553772503539883,0.08831886877871639,0.15630388086729533,33.906,-84.184,True,2,-1,10.734051,-13.162257
30106,136206,187.09615384615384,728,112457,21532,2217,1129.1,9.03,3328.151714,16.35819672,South,GA,Austell,0.825639105472593,0.15808407852811182,0.016276815999295185,33.8369,-84.6307,True,5,1,6.2142797,3.0108178
30114,111108,152.83081155433288,727,78873,6571,25664,1202.3,8.54,3336.4743220000005,16.7204918,South,GA,Canton,0.7098768765525435,0.059140655938366274,0.23098246750909027,34.2505,-84.4909,True,2,-1,10.24439,-13.914562
30120,414460,569.3131868131868,728,329062,81569,3829,1169.1,8.61,3357.528828,16.8773224,South,GA,Cartersville,0.7939535781498818,0.1968078946098538,0.00923852724026444,34.187,-84.8204,True,0,1,3.8698924,-6.8793306
30121,116580,160.13736263736263,728,98230,17715,635,1169.1,8.61,3357.528828,16.8773224,South,GA,Cartersville,0.8425973580373992,0.15195573854863614,0.00544690341396466,34.2079,-84.7673,True,5,1,6.069245,3.9739375
30122,157967,216.98763736263737,728,108257,33273,16437,1154.7,8.4,3345.939872,15.846721309999998,South,GA,Lithia Springs,0.6853140212829262,0.21063260047984705,0.10405337823722677,33.7655,-84.6469,True,5,1,10.39311,-9.148255
30125,162097,222.66071428571428,728,137178,24854,65,1194.3,8.4,3328.365819,16.23879781,South,GA,Cedartown,0.8462710599209116,0.15332794561281207,0.0004009944662763654,34.0112,-85.2459,True,5,1,6.430392,3.5391636
30127,352870,484.71153846153845,728,277143,73938,1789,1129.1,9.03,3328.151714,16.35819672,South,GA,Powder Springs,0.7853968883724884,0.20953325587326777,0.005069855754243772,33.9135,-84.6859,True,0,1,4.722124,-5.506113
30134,247643,340.16895604395603,728,196281,50418,944,1145.2,8.33,3332.4629,16.35382514,South,GA,Douglasville,0.7925966007518888,0.20359146028759142,0.0038119389605197804,33.7606,-84.7477,True,5,1,5.7063193,-1.9136915
30161,210420,289.03846153846155,728,164479,37090,8851,1250.9,8.19,3330.996933,15.643989069999998,South,GA,Rome,0.78166999334664,0.1762665145898679,0.04206349206349207,34.2507,-85.1465,True,5,1,6.1075606,-0.10741895
30168,170230,233.83241758241758,728,138706,31304,220,1154.7,8.4,3345.939872,15.846721309999998,South,GA,Austell,0.814815249955942,0.18389238089643423,0.0012923691476238032,33.7838,-84.5952,True,5,1,6.360946,1.4041494
30189,290267,398.7184065934066,728,202591,51916,35760,1148.4,9.03,3332.366514,16.18661202,South,GA,Woodstock,0.6979470625320825,0.17885601876892654,0.12319691869899092,34.1281,-84.5717,True,0,1,9.469426,-10.225057
30223,249320,342.4725274725275,728,196419,47960,4941,1079.6,3.57,3380.133061,16.59180328,South,GA,Griffin,0.787818867319108,0.19236322798010588,0.019817904700786138,33.2549,-84.2728,True,5,1,6.140267,-2.5350842
30233,300126,412.260989010989,728,234711,65171,244,1073.8,3.99,3386.916844,15.81065574,South,GA,Jackson,0.7820415425521281,0.2171454655711268,0.0008129918767451003,33.282,-83.9784,True,5,1,6.01174,-4.128188
30252,271961,374.0866574965612,727,209490,62352,119,1074.9,5.81,3350.350244,16.18879781,South,GA,McDonough,0.7702942701343207,0.22926816712690423,0.00043756273877504495,33.4768,-84.055,True,5,1,5.98174,-3.376773
30341,403854,554.7445054945055,728,325515,75435,2904,1106.6,9.45,3335.640808,15.92021858,South,GA,Atlanta,0.8060214830111873,0.186787799551323,0.007190717437489786,33.8879,-84.2905,True,0,1,4.325667,-6.567294
30401,138406,190.3796423658872,727,117961,20445,0,876.1000000000001,6.86,3370.9987810000002,15.19617486,South,GA,Swainsboro,0.8522824155022181,0.14771758449778188,0.0,32.5699,-82.3462,True,5,1,8.109705,2.7376475
30512,316792,436.3526170798898,726,244139,46239,26414,1107.2,11.62,3299.4806330000006,16.60874317,South,GA,Blairsville,0.7706602439455542,0.14596012525568827,0.08337963079875754,34.8763,-83.992,True,0,1,7.7864175,-9.515731
30518,389383,534.8667582417582,728,276335,82462,30586,1111.9,9.45,3291.8359499999997,16.83551913,South,GA,Sugar Hill,0.7096740227488103,0.21177606623812545,0.07854991101306426,34.1124,-83.9965,True,0,1,5.8466516,-8.453783
30534,664268,912.4560439560439,728,537139,125844,1285,1146.0,8.54,3325.986792,16.9784153,South,GA,Dawsonville,0.8086179072302143,0.18944763258203015,0.0019344601877555444,34.4537,-84.155,True,0,1,2.222771,-10.542882
30605,129990,178.80330123796423,727,108046,20918,1026,957.8,9.73,3356.2779999999993,16.75819672,South,GA,Athens,0.831187014385722,0.16092007077467496,0.007892914839603046,33.9321,-83.3525,True,5,1,6.7429786,2.6295853
30606,50940,70.16528925619835,726,46439,4446,55,988.6,9.66,3369.385003,16.93306011,South,GA,Athens,0.9116411464468002,0.0872791519434629,0.0010797016097369454,33.9461,-83.418,True,5,1,8.738968,5.103828
30680,182647,251.23383768913342,727,152233,30364,50,1118.4,9.45,3354.166642,18.1568306,South,GA,Winder,0.8334820719749024,0.16624417592405022,0.00027375210104737554,33.9985,-83.7115,True,5,1,5.018408,2.354025
30830,117948,162.23933975240715,727,103398,14550,0,897.8,6.090000000000001,3403.8681,15.914480870000002,South,GA,Waynesboro,0.8766405534642385,0.12335944653576152,0.0,33.1013,-81.9908,True,5,1,8.434504,3.867815
31005,152614,209.9229711141678,727,121441,29671,1502,1034.1,7.21,3366.067919,14.69863388,South,GA,Bonaire,0.7957395782824642,0.19441859855583368,0.009841823161702071,32.546,-83.6047,True,5,1,8.242558,0.23383892
31015,240840,330.8241758241758,728,178223,47307,15310,913.5,9.31,3379.203856,15.65,South,GA,Cordele,0.7400058129878758,0.1964250124564026,0.06356917455572164,31.9566,-83.7835,True,5,1,7.658563,-2.9706187
31029,406455,559.0852819807428,727,303726,102220,509,989.8,3.99,3396.958664,15.12814208,South,GA,Forsyth,0.7472561538177658,0.2514915550306922,0.0012522911515419912,33.0508,-83.9362,True,0,1,4.8691597,-7.377009
31201,131396,180.48901098901098,728,92736,27928,10732,989.3000000000001,5.18,3408.4293500000003,14.8989071,South,GA,Macon,0.7057749094340772,0.21254832719413072,0.08167676337179214,32.8095,-83.6168,True,5,1,8.822953,-1.812873
31216,196678,270.5337001375516,727,135742,52586,8350,1042.2,5.74,3339.204639,15.295628420000002,South,GA,Macon,0.6901737865953488,0.2673710328557337,0.04245518054891752,32.7486,-83.7477,True,5,1,8.179262,-2.4367478
31220,184875,254.29848693259973,727,136153,38553,10169,1022.5,5.11,3388.750042,14.63825137,South,GA,Macon,0.7364597701149426,0.20853549695740364,0.05500473292765382,32.8595,-83.802,True,5,1,8.266903,-1.6915331
31525,308153,423.2870879120879,728,224025,71339,12789,1252.3,10.99,3592.2268000000004,17.53879781,South,GA,Brunswick,0.7269927600899553,0.23150512894568606,0.041502110964358616,31.2804,-81.5305,True,0,1,13.31942,-4.5553546
31909,205277,281.9739010989011,728,180308,24031,938,1016.8000000000001,4.06,3385.549328,14.65081967,South,GA,Columbus,0.8783643564549365,0.11706620809929998,0.0045694354457635296,32.5369,-84.9274,True,5,1,8.830476,2.9636235
32065,153728,213.51111111111112,720,114931,16783,22014,1057.5,0.0,3615.99455,15.94153005,South,FL,Orange Park,0.747625676519567,0.10917334512905912,0.14320097835137385,30.1382,-81.7742,True,5,-1,12.89551,-13.003321
32256,78155,138.32743362831857,565,61166,16986,3,1037.3,0.0,3641.217197,16.42923497,South,FL,Jacksonville,0.7826242722794446,0.21733734246049516,3.838526006013691e-05,30.2214,-81.5571,True,5,1,17.532682,0.5541758
32303,119373,163.9739010989011,728,91924,23791,3658,983.1,8.47,3437.873444,14.606010930000002,South,FL,Tallahassee,0.7700568805341241,0.19929967413066607,0.030643445335209806,30.4874,-84.3189,True,5,1,9.110273,-0.30761606
32308,184445,253.3585164835165,728,123955,26094,34396,1003.6999999999999,7.7,3478.991008,14.601366120000002,South,FL,Tallahassee,0.6720431564965166,0.14147306785220526,0.18648377565127816,30.4771,-84.2246,True,2,-1,11.707452,-12.858477
32526,135774,186.50274725274724,728,105055,30719,0,1503.5,8.82,3461.572894,13.8942623,South,FL,Pensacola,0.7737490241136006,0.22625097588639945,0.0,30.4756,-87.3179,True,5,-1,12.197433,0.69047207
32609,371878,510.82142857142856,728,300238,71509,131,961.5,0.14,3578.618275,14.63306011,South,FL,Gainesville,0.8073561759501772,0.19229155798407005,0.0003522660657527469,29.7005,-82.308,True,5,1,16.132935,-5.262015
32707,44389,62.873937677053824,706,44389,0,0,1431.8,0.0,3573.669258,15.056284149999998,South,FL,Casselberry,1.0,0.0,0.0,28.6617,-81.3122,True,5,-1,13.895529,6.061106
32750,329016,451.94505494505495,728,251744,71415,5857,1345.5,0.0,3607.9559190000004,15.1784153,South,FL,Longwood,0.7651421207479272,0.21705631337077833,0.017801565881294525,28.712,-81.3552,True,5,1,14.499107,-4.07336
32953,356522,489.72802197802196,728,294875,61604,43,1228.2,0.0,3658.435139,17.01557377,South,FL,Merritt Island,0.8270878094479444,0.17279158088420912,0.00012060966784658451,28.3888,-80.7301,True,5,1,15.11296,-4.855181
32958,166955,229.3337912087912,728,136020,30511,424,1211.8,0.0,3712.135825,18.13797814,South,FL,Sebastian,0.8147105507472073,0.18274984277200443,0.0025396064807882363,27.7901,-80.4784,True,5,1,16.855347,-0.4302093
32966,660429,907.1826923076923,728,539445,115572,5412,1036.8,0.0,3712.5647920000006,18.69699454,South,FL,Vero Beach,0.8168099826022176,0.17499534393553282,0.008194673462249539,27.6372,-80.4794,True,0,-1,2.925094,-11.901582
33067,132542,182.0631868131868,728,112585,19957,0,1353.0,0.0,3607.834381,15.50327869,South,FL,Coral Springs,0.8494288602857962,0.1505711397142038,0.0,26.3033,-80.2415,True,5,1,15.366989,1.4165885
33076,104779,143.9271978021978,728,91357,13344,78,1353.0,0.0,3607.834381,15.50327869,South,FL,Coral Springs,0.8719018123860697,0.12735376363584305,0.0007444239780872122,26.3168,-80.2753,True,5,1,15.228546,2.3542023
33160,173635,238.5096153846154,728,142276,31238,121,1439.0,0.0,3706.506894,14.73989071,South,FL,North Miami Beach,0.8193970109712904,0.1799061249172114,0.0006968641114982578,25.9449,-80.1391,True,5,1,14.974746,0.2810518
33311,139456,191.56043956043956,728,113858,7796,17802,1319.2,0.0,3694.976689,15.163661200000002,South,FL,Fort Lauderdale,0.8164438962826985,0.055902937127122534,0.12765316659017897,26.1421,-80.1728,True,5,-1,14.487642,-12.649983
33317,353954,486.20054945054943,728,310505,43083,366,1511.6000000000001,0.0,3668.140286,13.03852459,South,FL,Davie,0.8772467608785323,0.12171920645055573,0.0010340326709120395,26.1122,-80.2264,True,5,-1,17.404451,-3.5469964
33321,2153,6.222543352601156,346,1750,355,48,1353.5,0.0,3572.548603,14.81284153,South,FL,Tamarac,0.8128193218764515,0.1648862052949373,0.02229447282861124,26.212,-80.2696,True,5,-1,17.282684,2.0713954
33322,55181,75.90233837689134,727,40503,14678,0,1507.7999999999997,0.0,3648.025172,13.12677596,South,FL,Sunrise,0.7340026458382414,0.26599735416175857,0.0,26.1502,-80.2745,True,5,-1,13.402024,0.61261255
33328,152383,209.31730769230768,728,128374,20620,3389,1439.8,0.0,3673.097797,12.878142079999998,South,FL,Davie,0.8424430546714529,0.13531693167873057,0.022240013649816582,26.0671,-80.2723,True,5,1,14.781414,1.1037378
33408,83663,115.07977991746905,727,76020,7643,0,1290.3,0.0,3646.002331,16.38879781,South,FL,North Palm Beach,0.908645398802338,0.09135460119766205,0.0,26.8289,-80.0603,True,5,1,15.020185,3.9041727
33409,266651,366.27884615384613,728,213961,50352,2338,1359.8,0.0,3665.2428060000007,16.47622951,South,FL,West Palm Beach,0.8024008910523494,0.18883109382676233,0.008768015120888352,26.7162,-80.0965,True,5,1,14.721061,-2.8089418
33418,184596,253.56593406593407,728,138045,20777,25774,1291.5,0.0,3642.037947,16.87103825,South,FL,Palm Beach Gardens,0.7478222713384906,0.11255390149299009,0.13962382716851937,26.8234,-80.1387,True,5,-1,13.7344265,-12.763832
33431,84125,60.17525035765379,1398,79627,2708,1790,1324.1,0.0,3677.3008439999994,15.680874320000001,South,FL,Boca Raton,0.9465319465081724,0.032190193164933135,0.021277860326894504,26.3799,-80.0975,True,5,-1,16.58354,5.579137
33436,66982,97.35755813953489,688,65245,1703,34,1247.2,0.0,3675.631864,15.532240440000002,South,FL,Boynton Beach,0.9740676599683497,0.025424740975187363,0.0005075990564629303,26.5354,-80.1124,True,5,-1,14.456356,5.405255
33461,482266,662.4532967032967,728,375338,101048,5880,1340.9,0.0,3666.198964,15.39918033,South,FL,Palm Springs,0.7782800363284992,0.2095275221558227,0.01219244151567807,26.6232,-80.0946,True,0,1,15.298429,-6.6905336
33486,108821,149.4793956043956,728,87048,15222,6551,1379.4,0.0,3689.9509690000004,15.29180328,South,FL,Boca Raton,0.7999191332555298,0.13988108912801758,0.060199777616452704,26.3481,-80.1104,True,5,1,15.699357,0.98530513
33496,75306,103.4423076923077,728,71341,3965,0,1324.1,0.0,3677.300844,15.68087432,South,FL,Boca Raton,0.9473481528696253,0.05265184713037474,0.0,26.403,-80.1813,True,5,-1,14.659615,4.8302727
33511,103674,143.59279778393352,722,88502,14019,1153,1022.2,0.0,3604.636003,14.7442623,South,FL,Brandon,0.8536566545131855,0.13522194571445106,0.01112139977236337,27.9056,-82.2881,True,5,1,16.046568,2.0361867
33534,245742,338.9544827586207,725,195052,1853,48837,954.2,0.0,3635.420917,16.03961749,South,FL,Gibsonton,0.7937267540754124,0.007540428579567189,0.19873281734502038,27.8411,-82.3698,True,2,-1,14.279103,-14.706254
33541,250814,344.52472527472526,728,200325,49591,898,1144.4,0.0,3617.990653,14.43360656,South,FL,Zephyrhills,0.7986994346408095,0.19772022295406158,0.0035803424051289003,28.2311,-82.2057,True,5,1,15.584852,-2.442062
33548,364503,500.6909340659341,728,298114,66072,317,1011.8000000000001,0.0,3631.560817,14.21830601,South,FL,Lutz,0.8178643248478065,0.18126599781071762,0.0008696773414759275,28.1385,-82.4821,True,5,1,16.210226,-4.7719245
33559,289941,398.2706043956044,728,220013,9297,60631,1012.9,0.0,3627.248617,14.28005464,South,FL,Lutz,0.7588198978412849,0.03206514428797583,0.20911495787073922,28.1801,-82.4169,True,2,-1,13.765756,-15.027321
33569,188606,259.4305364511692,727,157507,30490,609,1138.7,0.0,3622.334228,15.01912568,South,FL,Riverview,0.8351112902028568,0.16165975631740243,0.0032289534797408353,27.845,-82.3125,True,5,1,15.477322,-0.7064165
33572,390192,535.978021978022,728,307266,82136,790,1042.4,0.0,3652.161169,17.44016393,South,FL,Apollo Beach,0.7874738590232501,0.21050149669906099,0.0020246442776889325,27.7716,-82.4102,True,0,1,14.830362,-5.5830207
33579,506999,696.4271978021978,728,391257,106534,9208,1076.2,0.0,3613.925581,15.719672130000001,South,FL,Riverview,0.7717115812851701,0.21012664719259802,0.0181617715222318,27.8024,-82.2755,True,0,1,14.685837,-6.856922
33598,525816,723.2682255845942,727,410843,12684,102289,1121.9,0.0,3617.976642,16.21229508,South,FL,Wimauma,0.7813436639432806,0.024122506732393082,0.1945338293243264,27.7015,-82.3151,True,2,-1,13.767699,-17.032907
33611,1254956,864.2947658402204,1452,991251,29392,234313,900.5,0.0,3646.420136,17.65437158,South,FL,Tampa,0.7898691268857235,0.023420741444321554,0.18671013166995495,27.8914,-82.5067,True,4,-1,8.277709,-21.402
33613,626600,860.7142857142857,728,486020,125883,14697,969.8000000000001,0.0,3634.746064,14.185792349999998,South,FL,Tampa,0.7756463453558889,0.20089849984040856,0.02345515480370252,28.0772,-82.4455,True,0,-1,3.7736607,-11.742068
33709,564512,776.4951856946354,727,449918,29172,85422,887.8999999999999,0.0,3667.3791470000006,17.25546448,South,FL,St. Petersburg,0.7970034295107987,0.0516764922623434,0.1513200782268579,27.8201,-82.7308,True,0,-1,13.739856,-17.558678
33711,870975,1196.3942307692307,728,691371,25321,154283,887.9,0.0,3667.379147,17.25546448,South,FL,St. Petersburg,0.7937897184190131,0.02907201699245099,0.17713826458853585,27.7465,-82.6897,True,0,-1,12.880289,-18.603647
33771,445445,612.716643741403,727,349213,18957,77275,962.2,0.0,3674.325397,15.67759563,South,FL,Largo,0.7839643502564851,0.04255744255744256,0.17347820718607235,27.9085,-82.7568,True,2,-1,13.841265,-16.439814
33777,525600,721.978021978022,728,414786,20985,89829,1038.7,0.0,3698.158119,16.85655738,South,FL,Seminole,0.7891666666666667,0.03992579908675799,0.17090753424657534,27.8688,-82.7344,True,2,-1,13.992003,-17.212284
33813,431159,592.2513736263736,728,330562,90192,10405,1144.5,0.0,3602.090919,15.52295082,South,FL,Lakeland,0.7666823607996122,0.209185010634128,0.02413262856625978,27.9611,-81.9398,True,0,1,15.028506,-6.104347
33909,299830,411.8543956043956,728,242169,54703,2958,1232.7,0.0,3694.0743170000005,13.816666669999998,South,FL,Cape Coral,0.8076876896908248,0.18244671980789115,0.009865590501284062,26.6939,-81.9452,True,5,1,16.092144,-3.422748
33913,531721,368.2278393351801,1444,364171,21892,145658,1137.596675900277,0.0,3650.957799889197,14.36676354060942,South,FL,Fort Myers,0.6848911365170832,0.041171968005777465,0.27393689547713934,26.5228,-81.7065,True,2,-1,7.193549,-18.646002
33948,59655,81.94368131868131,728,41667,4969,13019,1083.7,0.0,3641.248569,15.29480874,South,FL,Port Charlotte,0.6984661805380941,0.08329561646131925,0.21823820300058672,26.9827,-82.1412,True,2,-1,12.519843,-12.207667
34120,359591,493.94368131868134,728,245287,37503,76801,1135.4,0.0,3711.373319,13.86284153,South,FL,Naples,0.6821277506945391,0.10429348899165997,0.21357876031380096,26.3304,-81.5871,True,2,-1,13.134138,-15.409249
34202,384110,533.4861111111111,720,312517,91,71502,1130.1,0.0,3692.489164,16.34562842,South,FL,Bradenton,0.8136132878602483,0.00023691130145010543,0.18614980083830152,27.4067,-82.39,True,2,-1,14.423172,-15.974051
34223,44051,63.200860832137735,697,44051,0,0,1142.9,0.0,3724.5857280000005,15.29071038,South,FL,Englewood,1.0,0.0,0.0,26.9667,-82.3599,True,5,-1,14.861938,5.989061
34233,207294,284.7445054945055,728,175027,30620,1647,1155.7,0.0,3716.907222,16.23224044,South,FL,Sarasota,0.8443418526344226,0.14771291016623733,0.007945237199340068,27.2866,-82.477,True,5,1,16.039474,-0.6507942
34238,124987,171.92159559834937,727,100746,23756,485,1155.7,0.0,3716.907222,16.23224044,South,FL,Sarasota,0.8060518293902565,0.19006776704777298,0.0038804035619704447,27.2427,-82.4751,True,5,1,16.509985,0.17421529
34240,449711,624.5986111111112,720,365084,112,84515,1130.1,0.0,3692.489164,16.34562842,South,FL,Sarasota,0.8118191460738119,0.0002490488335842352,0.1879318050926039,27.339,-82.3473,True,2,-1,14.388581,-16.583889
34275,230430,318.7136929460581,723,187326,1028,42076,1062.4,0.0,3724.222658,17.06967213,South,FL,Nokomis,0.8129410233042572,0.00446122466692705,0.1825977520288157,27.1384,-82.4518,True,2,-1,14.576734,-14.494015
34285,25995,38.1158357771261,682,25995,0,0,1231.3,0.0,3649.1386610000004,15.45765027,South,FL,Venice,1.0,0.0,0.0,27.0933,-82.4498,True,5,-1,14.467495,6.0936737
34287,64037,87.96291208791209,728,60691,3346,0,1174.4,0.0,3691.068056,14.62595628,South,FL,North Port,0.9477489576338679,0.05225104236613208,0.0,27.0478,-82.2416,True,5,-1,15.038527,5.153132
34471,144562,201.33983286908077,718,109152,18025,17385,920.8000000000001,0.0,3561.571078,16.09562842,South,FL,Ocala,0.7550531951688549,0.1246869855148656,0.12025981931627952,29.1605,-82.1288,True,5,-1,12.830169,-13.028722
34609,210454,289.08516483516485,728,169695,40121,638,1058.9,0.0,3621.671386,14.63196721,South,FL,Spring Hill,0.8063282237448564,0.19064023492069526,0.003031541334448383,28.4794,-82.5083,True,5,1,15.586584,-1.7076195
34639,266115,365.5425824175824,728,213747,51794,574,1055.6,0.0,3619.062739,14.38142077,South,FL,Land O' Lakes,0.8032128966800067,0.19463014110440974,0.0021569622155834882,28.2258,-82.4547,True,5,1,15.912578,-2.6789038
34654,213854,293.7554945054945,728,175335,37651,868,1120.3,0.0,3673.0155280000004,15.70737705,South,FL,New Port Richey,0.819881788509918,0.17605936760593677,0.004058843884145258,28.3022,-82.6264,True,5,1,15.939181,-1.3159527
34744,275936,379.55433287482805,727,208035,58965,8936,1323.8,0.0,3591.3698610000006,15.78715847,South,FL,Kissimmee,0.7539248231473965,0.21369085585063202,0.03238432100197147,28.3078,-81.3681,True,5,1,14.159793,-3.6670887
34748,259854,367.02542372881356,708,196027,31615,32212,960.1999999999999,0.0,3587.620481,15.79918033,South,FL,Leesburg,0.7543736097962702,0.12166447312721759,0.12396191707651219,28.808,-81.8858,True,5,-1,13.068379,-13.504701
34759,343464,471.7912087912088,728,272222,68342,2900,1250.6,0.0,3620.302036,15.066666669999998,South,FL,Kissimmee,0.7925779703258565,0.19897864113851815,0.008443388535625276,28.0946,-81.499,True,5,1,15.267844,-4.1807246
34994,1106635,506.7010073260073,2184,807021,218264,81350,1145.6666666666667,0.0,3701.7051223333333,17.72322404333333,South,FL,Stuart,0.7292567106588893,0.1972321497151274,0.07351113962598327,27.1968,-80.2538,True,4,-1,6.331921,-22.17706
35613,105911,145.48214285714286,728,75171,29502,1238,1380.8,11.549999999999999,3234.9562440000004,18.18934426,South,AL,Athens,0.7097563048219732,0.27855463549584086,0.011689059682185986,34.8317,-86.8867,True,5,-1,2.7558475,8.388647
35750,231683,318.2458791208791,728,187340,43186,1157,1383.1,11.760000000000002,3275.6823169999993,18.40027322,South,AL,Hazel Green,0.8086048609522494,0.18640124653082013,0.004993892516930461,34.9496,-86.5935,True,5,1,1.5886171,0.8371299
35757,279882,384.4532967032967,728,227216,49354,3312,1380.8,11.549999999999999,3234.9562440000004,18.18934426,South,AL,Madison,0.8118278417333019,0.17633859983850336,0.01183355842819474,34.7782,-86.7442,True,5,1,0.80130833,0.03588201
35758,77973,107.10576923076923,728,65433,10789,1751,1359.7,11.27,3253.4014469999997,16.60081967,South,AL,Madison,0.839175099072756,0.13836840957767432,0.022456491349569722,34.7108,-86.7425,True,5,1,4.9120283,5.6781163
35806,137267,188.55357142857142,728,117294,19924,49,1376.2,12.739999999999998,3230.869325,17.22185792,South,AL,Huntsville,0.8544952537754886,0.14514777768873802,0.00035696853577334685,34.7448,-86.6704,True,5,1,4.141822,5.511219
35906,359168,494.041265474553,727,284009,75159,0,1154.2,7.49,3313.8516,15.0,South,AL,Rainbow City,0.7907413800784034,0.20925861992159658,0.0,33.9318,-86.0898,True,0,1,5.2358584,-5.7134304
36027,171553,235.64972527472528,728,147236,20417,3900,1005.1999999999999,8.26,3398.293308,14.37459016,South,AL,Eufaula,0.8582537175100406,0.11901278322151172,0.02273349926844765,31.9051,-85.1656,True,5,1,8.954581,2.835285
36116,139692,191.8846153846154,728,108296,27362,4034,1016.4,2.73,3419.278422,14.68278689,South,AL,Montgomery,0.775248403630845,0.19587377945766402,0.028877816911490994,32.3129,-86.2421,True,5,1,8.662359,-0.32870767
36420,163158,224.4264099037139,727,138353,24805,0,1159.7,8.12,3446.693533,14.89125683,South,AL,Andalusia,0.8479694529229336,0.1520305470770664,0.0,31.2971,-86.4905,True,5,1,9.556235,2.204593
37013,242523,333.135989010989,728,180556,52525,9442,1578.3999999999999,15.89,3173.4383720000005,17.57076503,South,TN,Nashville,0.7444902132993572,0.21657739678298554,0.038932389917657295,36.0595,-86.6592,True,5,1,1.517478,-1.4540364
37055,331230,454.9862637362637,728,270076,60206,948,1371.0,18.69,3157.498544,18.17677596,South,TN,Dickson,0.8153730036530508,0.18176493675089817,0.0028620595960510823,36.076,-87.3995,True,0,1,-0.18886596,-1.1244004
37075,234812,161.27197802197801,1456,192917,40994,901,1540.1999999999998,15.364999999999998,3119.3103914999997,16.670628415,South,TN,Hendersonville,0.8215806687903514,0.1745822189666627,0.003837112242985878,36.3054,-86.6072,True,4,-1,1.9741858,-19.139778
37135,354509,486.9629120879121,728,288868,61785,3856,1507.3999999999999,13.86,3188.019928,18.18087432,South,TN,Nolensville,0.8148396796696276,0.17428330451413082,0.010877015816241618,35.9307,-86.6829,True,0,1,-0.09801065,-0.8238669
37138,122756,168.62087912087912,728,102841,19595,320,1561.8,14.98,3154.3959280000004,16.86803279,South,TN,Old Hickory,0.8377676040275017,0.15962559874873733,0.0026067972237609565,36.2416,-86.6117,True,5,1,3.9064093,6.5994787
37146,124049,170.39697802197801,728,99291,23605,1153,1523.8999999999999,17.15,3155.0644999999995,18.20710383,South,TN,Pleasant View,0.8004175769252473,0.19028770888922925,0.009294714185523462,36.3783,-87.0395,True,5,1,3.2556605,6.9932156
37204,495772,681.0054945054945,728,332942,154183,8647,1516.1000000000001,16.73,3147.675083,16.82595628,South,TN,Nashville,0.6715627344827865,0.31099578031837216,0.0174414851988414,36.1067,-86.7743,True,0,-1,-1.1589586,-8.608664
37207,122144,167.78021978021977,728,103725,17675,744,1558.6000000000001,15.19,3163.398586,16.13306011,South,TN,Nashville,0.8492025805606497,0.1447062483625884,0.006091171076761855,36.2195,-86.774,True,5,1,4.1950197,6.5238824
37209,273714,375.9807692307692,728,196263,71679,5772,1464.5,14.91,3193.108511,16.26803279,South,TN,Nashville,0.7170367609987067,0.2618755343168417,0.021087704684451654,36.1546,-86.8602,True,0,-1,1.7151707,-2.0770876
37221,457124,627.9175824175824,728,319127,127736,10261,1490.2,16.17,3157.747164,16.6295082,South,TN,Nashville,0.698119109913284,0.27943402665359945,0.022446863433116616,36.0662,-86.9639,True,0,-1,-1.1135749,-8.521957
37615,258786,355.47527472527474,728,205932,52093,761,1131.5,15.89,3306.8693,17.61748634,South,TN,Johnson City,0.7957617490899817,0.20129759724250926,0.0029406536675090616,36.3996,-82.4523,True,5,1,3.9589918,-1.5689862
37617,132368,182.07427785419532,727,107289,24525,554,1278.3,21.56,3255.6089810000003,16.93797814,South,TN,Blountville,0.8105357790402514,0.1852789193762843,0.004185301583464281,36.5356,-82.3656,True,5,1,2.2921145,6.1817617
37664,181982,249.97527472527472,728,150378,31126,478,1201.6,21.7,3239.3673689999996,16.85054645,South,TN,Kingsport,0.8263344726401513,0.17103889395654515,0.0026266334033036233,36.5208,-82.5168,True,5,1,2.1244345,5.494829
37862,234348,321.9065934065934,728,190116,44147,85,1092.2,13.929999999999998,3332.685481,15.318852460000002,South,TN,Sevierville,0.8112550565825183,0.1883822349668015,0.000362708450680185,35.8452,-83.5386,True,5,1,5.492188,-0.7276726
37876,217318,298.5137362637363,728,176493,40279,546,1210.3,12.320000000000002,3340.780244,16.14508197,South,TN,Sevierville,0.8121416541657847,0.1853458986370204,0.002512447197194894,35.866,-83.4793,True,5,1,5.1068635,-0.080968164
38019,267556,367.52197802197804,728,221577,44167,1812,1523.1000000000001,20.72,3261.3850080000007,18.14726776,South,TN,Covington,0.8281518635351104,0.1650757224655773,0.006772413999312293,35.5598,-89.6501,True,5,1,0.599117,0.7459951
38125,275588,378.55494505494505,728,241088,32284,2216,1442.3,21.0,3274.058011,16.35901639,South,TN,Memphis,0.874813126841517,0.11714588443618736,0.0080409887222956,35.0312,-89.8124,True,5,1,-0.015329893,2.1538508
38632,228779,314.25686813186815,728,199630,28028,1121,1469.6000000000001,21.0,3270.104025,18.09562842,South,MS,Hernando,0.8725888302685124,0.12251124447611013,0.00489992525537746,34.8096,-90.0095,True,5,1,0.62050176,2.4462218
38637,242481,333.0782967032967,728,210577,30582,1322,1446.3,21.91,3227.125069,17.41912568,South,MS,Horn Lake,0.868426804574379,0.12612122186892993,0.005451973556691039,34.9519,-90.0507,True,5,1,0.5867068,2.1386027
38668,209272,287.46153846153845,728,176832,30950,1490,1492.8999999999999,15.049999999999999,3278.989444,17.87322404,South,MS,Senatobia,0.844986429144845,0.1478936503688979,0.00711992048625712,34.6323,-89.8855,True,5,1,1.3439513,2.0718334
38671,259419,356.3447802197802,728,219204,38606,1609,1465.0,19.25,3254.219228,18.21775956,South,MS,Southaven,0.844980514148925,0.1488171645099241,0.006202321341150802,34.9771,-89.9992,True,5,1,0.6807803,1.3339936
38834,224194,307.9587912087912,728,193126,29654,1414,1227.2,12.25,3244.0719329999997,17.06885246,South,MS,Corinth,0.8614235884992462,0.13226937384586562,0.006307037654888177,34.8759,-88.5916,True,5,1,1.9184167,2.7186248
39553,212645,292.0947802197802,728,178656,33989,0,1450.1000000000001,7.910000000000001,3538.457636,16.73060109,South,MS,Gautier,0.8401608314326695,0.15983916856733052,0.0,30.398,-88.6412,True,5,-1,11.968393,-0.8976366
39648,274174,376.6126373626374,728,223253,50921,0,1123.5,5.6,3439.547458,15.034426229999998,South,MS,McComb,0.8142748765382567,0.18572512346174327,0.0,31.1769,-90.4016,True,5,1,9.382705,-3.751901
40202,73915,101.67125171939477,727,65690,8218,7,1352.4,47.60000000000001,3075.724039,14.379508200000002,South,KY,Louisville,0.8887235337888115,0.11118176283568965,9.470337549888385e-05,38.2507,-85.7476,True,1,-1,-2.007791,15.645006
40216,205797,282.6881868131868,728,129792,24337,51668,1351.9,47.81,3098.1311970000006,16.15819672,South,KY,Louisville,0.6306797475181855,0.11825731181698469,0.2510629406648299,38.1865,-85.8335,True,2,-1,8.7072935,-14.424299
40241,392966,539.7884615384615,728,311908,81054,4,1333.6,49.28000000000001,3083.90295,16.35491803,South,KY,Louisville,0.7937277016332202,0.2062621193691057,1.0178997674099032e-05,38.3045,-85.5815,True,0,-1,-2.651922,-4.0951433
40299,67468,101.76168929110105,663,67468,0,0,1422.6,47.39,3113.536311,15.04672131,South,KY,Louisville,1.0,0.0,0.0,38.1768,-85.5218,True,1,-1,-3.6355798,19.25011
40356,73683,55.820454545454545,1320,68505,779,4399,1428.1,51.38,3094.392889,18.7931694,South,KY,Nicholasville,0.929725988355523,0.010572316545200385,0.05970169509927663,37.8808,-84.5646,True,1,-1,-1.1542802,19.226822
40383,37509,57.44104134762634,653,36167,0,1342,1388.5,50.33,3067.748956,19.77923497,South,KY,Versailles,0.964221920072516,0.0,0.03577807992748407,38.0413,-84.7287,True,1,-1,-4.3364186,18.398046
40391,678040,931.3736263736264,728,86119,574378,17543,1347.5,50.75,3111.2321690000003,20.11912568,South,KY,Winchester,0.12701168072680077,0.8471152144416259,0.02587310483157336,37.9872,-84.1789,True,0,-1,-2.0326455,-10.125562
40505,85023,117.59751037344398,723,76035,8988,0,1367.8,53.97,3096.896983,19.07295082,South,KY,Lexington,0.8942874281076885,0.1057125718923115,0.0,38.0612,-84.4583,True,1,0,-4.480454,15.115629
41240,149231,205.26960110041264,727,119286,29461,484,1195.4,48.02,3107.481444,15.88989071,South,KY,Paintsville,0.7993379391681353,0.19741876687819554,0.0032432939536691436,37.8242,-82.7945,True,5,1,0.5939761,7.7325687
42066,87155,120.5463347164592,723,76433,10722,0,1480.0,20.16,3166.213053,19.19808743,South,KY,Mayfield,0.876977798175664,0.12302220182433596,0.0,36.7327,-88.6506,True,5,1,4.347866,7.6477013
42301,358988,493.11538461538464,728,307724,51263,1,1250.0,44.94,3157.163006,17.64808743,South,KY,Owensboro,0.8571985693115091,0.14279864508005838,2.7856084325938473e-06,37.7513,-87.1554,True,0,1,-1.9941895,-2.710805
42501,27895,38.42286501377411,726,18037,1575,8283,1388.8,31.5,3171.775733,18.52103825,South,KY,Somerset,0.6466033339308119,0.056461731493099125,0.2969349345760889,37.1029,-84.5443,True,2,-1,8.97548,-15.049642
42503,58419,40.40041493775934,1446,37954,3017,17448,1383.6282157676349,28.419612724757954,3173.1849582807745,17.803120912634856,South,KY,Somerset,0.6496858898645989,0.051644156866772796,0.29866995326862833,37.1566,-84.5248,True,2,-1,7.573474,-16.943699
43220,43333,60.43654114365411,717,40779,1882,672,1229.9,43.12,2979.561889,16.9557377,Midwest,OH,COLUMBUS,0.9410610850852699,0.04343110331617935,0.015507811598550757,40.0495,-83.0669,True,1,0,-4.506638,17.610273
43953,393217,540.1332417582418,728,282288,110799,130,1121.1,56.91,2828.056983,17.73087432,Midwest,OH,Wintersville,0.7178936821144559,0.2817757116299651,0.00033060625557898056,40.3524,-80.6781,True,0,-1,-4.086162,-5.348252
44023,84464,116.18156808803302,727,76073,8391,0,1247.0,123.41,2806.572142,19.3352459,Midwest,OH,Chagrin Falls,0.9006559007387763,0.09934409926122371,0.0,41.3872,-81.3042,True,1,-1,-11.749804,14.538317
45324,28274,41.457478005865106,682,28274,0,0,1153.5,49.0,2957.722836,18.34972678,Midwest,OH,Fairborn,1.0,0.0,0.0,39.8053,-84.0198,True,1,0,-5.2089295,18.45662
45385,84390,119.70212765957447,705,84390,0,0,1133.9,47.81,2912.687769,18.2295082,Midwest,OH,Xenia,1.0,0.0,0.0,39.6842,-83.9369,True,1,0,-5.447075,18.873753
45750,446226,613.7909215955983,727,330092,116011,123,1131.4,57.75,2994.2203420000005,17.09453552,Midwest,OH,Marietta,0.7397417452143085,0.25998260970898157,0.00027564507671000796,39.4281,-81.4644,True,0,-1,-3.6207888,-5.437125
46319,121674,167.1346153846154,728,95876,5513,20285,826.1999999999999,77.28,3081.196406,18.24262295,Midwest,IN,Griffith,0.7879744234594079,0.045309597777668194,0.16671597876292388,41.5335,-87.4228,True,1,-1,-13.748176,7.596807
46322,254884,350.11538461538464,728,214535,40345,4,856.3000000000001,71.05,3035.443019,16.42540984,Midwest,IN,Highland,0.8416966149307136,0.15828769165581205,1.569341347436481e-05,41.55,-87.4569,True,1,-1,-9.12189,10.237806
46350,577622,793.4368131868132,728,450550,118043,9029,1021.6,112.35000000000001,2949.263628,19.24453552,Midwest,IN,La Porte,0.7800083791822333,0.20436029098614664,0.015631329831619988,41.5994,-86.7077,True,0,-1,-6.077172,-5.3286557
46368,755518,518.8997252747253,1456,611374,121896,22248,874.4,87.36,3067.360228,20.43387978,Midwest,IN,Portage,0.8092116931694546,0.1613409607712854,0.029447346059260006,41.5672,-87.1757,True,4,-1,2.8101592,-23.582241
46383,113260,155.57692307692307,728,102708,10541,11,926.6,89.95,3043.244136,20.28469945,Midwest,IN,Valparaiso,0.9068338336570723,0.0930690446759668,9.712166696097475e-05,41.4547,-87.0656,True,1,-1,-10.174357,13.786807
46408,514527,706.7678571428571,728,427734,83137,3656,826.1999999999999,77.28,3081.196406,18.24262295,Midwest,IN,Gary,0.8313149747243584,0.16157947007640028,0.0071055551992412445,41.5422,-87.3588,True,0,-1,-6.362256,-4.7456737
47201,384095,527.603021978022,728,315505,63840,4750,1150.3,45.15,3040.8528500000007,17.53169399,Midwest,IN,Columbus,0.8214243871958761,0.16620888061547273,0.012366732188651246,39.2055,-85.9317,True,0,-1,-2.3355815,-3.5410264
48066,100948,138.66483516483515,728,81115,19430,403,851.0,80.85,2890.283664,16.9863388,Midwest,MI,Roseville,0.8035325117882474,0.1924753338352419,0.003992154376510679,42.5034,-82.9387,True,1,-1,-9.656525,12.008269
48081,273698,386.57909604519773,708,241712,31986,0,832.9,85.82,2889.234056,21.40218579,Midwest,MI,St. Clair Shores,0.8831339651732932,0.11686603482670681,0.0,42.4941,-82.899,True,1,-1,-10.593488,11.08855
48188,118852,163.25824175824175,728,105371,13480,1,845.9,87.92,2902.673183,19.20300546,Midwest,MI,Canton,0.8865732171103557,0.11341836906404604,8.413825598223e-06,42.291,-83.465,True,1,-1,-10.276689,13.19605
48346,250267,343.77335164835165,728,218043,26140,6084,779.1999999999999,99.61,2819.164392,18.69453552,Midwest,MI,Clarkston,0.8712415140629808,0.10444844905640775,0.024310036880611507,42.7239,-83.4232,True,1,-1,-10.696814,11.543736
48430,278308,382.2912087912088,728,212151,64812,1345,794.9,100.31000000000002,2820.377278,19.99945355,Midwest,MI,Fenton,0.762288543627923,0.23287868117337626,0.00483277519870072,42.7851,-83.7294,True,1,-1,-12.132483,11.2783165
48750,128213,182.12073863636363,704,128213,0,0,733.2,93.31,2994.19905,20.28770492,Midwest,MI,Oscoda,1.0,0.0,0.0,44.4465,-83.3619,True,1,-1,-10.099762,16.473543
48846,92302,126.96286107290234,727,78883,13419,0,768.2,92.19000000000001,2929.8766279999995,20.08715847,Midwest,MI,Ionia,0.8546185348096466,0.14538146519035341,0.0,42.9859,-85.071,True,1,-1,-10.709765,12.846628
49331,215769,296.7936726272352,727,182893,32876,0,779.8999999999999,98.07,2898.9004169999994,19.93415301,Midwest,MI,Lowell,0.8476333486274673,0.15236665137253266,0.0,42.955,-85.3653,True,1,-1,-11.144098,11.707136
49548,108757,149.59697386519946,727,90887,17870,0,731.7,108.64,2884.660608,19.84098361,Midwest,MI,Grand Rapids,0.835688737276681,0.16431126272331895,0.0,42.8697,-85.6628,True,1,-1,-11.261481,12.754881
49601,213508,293.68363136176066,727,178675,34833,0,787.8,156.66,2773.362478,19.98715847,Midwest,MI,Cadillac,0.8368538883788897,0.16314611162111023,0.0,44.2504,-85.43,True,1,-1,-12.586341,12.970736
49829,144019,198.3732782369146,726,139675,4344,0,770.6,126.48999999999998,2840.55075,19.68989071,Midwest,MI,Escanaba,0.969837313132295,0.030162686867704954,0.0,45.7659,-87.089,True,1,-1,-10.800227,15.574437
53027,100703,138.3282967032967,728,78464,12825,9414,752.0,72.66,3044.3752330000007,20.89918033,Midwest,WI,Hartford,0.779162487711389,0.12735469648371944,0.09348281580489161,43.3157,-88.3707,True,1,-1,-12.048178,8.356603
53149,233885,321.71251719394775,727,182076,37702,14107,763.5,67.62,3073.9481559999995,20.05,Midwest,WI,Mukwonago,0.7784851529597879,0.16119887979135045,0.06031596724886162,42.8821,-88.3451,True,1,-1,-10.9788885,8.476449
53151,129023,177.47317744154057,727,97686,19195,12142,779.5,70.56,3106.6074719999997,19.93278689,Midwest,WI,New Berlin,0.7571208234190803,0.14877192438557466,0.09410725219534502,42.9822,-88.0946,True,1,-1,-11.9462385,8.312775
53154,488185,670.5837912087912,728,397636,86293,4256,733.6999999999999,78.96,3107.521531,22.14371585,Midwest,WI,Oak Creek,0.8145190860022328,0.17676290750432724,0.008718006493439987,42.8892,-87.9027,True,0,-1,-6.698384,-4.327604
53220,520835,715.4326923076923,728,412064,102635,6136,736.4,71.68,3093.946161,19.06120219,Midwest,WI,Greenfield,0.7911603482868855,0.19705856941257788,0.011781082300536639,42.9559,-87.9933,True,0,-1,-6.4311466,-4.69153
54143,116465,160.42011019283746,726,95444,20908,113,823.7,105.14,3019.7194220000006,20.43005464,Midwest,WI,Marinette,0.8195080066972911,0.17952174473017646,0.0009702485725325205,45.0874,-87.6697,True,1,-1,-11.497205,12.408656
57401,278803,382.97115384615387,728,215436,45689,17678,792.0,67.2,3135.0829780000004,21.88224044,Midwest,SD,Aberdeen,0.7727176536837839,0.1638755680534284,0.0634067782627877,45.4661,-98.4856,True,1,-1,-10.394998,7.723864
57501,173707,238.6085164835165,728,139572,34135,0,689.6,42.63,3191.367122,23.938251370000003,Midwest,SD,Pierre,0.8034909358862913,0.19650906411370872,0.0,44.3695,-100.3211,True,1,-1,-9.7614565,7.027921
58703,159954,219.71703296703296,728,141258,18188,508,497.09999999999997,52.5,2960.510556,21.04043716,Midwest,ND,Minot,0.8831163959638396,0.11370769096115133,0.003175913075009065,48.3306,-101.3156,True,1,-1,-9.8101,8.651867
59102,214255,294.30631868131866,728,182136,28531,3588,574.3,130.76,3284.448978,19.03360656,West,MT,Billings,0.8500898462112902,0.1331637534713309,0.016746400317378823,45.7813,-108.5727,True,1,-1,-14.067807,0.17552094
59901,604500,830.3571428571429,728,468541,96257,39702,771.5,131.39,3210.8631889999997,12.7726776,West,MT,Kalispell,0.7750885028949545,0.1592340777502068,0.06567741935483871,48.2028,-114.3039,True,0,-1,-8.910031,-4.22133
60202,102867,142.6726768377254,721,70475,8929,23463,798.9,70.56,3120.794275,18.76256831,Midwest,IL,Evanston,0.6851079549320968,0.08680140375436243,0.2280906413135408,42.0302,-87.6865,True,2,-1,-14.007365,6.760997
60440,113016,158.73033707865167,712,112080,0,936,890.2,68.11,3064.691258,18.23934426,Midwest,IL,Bolingbrook,0.9917179868337227,0.0,0.008282013166277342,41.6976,-88.0873,True,1,-1,-7.6947246,19.182425
60632,270681,371.81456043956047,728,249926,19675,1080,886.3000000000001,70.21,3079.688681,16.79371585,Midwest,IL,Chicago,0.9233230259973918,0.07268703750909743,0.0039899364935108116,41.8093,-87.7052,True,1,-1,-8.704877,10.448992
60804,62639,86.87794729542303,721,51553,0,11086,921.1,73.01,3091.082267,15.70519126,Midwest,IL,Cicero,0.8230176088379444,0.0,0.17698239116205558,41.8378,-87.7602,True,1,-1,-14.031021,7.634214
63376,513977,235.33745421245422,2184,411816,97489,4672,1005.0,50.12,3135.211867,16.55273224,Midwest,MO,St. Peters,0.8012342964763015,0.18967580261373562,0.009089900909962896,38.7802,-90.6228,True,4,-1,5.0406256,-21.660208
65802,422317,580.1057692307693,728,338787,68392,15138,1160.1,29.75,3222.875772,18.50300546,Midwest,MO,Springfield,0.8022101880814648,0.16194470030806243,0.0358451116104727,37.2117,-93.299,True,0,-1,-0.98977673,-3.4984093
65803,347296,238.52747252747253,1456,287171,50432,9693,1156.3999999999999,30.240000000000002,3230.275743,18.343852455,Midwest,MO,Springfield,0.8268767852206763,0.14521330507693725,0.027909909702386437,37.2593,-93.2912,True,4,-1,2.3049452,-20.395279
65804,697212,478.8543956043956,1456,561021,112291,23900,1149.3,31.29,3254.293144,18.27377049,Midwest,MO,Springfield,0.8046634309220151,0.16105718203358518,0.034279387044399694,37.1654,-93.2522,True,4,-1,3.4020498,-22.609303
65807,353914,486.1456043956044,728,285338,50583,17993,1176.6,29.54,3243.196819,18.21967213,Midwest,MO,Springfield,0.8062354131229621,0.1429245522923648,0.050840034584673115,37.1668,-93.3085,True,0,1,-0.98120695,-3.1340785
66030,181983,249.97664835164835,728,140416,35116,6451,1116.1,44.03,3185.407322,21.80273224,Midwest,KS,Gardner,0.7715885549749152,0.19296307896891468,0.035448366056170084,38.8075,-94.9157,True,1,-1,-5.41727,5.6313977
66215,65996,90.90358126721763,726,62414,3542,40,1076.7,45.01,3178.5436609999997,18.77814208,Midwest,KS,Lenexa,0.9457239832717135,0.05366991938905388,0.0006060973392326808,38.9536,-94.7336,True,1,-1,-3.67442,17.073196
66220,243999,335.16346153846155,728,218295,25622,82,1076.7,45.01,3178.5436610000006,18.77814208,Midwest,KS,Lenexa,0.8946553059643687,0.10500862708453723,0.00033606695109406184,38.9536,-94.7336,True,1,-1,-6.8932166,7.8862414
67502,85856,120.92394366197183,710,76002,1144,8710,852.0,33.81,3353.789739,21.86584699,Midwest,KS,Hutchinson,0.885226425642937,0.013324636600819978,0.10144893775624302,38.1156,-97.8937,True,1,-1,-10.303199,4.7968063
68516,96481,132.52884615384616,728,71875,8535,16071,771.6,50.12,3236.896039,20.78907104,Midwest,NE,Lincoln,0.7449653299613396,0.08846301344306133,0.16657165659559914,40.7568,-96.6523,True,1,-1,-12.915082,6.5425096
68523,64795,89.00412087912088,728,48153,2337,14305,758.5,57.89,3238.094678,21.83961749,Midwest,NE,Lincoln,0.7431591943822826,0.03606759780847288,0.22077320780924453,40.7408,-96.7583,True,2,-1,-13.23933,6.333089
68601,288453,395.6831275720165,729,242662,44023,1768,760.1,50.88999999999999,3167.386447,20.65819672,Midwest,NE,Columbus,0.8412531677604324,0.15261758414715743,0.006129248092410202,41.4297,-97.3684,True,1,-1,-9.392888,7.7072077
69101,17097,30.475935828877006,561,17097,0,0,608.5,29.05,3304.44505,22.63142077,Midwest,NE,North Platte,1.0,0.0,0.0,41.1326,-100.7746,True,1,-1,-9.603663,4.3599463
70043,194086,266.60164835164835,728,178454,15061,571,1474.6000000000001,10.01,3509.586731,15.63005464,South,LA,Chalmette,0.9194583844275218,0.07759962078666158,0.002941994785816597,29.9466,-89.9611,True,5,-1,11.596942,5.3603373
72076,202286,277.86538461538464,728,158131,32918,11237,1253.1,22.96,3329.0501190000004,17.23770492,South,AR,Jacksonville,0.7817199410735296,0.16272999614407324,0.0555500627823972,34.919,-92.1419,True,5,1,3.1773407,2.104869
72301,285322,391.9258241758242,728,248568,35016,1738,1363.0,22.4,3257.375356,18.41666667,South,AR,West Memphis,0.8711841358184788,0.12272450073951535,0.006091363442005874,35.1484,-90.1779,True,5,1,-0.15637144,1.4594538
73089,67757,93.32920110192838,726,58976,8781,0,873.5,14.279999999999998,3402.741308,23.446994539999995,South,OK,Tuttle,0.8704045338489013,0.1295954661510988,0.0,35.2674,-97.7446,True,1,-1,-5.878747,3.1091084
74012,189256,259.967032967033,728,153184,35247,825,1353.8,20.44,3266.538489,18.96857923,South,OK,Broken Arrow,0.8094010229530372,0.18623980217271843,0.00435917487424441,36.0447,-95.8079,True,5,1,1.3168323,3.6109402
74464,178305,125.83274523641497,1417,155652,14258,8395,1249.6,24.22,3283.519822,18.88306011,South,OK,Tahlequah,0.8729536468410869,0.07996410644681866,0.04708224671209445,35.9094,-94.9787,True,4,-1,1.3024875,-19.741415
74501,175144,240.58241758241758,728,138641,25006,11497,1131.4,17.57,3288.395031,19.25765027,South,OK,McAlester,0.7915829260494222,0.14277394601014023,0.06564312794043758,34.9262,-95.7592,True,5,1,-2.996007,4.060908
74701,367195,252.19436813186815,1456,318573,48595,27,1134.9,18.41,3388.298347,20.26639344,South,OK,Durant,0.8675853429376762,0.132341126649328,7.353041299581965e-05,34.0061,-96.3847,True,4,-1,1.7338365,-20.296656
75019,304974,419.49656121045393,727,245960,58729,285,1260.5,15.54,3396.387411,15.56038251,South,TX,Coppell,0.8064949798999259,0.19257051420776852,0.0009345058923055736,32.9673,-96.9805,True,5,1,9.556678,-4.495709
75023,501538,688.9258241758242,728,365499,100132,35907,1382.0,16.24,3437.8749030000004,16.36666667,South,TX,Plano,0.7287563454812995,0.1996498769784144,0.07159377754028608,33.055,-96.7365,True,0,-1,4.9576735,-9.480563
75034,199882,274.5631868131868,728,185117,12024,2741,1358.7,16.94,3441.7528250000005,18.3284153,South,TX,Frisco,0.9261314175363464,0.060155491740126674,0.013713090723526881,33.1499,-96.8241,True,5,-1,-0.6483759,3.994656
75070,147737,202.93543956043956,728,120886,22965,3886,1363.5,16.38,3403.8514059999998,18.22923497,South,TX,McKinney,0.8182513520648179,0.15544514915017904,0.02630349878500308,33.1976,-96.6153,True,5,1,3.1306329,3.4516826
75078,751775,1032.657967032967,728,501260,81070,169445,1441.5,18.9,3440.744806,19.33306011,South,TX,Prosper,0.6667686475341691,0.10783811645771674,0.22539323600811412,33.2362,-96.7954,True,0,-1,12.0180025,-18.66456
75087,229993,315.92445054945057,728,213007,13156,3830,1315.7,8.61,3403.817017,21.61174863,South,TX,Rockwall,0.9261455783436887,0.057201740922549815,0.01665268073376146,32.9492,-96.4418,True,5,-1,-1.5385698,3.7473428
75104,321094,441.0631868131868,728,271041,48744,1309,1162.6,7.42,3441.807656,18.88251366,South,TX,Cedar Hill,0.8441172989840982,0.15180601319239848,0.004076687823503398,32.5885,-96.9438,True,5,-1,-2.0468986,1.5580347
75119,223455,306.94368131868134,728,190897,32090,468,1172.2,5.18,3412.781869,21.47568306,South,TX,Ennis,0.8542972858069857,0.1436083327739366,0.002094381419077667,32.3321,-96.6224,True,5,-1,-3.0267746,2.7608259
75149,134465,184.70467032967034,728,110478,11891,12096,1308.1,7.21,3384.657975,17.94480874,South,TX,Mesquite,0.8216115717844792,0.08843193396051018,0.0899564942550106,32.7678,-96.6082,True,5,1,3.1784027,4.183826
75165,180273,247.62774725274724,728,140873,30552,8848,1099.8,2.8,3425.4102829999997,21.26803279,South,TX,Waxahachie,0.7814425898498388,0.16947629428699806,0.04908111586316309,32.3808,-96.8374,True,5,-1,-3.8171027,3.1438608
75218,183927,252.64697802197801,728,168356,12066,3505,1521.8999999999999,9.24,3436.538878,16.12295082,South,TX,Dallas,0.9153414126256613,0.06560211388213802,0.01905647349220071,32.8463,-96.6972,True,5,-1,11.123164,5.7106547
75224,318853,437.9848901098901,728,281416,36188,1249,1437.7,10.29,3430.692128,16.65191257,South,TX,Dallas,0.8825885282559675,0.11349430615361938,0.003917165590413137,32.7114,-96.8387,True,5,1,-0.9800935,1.9989302
75287,155373,213.42445054945054,728,134510,20063,800,1250.9,15.96,3433.714569,15.94699454,South,TX,Dallas,0.8657231307884896,0.1291279694670245,0.00514889974448585,33.0005,-96.8314,True,5,1,6.9986615,5.202566
75418,79159,108.88445667125173,727,63099,15166,894,1179.2,24.01,3407.8912970000006,22.6989071,South,TX,Bonham,0.7971171945072576,0.191589080205662,0.011293725287080433,33.5806,-96.1836,True,5,-1,-4.7399673,3.6244226
75601,76845,162.8072033898305,472,66237,10608,0,1163.9,5.53,3381.689033,16.25327869,South,TX,Longview,0.8619558852235019,0.13804411477649814,0.0,32.5178,-94.7303,True,5,-1,7.492036,6.102871
75771,122227,167.89423076923077,728,105966,15635,626,1237.5,2.38,3386.891458,17.1579235,South,TX,Lindale,0.8669606551743886,0.12791772685249578,0.005121617973115596,32.5062,-95.4006,True,5,1,6.691984,5.376102
76049,119407,164.0206043956044,728,66409,52998,0,846.6,13.510000000000002,3554.5195890000005,20.79371585,South,TX,Granbury,0.5561566742318289,0.44384332576817104,0.0,32.4488,-97.7285,True,0,-1,10.055096,-7.0098457
76053,163804,225.0054945054945,728,131668,28059,4077,1241.2,15.96,3455.6554219999994,17.08278689,South,TX,Hurst,0.8038143146687504,0.17129618324338844,0.0248895020878611,32.8211,-97.1756,True,5,1,3.6493845,3.1311166
76502,80661,110.79807692307692,728,65975,13176,1510,991.5,0.56,3372.914797,19.69480874,South,TX,Temple,0.8179293586739564,0.1633503179975453,0.018720323328498285,31.071,-97.3898,True,5,-1,-4.5084968,2.7493265
77051,213610,293.4203296703297,728,178373,35185,52,1650.0,10.43,3364.627069,16.08142077,South,TX,Houston,0.8350404943588783,0.16471607134497449,0.00024343429614718411,29.6579,-95.3688,True,5,-1,11.547406,-1.4045211
77055,135968,186.76923076923077,728,112944,22419,605,1346.2,4.41,3337.41255,14.49453552,South,TX,Houston,0.830666039068016,0.16488438456107318,0.004449576370910802,29.7971,-95.4958,True,5,1,11.0400915,1.350009
77075,104831,144.19669876203577,727,101304,3527,0,1625.1,7.840000000000001,3388.153914,15.64153005,South,TX,Houston,0.9663553719796625,0.0336446280203375,0.0,29.6223,-95.26,True,5,-1,12.020313,6.4887137
77076,355857,488.81456043956047,728,282558,73284,15,1367.4,5.67,3353.226322,14.79508197,South,TX,Houston,0.7940211939065411,0.20593665433025063,4.2151763208255e-05,29.858,-95.3834,True,5,1,10.757504,-4.5658164
77083,71963,98.98624484181568,727,69503,2460,0,1250.4,5.950000000000001,3358.582794,14.92978142,South,TX,Houston,0.9658157664355294,0.03418423356447063,0.0,29.6947,-95.6511,True,5,-1,12.710461,6.7453337
77086,258265,354.75961538461536,728,205638,52580,47,1260.7,4.76,3364.1800500000004,14.876502730000002,South,TX,Houston,0.796228679844346,0.20358933653418002,0.00018198362147406734,29.9227,-95.4939,True,5,1,10.246623,-3.821329
77095,275195,378.0151098901099,728,215210,57880,2105,1221.2,3.99,3357.099731,15.70765027,South,TX,Houston,0.7820272897400026,0.21032358872799287,0.0076491215320045785,29.8941,-95.6481,True,5,1,10.052907,-4.2017317
77320,336003,461.5425824175824,728,255403,69095,11505,1036.1,1.26,3348.811961,17.0726776,South,TX,Huntsville,0.7601211893941423,0.20563804489840865,0.03424076570744904,30.847,-95.597,True,0,1,7.6695704,-5.9366326
77339,36864,50.846896551724136,725,35764,1100,0,1327.6,3.57,3330.218383,15.713114749999999,South,TX,KINGWOOD,0.9701605902777778,0.029839409722222224,0.0,30.0569,-95.1835,True,5,-1,12.562597,6.9563165
77357,233578,320.8489010989011,728,166076,34515,32987,1346.0,3.43,3344.6788109999998,15.88688525,South,TX,New Caney,0.7110087422616856,0.14776648485730676,0.14122477288100763,30.1579,-95.198,True,5,-1,9.645531,-11.615705
77375,370660,254.92434662998625,1454,302985,61587,6088,1242.6475928473176,3.6398074277854193,3355.7439577744153,16.441741267977992,South,TX,Tomball,0.8174202773431177,0.16615496681594993,0.016424755840932392,30.0739,-95.6201,True,4,-1,2.7615778,-19.366669
77449,301587,208.42225293711127,1447,255102,43313,3172,1263.408569454043,4.3426123013130615,3368.9625636931587,16.910682928424325,South,TX,Katy,0.8458653721811616,0.1436169330906173,0.010517694728221044,29.8323,-95.736,True,4,-1,2.4779406,-19.334333
77477,269597,370.32554945054943,728,209022,52300,8275,1364.7,8.54,3371.213414,15.52759563,South,TX,Stafford,0.7753127816704192,0.19399325660152006,0.030693961728060774,29.6228,-95.5678,True,5,1,10.795829,-3.6734083
77504,294056,403.9230769230769,728,230791,52525,10740,1625.1000000000001,7.839999999999999,3388.153914,15.641530050000002,South,TX,Pasadena,0.7848539053785674,0.1786224392632696,0.03652365535816307,29.6501,-95.1885,True,5,-1,11.357956,-2.9182591
77539,334754,459.8269230769231,728,241932,43359,49463,1753.8,7.559999999999999,3469.535386,18.61885246,South,TX,Dickinson,0.7227157853229536,0.1295249646008711,0.14775925007617535,29.4585,-95.0345,True,5,-1,6.88104,-12.331318
77546,271970,373.58516483516485,728,199960,40857,31153,1737.3999999999999,5.6,3433.9495059999995,18.17978142,South,TX,Friendswood,0.735228150163621,0.15022612788175166,0.11454572195462735,29.5224,-95.1879,True,5,-1,6.9808993,-12.305026
77573,396518,544.6675824175824,728,295093,59986,41439,1737.3999999999999,5.6,3433.9495059999995,18.17978142,South,TX,League City,0.7442108554971023,0.1512819090180017,0.10450723548489602,29.5173,-95.0963,True,0,-1,6.6822762,-12.215614
77706,16393,23.723589001447177,691,15376,1017,0,1550.6,7.63,3387.156764,17.60437158,South,TX,Beaumont,0.9379613249557738,0.062038675044226194,0.0,30.0948,-94.1648,True,5,-1,11.8946705,7.235323
78045,141692,194.89958734525447,727,114097,23076,4519,482.1,0.7,3621.541978,20.80546448,South,TX,Laredo,0.8052465911978093,0.16286028851311296,0.03189312028907772,27.6357,-99.5923,True,3,-1,-7.0106544,1.4589214
78064,83817,115.29160935350757,727,72095,11090,632,650.5,1.12,3459.304347,22.45191257,South,TX,Pleasanton,0.8601477027333357,0.1323120607991219,0.007540236467542384,28.9924,-98.4831,True,5,-1,-6.6253986,2.2318609
78258,284872,391.3076923076923,728,214691,68623,1558,942.3000000000001,1.8899999999999997,3368.528828,16.50819672,South,TX,San Antonio,0.7536402314021736,0.24089064562329748,0.005469122974528911,29.6562,-98.4967,True,5,1,8.145423,-5.461354
78363,60982,83.76648351648352,728,56670,4298,14,737.4,0.35,3587.954881,21.25519126,South,TX,Kingsville,0.9292906103440359,0.07047981371552262,0.00022957594044144175,27.4229,-97.8407,True,5,-1,-7.030671,2.7035425
78624,1773,3.5318725099601593,502,1773,0,0,781.3,0.84,3473.974303,19.46065574,South,TX,Fredericksburg,1.0,0.0,0.0,30.2817,-98.8799,True,5,-1,-7.6141787,3.488327
78626,439802,604.1236263736264,728,332901,93544,13357,1043.1,1.19,3362.659678,19.8704918,South,TX,Georgetown,0.7569338020290949,0.2126957130708819,0.03037048490002319,30.633,-97.6707,True,0,-1,6.9714217,-7.14569
78640,697442,958.0247252747253,728,540101,139280,18061,1166.9,1.4,3317.2460059999994,18.86530055,South,TX,Kyle,0.7744027460347958,0.1997011937910249,0.025896060174179357,29.9966,-97.8335,True,0,-1,2.01005,-11.34151
78666,396373,544.4684065934066,728,293640,90137,12596,974.9,1.9599999999999997,3303.9350940000004,18.54016393,South,TX,San Marcos,0.7408173614247187,0.22740449021502473,0.03177814836025663,29.8754,-97.9404,True,0,-1,7.286527,-6.8480644
78703,17401,24.134535367545077,721,15680,1721,0,1013.6,1.6100000000000003,3345.328264,15.95601093,South,TX,Austin,0.9010976380667778,0.09890236193322223,0.0,30.2907,-97.7648,True,5,-1,9.282663,6.2499895
78737,373839,513.5151098901099,728,237875,112680,23284,1083.3,1.68,3313.251383,17.9273224,South,TX,Austin,0.6363033284381779,0.30141317519038946,0.06228349637143262,30.2107,-97.9427,True,0,-1,8.161639,-7.126141
79336,308442,424.2668500687758,727,245063,59873,3506,331.3,12.04,3739.814606,21.28688525,South,TX,Levelland,0.7945189046887259,0.19411429053112092,0.011366804780153157,33.5788,-102.3676,True,3,-1,-7.932264,0.38822523
79423,629120,864.1758241758242,728,461290,131960,35870,321.9,19.88,3728.543978,20.06311475,South,TX,Lubbock,0.733230544252289,0.2097533062054934,0.0570161495422177,33.5146,-101.8795,True,0,-1,0.18665594,-11.7754545
79735,113880,156.64374140302613,727,95383,18496,1,209.8,4.76,3826.6550310000002,28.0215847,South,TX,Fort Stockton,0.8375746399719003,0.16241657885493502,8.781173164734809e-06,30.8908,-102.8799,True,3,-1,-8.933557,1.249309
80013,40079,55.665277777777774,720,29256,10786,37,491.9,66.57,3631.130508,19.31557377,West,CO,Aurora,0.7299583322937199,0.2691184909803139,0.0009231767259662168,39.6575,-104.7846,True,3,-1,-12.553573,-1.2201058
80113,95759,131.5370879120879,728,79731,12138,3890,441.90000000000003,60.34,3648.155117,14.55464481,West,CO,Englewood,0.8326214768324648,0.1267557096460907,0.04062281352144446,39.6405,-104.9614,True,3,-1,-14.659999,-3.4527948
80226,264657,363.53983516483515,728,199060,57545,8052,468.2,74.62,3659.856753,14.37459016,West,CO,Lakewood,0.7521433402479436,0.21743237473408977,0.03042428501796665,39.7123,-105.0918,True,3,-1,-13.957366,-2.8136182
80232,134291,187.5572625698324,716,82879,0,51412,468.2,74.62,3659.8567529999996,14.37459016,West,CO,Lakewood,0.6171597500949431,0.0,0.38284024990505694,39.6895,-105.0908,True,2,-1,-14.588256,-15.651601
80260,356286,489.40384615384613,728,292295,59781,4210,478.2,71.68,3534.7496719999995,15.13196721,West,CO,Federal Heights,0.8203942899805212,0.16778936023307117,0.011816349786407549,39.8672,-105.0041,True,3,-1,-13.710298,-2.9152162
80439,296480,407.25274725274727,728,232138,62746,1596,742.8000000000001,174.02,3594.1831280000006,17.79043716,West,CO,Evergreen,0.7829803022126282,0.2116365353480842,0.005383162439287641,39.6374,-105.3402,True,1,-1,-14.801516,-0.6621376
81650,192399,264.28434065934067,728,158619,33779,1,437.59999999999997,112.35000000000001,3689.346236,11.660655739999997,West,CO,Rifle,0.8244273618885753,0.175567440579213,5.197532211705882e-06,39.5491,-107.7898,True,3,-1,-14.73096,-2.2971618
82001,142679,195.98763736263737,728,122017,20568,94,353.6,63.35,3548.774697,26.03032787,West,WY,Cheyenne,0.8551854162140189,0.1441557622355077,0.0006588215504734403,41.1437,-104.7962,True,1,-1,-10.268026,2.2428398
83404,168571,231.55357142857142,728,135007,33564,0,321.9,78.68,3400.4568079999995,19.26502732,West,ID,Idaho Falls,0.8008910192144556,0.19910898078554437,0.0,43.475,-112.0124,True,3,-1,-12.940695,-1.02927
83815,206800,284.0659340659341,728,183765,23033,2,681.3,103.25,3056.4156779999994,13.49972678,West,ID,Coeur d'Alene,0.8886121856866538,0.11137814313346228,9.67117988394584e-06,47.7248,-116.789,True,1,-1,-13.697594,0.7031954
84010,53690,73.75,728,43929,2257,7504,582.7,182.07,3576.608194,13.64289617,West,UT,Bountiful,0.818197057180108,0.042037623393555594,0.13976531942633638,40.8775,-111.8727,True,1,-1,-15.794436,-0.47817793
84770,326611,448.6414835164835,728,199012,29042,98557,169.9,0.84,3847.256142,15.102185789999998,West,UT,St. George,0.6093242419881756,0.08891923419603137,0.3017565238157931,37.1041,-113.5841,True,2,-1,-13.389057,-14.052082
84790,574958,789.7774725274726,728,358800,61160,154998,127.7,0.84,3859.090583,15.58879781,West,UT,St. George,0.6240455824599362,0.10637298724428566,0.26958143029577813,37.0831,-113.5581,True,2,-1,-12.647378,-13.722696
85024,20916,29.009708737864077,721,17938,1919,1059,401.8,0.0,3863.671978,11.507377050000002,West,AZ,Phoenix,0.8576209600305986,0.09174794415758271,0.050631095811818704,33.6617,-112.037,True,3,-1,-16.26241,-9.45599
85031,197050,270.6730769230769,728,167545,29427,78,369.09999999999997,0.0,3849.7366670000006,13.33333333,West,AZ,Phoenix,0.8502664298401421,0.14933773154021823,0.00039583861963968535,33.4939,-112.1696,True,3,-1,-15.079173,-8.784387
85032,60263,83.23618784530387,724,59128,1135,0,405.1,0.0,3867.008969,11.547814209999999,West,AZ,Phoenix,0.9811658895176144,0.018834110482385542,0.0,33.6238,-112.0044,True,3,-1,-17.085941,-8.756235
85042,63658,87.4423076923077,728,56856,6684,118,439.7,0.0,3861.1072000000004,12.095628420000002,West,AZ,Phoenix,0.8931477583335952,0.10499858619497943,0.0018536554714254296,33.3794,-112.0283,True,3,-1,-16.0003,-8.71673
85044,72657,99.80357142857143,728,67540,5117,0,410.3,0.0,3884.7462059999993,12.468032789999999,West,AZ,Phoenix,0.9295732001046011,0.07042679989539893,0.0,33.3291,-111.9943,True,3,-1,-16.452663,-8.568992
85053,149588,205.47802197802199,728,130631,18901,56,401.8,0.0,3863.6719780000003,11.507377050000002,West,AZ,Phoenix,0.8732719202075033,0.12635371821269087,0.00037436157980586676,33.6299,-112.1316,True,3,-1,-15.502599,-9.117322
85552,171790,235.97527472527472,728,133926,32447,5417,147.9,8.33,3937.7895190000004,23.42404372,West,AZ,Thatcher,0.7795913615460737,0.18887595319867279,0.03153268525525351,32.8504,-109.7461,True,3,-1,-8.459615,0.6194403
85614,140012,193.9224376731302,722,140012,0,0,246.7,3.71,3941.2657470000004,19.9920765,West,AZ,Green Valley,1.0,0.0,0.0,31.8543,-111.0003,True,3,-1,-16.968624,-6.151731
86403,90137,123.81456043956044,728,78834,10964,339,148.6,0.0,3883.211617,16.71174863,West,AZ,Lake Havasu City,0.8746019947413382,0.12163706358099338,0.003760941677668438,34.4814,-114.3483,True,3,-1,-15.84818,-7.520449
87507,54951,80.10349854227405,686,54951,0,0,373.9,40.6,3870.076203,24.19590164,West,NM,Santa Fe,1.0,0.0,0.0,35.6567,-106.0152,True,3,-1,-9.426197,2.8987713
88030,142674,195.98076923076923,728,117465,25209,0,189.20000000000002,7.98,3938.2727420000006,25.59863388,West,NM,Deming,0.82331048404054,0.17668951595946003,0.0,32.2318,-107.7466,True,3,-1,-8.765262,0.95407575
89502,100253,140.80477528089887,712,100253,0,0,475.30000000000007,54.11,3699.586589,12.35409836,West,NV,Reno,1.0,0.0,0.0,39.4972,-119.7764,True,3,-1,-18.066671,-8.578682
90201,271527,373.48968363136174,727,235870,35499,158,534.7,0.0,3627.1818280000007,11.522950819999998,West,CA,Cudahy,0.8686797261414151,0.1307383796086577,0.0005818942499272632,33.9653,-118.1515,True,3,-1,-14.036831,-9.529493
90602,499347,686.85969738652,727,393085,96616,9646,562.6,0.0,3619.4225859999997,10.79180328,West,CA,Whittier,0.7871980806933856,0.19348469100645443,0.01931722830016001,33.9693,-118.0337,True,3,-1,-11.636769,-10.291595
90715,312690,215.05502063273727,1454,239431,64916,8343,468.7961485557084,0.0,3577.944874247593,10.314939003383769,West,CA,Lakewood,0.7657136461031693,0.20760497617448592,0.026681377722344815,33.8405,-118.0767,True,3,-1,-10.354298,-15.681001
90720,389093,534.4684065934066,728,335873,53170,50,462.0,0.0,3598.468681,13.03251366,West,CA,Los Alamitos,0.8632203611989936,0.13665113481866803,0.00012850398233841268,33.7956,-118.0648,True,3,-1,-12.96558,-9.901458
91316,583727,801.8228021978022,728,445570,133146,5011,613.4,0.0,3729.1604079999997,12.006557380000002,West,CA,Los Angeles,0.763319154330706,0.22809635326102784,0.008584492408266193,34.1655,-118.5175,True,3,-1,-11.06131,-10.273831
91768,79932,109.9477303988996,727,66376,12804,752,611.0,0.21,3616.860828,11.89043716,West,CA,Pomona,0.830405844968223,0.16018615823449933,0.009407996797277687,34.0662,-117.7763,True,3,-1,-14.586483,-8.372237
92009,212975,292.5480769230769,728,138132,18270,56573,396.59999999999997,0.0,3632.0020939999995,14.45874317,West,CA,Carlsbad,0.6485831670383848,0.08578471651602301,0.2656321164455922,33.0954,-117.2619,True,2,-1,-14.153422,-13.933155
92024,125379,179.11285714285714,700,125379,0,0,396.6,0.0,3632.002094,14.45874317,West,CA,Encinitas,1.0,0.0,0.0,33.0535,-117.2689,True,3,-1,-17.265625,-7.6781955
92122,70776,97.353507565337,727,52492,8972,9312,447.30000000000007,0.0,3573.447269,13.44863388,West,CA,San Diego,0.7416638408500057,0.1267661354131344,0.13157002373685994,32.8577,-117.2115,True,3,-1,-14.951406,-12.04364
92128,70879,48.915804002760524,1449,51222,10872,8785,502.4,0.0,3666.4155689999993,13.335792350000002,West,CA,San Diego,0.7226682092015971,0.15338816856896964,0.12394362222943325,33.0067,-117.069,True,3,-1,-10.972486,-15.959272
92130,10202,14.071724137931035,725,6639,3563,0,441.9,0.0,3576.1997969999998,14.08879781,West,CA,San Diego,0.6507547539698099,0.34924524603019014,0.0,32.9555,-117.2252,True,3,-1,-12.823536,-7.667117
92407,119888,83.08246708246708,1443,82918,9266,27704,636.5,0.35,3817.9961139999996,13.76338798,West,CA,San Bernardino,0.6916288535966902,0.07728880288269051,0.23108234352061924,34.2166,-117.3908,True,2,-1,-11.433691,-16.076262
92553,38591,53.082530949105916,727,24089,5394,9108,419.6,1.12,3771.207142,15.46147541,West,CA,Moreno Valley,0.6242128993806846,0.1397735223238579,0.2360135782954575,33.9157,-117.2351,True,2,-1,-14.883389,-13.6209
92585,140292,192.9738651994498,727,95679,24392,20221,306.8,0.0,3774.989883,14.76065574,West,CA,Menifee,0.6819989735694124,0.17386593676047102,0.14413508967011662,33.7467,-117.1721,True,3,-1,-14.644013,-12.490718
92604,250317,343.842032967033,728,184111,42824,23382,492.8,0.0,3736.2625000000003,11.7136612,West,CA,Irvine,0.7355113715808355,0.17107907173703743,0.09340955668212707,33.6899,-117.7868,True,3,-1,-14.099677,-11.131069
92663,37005,54.74112426035503,676,35349,0,1656,536.9,0.0,3564.1983060000002,14.270765030000002,West,CA,Newport Beach,0.9552492906364005,0.0,0.04475070936359951,33.621,-117.9321,True,3,-1,-17.616581,-7.803683
92683,221038,304.041265474553,727,198621,22417,0,424.4,0.0,3592.2139390000007,11.23606557,West,CA,Westminster,0.898583049068486,0.10141695093151404,0.0,33.7524,-117.9939,True,3,-1,-14.800103,-9.493701
92801,232872,319.8791208791209,728,204580,25971,2321,466.0,0.0,3575.230903,10.35,West,CA,Anaheim,0.8785083651104469,0.11152478614861383,0.009966848740939229,33.8428,-117.9546,True,3,-1,-14.493123,-9.615587
92860,252462,173.7522367515485,1453,186628,27664,38170,428.4,0.0,3753.80355,15.3510929,West,CA,Norco,0.7392320428420911,0.10957688681861033,0.1511910703392986,33.9247,-117.5517,True,3,-1,-11.126744,-16.02266
93436,126948,183.7163531114327,691,126948,0,0,502.5,0.0,3633.960464,16.83934426,West,CA,Lompoc,1.0,0.0,0.0,34.6583,-120.4506,True,3,-1,-17.574211,-7.127917
94803,67522,96.32239657631955,701,46865,0,20657,488.2,0.0,3527.392092,17.73961749,West,CA,San Pablo,0.6940700808625337,0.0,0.3059299191374663,37.9693,-122.2901,True,2,-1,-14.975166,-14.637816
95051,633671,870.4271978021978,728,533348,96826,3497,489.2,1.4700000000000002,3682.9326029999997,12.262021860000003,West,CA,Santa Clara,0.8416796728901906,0.15280169046713515,0.0055186366426741955,37.3483,-121.9844,True,3,-1,-10.91988,-10.530134
95126,598539,822.1689560439561,728,492080,100073,6386,503.7,2.9400000000000004,3713.0914079999993,13.07431694,West,CA,San Jose,0.8221352326247746,0.1671954542644673,0.01066931311075803,37.3249,-121.9153,True,3,-1,-11.077013,-10.546671
95135,144974,265.5201465201465,546,102143,17665,25166,474.2,0.21,3701.827256,13.4226776,West,CA,San Jose,0.7045608178018128,0.1218494350711162,0.17358974712707106,37.2974,-121.7562,True,3,-1,-14.403837,-12.763142
95207,107048,147.04395604395606,728,87924,19041,83,585.6,0.28,3564.014197,14.0420765,West,CA,Stockton,0.8213511695687916,0.17787347731858605,0.000775353112622375,38.0024,-121.3238,True,3,-1,-14.21357,-7.7353354
95210,451333,619.9629120879121,728,338903,51862,60568,585.6,0.28,3564.014197,14.0420765,West,CA,Stockton,0.750893464470801,0.1149085043637403,0.13419803116545875,38.025,-121.2972,True,3,-1,-12.237507,-11.258979
95336,77033,105.81456043956044,728,50467,8814,17752,533.1,0.0,3586.946442,14.524043719999998,West,CA,Manteca,0.6551348123531473,0.11441849596925993,0.2304466916775927,37.8134,-121.2132,True,2,-1,-14.788743,-13.644737
95380,7930,12.728731942215088,623,4447,34,3449,482.7,0.63,3655.049206,15.213387980000002,West,CA,Turlock,0.56078184110971,0.004287515762925599,0.43493064312736446,37.4888,-120.8535,True,2,-1,-15.048787,-15.254173
95966,64126,88.81717451523545,722,60269,3857,0,1009.0,1.33,3569.626831,16.2431694,West,CA,OROVILLE,0.9398527898200418,0.06014721017995821,0.0,39.4877,-121.4698,True,3,-1,-18.407965,-6.937035
96002,188226,258.5521978021978,728,146476,40395,1355,1093.9,12.67,3512.2924419999995,17.4420765,West,CA,Redding,0.7781921732385536,0.2146090338210449,0.007198792940401432,40.5486,-122.3339,True,3,-1,-11.242414,-5.401402
97113,31765,43.7534435261708,726,28549,3216,0,1114.7,15.68,2907.9830330000004,14.66120219,West,OR,Cornelius,0.8987564929954353,0.10124350700456478,0.0,45.529,-123.0415,True,1,-1,2.9933763,16.54537
97305,49449,67.92445054945055,728,47197,1709,543,1228.3,18.76,2969.487136,16.71065574,West,OR,Salem,0.9544581285769176,0.0345608606847459,0.010981010738336468,44.9961,-122.9124,True,1,-1,2.7447898,16.901337
97321,103221,141.9821182943604,727,82136,13765,7320,1195.4,22.889999999999997,2959.051317,17.0704918,West,OR,Albany,0.7957295511572258,0.13335464682574283,0.07091580201703142,44.652,-123.1333,True,1,-1,3.1728935,16.037191
97526,308916,424.33516483516485,728,244650,46782,17484,932.4,55.09,3283.812706,13.15464481,West,OR,Grants Pass,0.7919628636911005,0.1514392261974129,0.05659791011148662,42.4638,-123.3457,True,3,-1,-12.3733225,-3.868122
98012,156198,215.74309392265192,724,149362,0,6836,1165.2,37.59,2833.453189,14.609016389999999,West,WA,Bothell,0.9562350350196546,0.0,0.04376496498034546,47.8401,-122.1972,True,1,-1,2.1327589,16.822535
98072,112108,155.2742382271468,722,109589,0,2519,1337.1,57.19,2828.883203,13.83114754,West,WA,Woodinville,0.9775305954971991,0.0,0.022469404502800872,47.7684,-122.1271,True,1,-1,1.9980959,17.137335
98226,117012,161.39586206896553,725,117012,0,0,1387.0,36.75,2835.721483,16.95628415,West,WA,Bellingham,1.0,0.0,0.0,48.7974,-122.4448,True,1,-1,2.218476,17.237036
98499,353936,486.1758241758242,728,308800,41090,4046,1233.2,23.31,2865.337794,16.03497268,West,WA,Lakewood,0.8724741196148457,0.1160944351521179,0.011431445233036481,47.1677,-122.5024,True,1,-1,2.3885586,15.605974
98837,388813,534.0837912087912,728,312501,71177,5135,267.9,20.65,3312.256708,16.64972678,West,WA,Moses Lake,0.8037308423329467,0.18306229472779975,0.013206862939253574,47.1374,-119.2891,True,3,-1,-13.022368,-4.805623
99336,248113,340.81456043956047,728,184373,41130,22610,303.0,16.87,3241.2893310000004,14.44672131,West,WA,Kennewick,0.7431009257878467,0.16577124132955548,0.09112783288259785,46.2109,-119.168,True,3,-1,-13.266477,-5.097887
99352,57048,78.68689655172413,725,45707,9875,1466,302.2,14.35,3297.924711,14.71639344,West,WA,Richland,0.8012024961435984,0.17309984574393494,0.025697658112466694,46.2522,-119.288,True,3,-1,-13.777133,-5.537383
