client_name,client_id,site_id,operational_start,open_year,proforma_y1,proforma_y2,proforma_y3,proforma_y4,proforma_y5,model5_y1,model5_y2,model5_y3,model5_y4,model5_y5,actual_y1,actual_y2,actual_y3,actual_y4,actual_y5,actual_mature_wash,model5_mature
Extreme Express,extremeexpress_000074,1.0,01-2020,2020,7228.0,9541.0,10430.0,10811.0,11665.0,6751.0,9536.0,9611.0,9648.0,8885.0,11750,17015,20150.0,20076.0,19959.0,20066,8985.0
H2GLO CAR WASH,5025585h2glo,1.0,01-2020,2020,5659.0,7469.0,8084.0,8380.0,9041.0,3554.0,4143.0,3933.0,3969.0,3603.0,2493,3852,3655.0,3628.0,3052.0,2776,3840.0
Magic Belle,magictunnel_000072,3.0,01-2020,2020,3540.0,4672.0,5057.0,5242.0,5655.0,5150.0,6349.0,6463.0,6590.0,6058.0,6543,9406,9076.0,3152.0,,6697,6150.0
Mr D Car Wash,mrdcarwash_000205,1.0,01-2020,2020,2631.0,3473.0,3796.0,3935.0,4246.0,2278.0,2981.0,3123.0,3249.0,2984.0,1822,3080,3323.0,3217.0,3098.0,3008,2910.0
Prestige Auto Spa,prestigeautospa_000140,1.0,01-2020,2020,10170.0,13423.0,14529.0,15060.0,16249.0,7114.0,9166.0,9585.0,10735.0,10258.0,133,310,404.0,340.0,528.0,848,8710.0
RAINDANCER OF GLENVILLE,118135glenville,1.0,01-2020,2020,2800.0,3696.0,4040.0,4147.0,4474.0,3789.0,4424.0,4667.0,5220.0,5051.0,1749,1909,1723.0,1556.0,1685.0,1843,4253.0
ROBIN AUTO WASH,231301robin,1.0,01-2020,2020,8084.0,10670.0,11664.0,12090.0,12916.0,2022.0,2500.0,2608.0,2775.0,2616.0,2703,2704,2164.0,,,2166,2423.0
"Texas Star Wash, LLC",1003445texasstar,1.0,01-2020,2020,2357.0,3111.0,3367.0,3490.0,3766.0,3744.0,5179.0,5351.0,5679.0,5212.0,1064,974,757.0,636.0,616.0,501,5001.0
The Auto Spa @ Main Street,mainstreet_000067,1.0,01-2020,2020,2144.0,2830.0,3063.0,3175.0,3426.0,3020.0,3655.0,3537.0,3609.0,3281.0,4832,6036,7220.0,6480.0,4332.0,3680,3421.0
The Washery,allseasonscarwash_000110,1.0,01-2020,2020,1332.0,1758.0,1922.0,1992.0,2128.0,3431.0,4333.0,4492.0,4647.0,4242.0,4072,5264,5459.0,6279.0,6212.0,5770,4242.0
U-DRIVE,udrive_000121,1.0,01-2020,2020,6934.0,9152.0,9905.0,10268.0,11078.0,6525.0,9524.0,9307.0,8872.0,7883.0,3486,7351,8282.0,7227.0,6099.0,7006,9027.0
West Chester Car Wash,westchestercw_000036,1.0,01-2020,2020,8278.0,10926.0,11944.0,12381.0,13226.0,4143.0,4915.0,4937.0,5042.0,4603.0,3159,4106,4699.0,4745.0,4590.0,3852,4743.0
Buff It #2,buffitautowash_000111,2.0,01-2022,2022,2621.0,3460.0,3932.0,4037.0,4356.0,3267.0,3979.0,3877.0,3982.0,3632.0,3722,3950,4279.0,4687.0,4508.0,4832,3730.0
Tampa,dirtydogs_000082,9.0,01-2023,2023,8173.0,10787.0,11676.0,12103.0,13059.0,7416.0,10412.0,11022.0,12071.0,11272.0,6622,8470,9111.0,7093.0,,7976,10086.0
Ford CarWash,fordroadcw_000592,1.0,01-2024,2024,9462.0,12489.0,13517.0,14012.0,15118.0,3230.0,4248.0,4587.0,5008.0,4729.0,7659,12478,14096.0,,,11452,4149.0
Splash Car Wash,splashcarwash_000318,1.0,02-2021,2021,5223.0,6894.0,7611.0,7812.0,8429.0,4880.0,6918.0,6942.0,6912.0,6329.0,6601,6968,6927.0,397.0,,41,6522.0
Jupiter Galaxy Car Wash,jupitercw_000637,1.0,02-2024,2024,8175.0,10790.0,11912.0,12348.0,13192.0,6548.0,8281.0,8707.0,9975.0,9707.0,1049,1064,378.0,,,622,7835.0
Cedar Place,buckyscw_000301,1.0,03-2021,2021,9806.0,12942.0,14008.0,14521.0,15667.0,2909.0,4241.0,4227.0,4142.0,3737.0,1969,2910,3679.0,3515.0,3305.0,3284,4019.0
Varsity Carwash  Duff,varsitycarwash_000227,3.0,03-2022,2022,7109.0,9383.0,10155.0,10527.0,11358.0,4822.0,6550.0,7097.0,7677.0,7165.0,7174,8997,9331.0,9752.0,10834.0,9407,6422.0
Avatar,avatar_000499,1.0,03-2023,2023,4417.0,5830.0,6563.0,6738.0,7270.0,9734.0,13232.0,13906.0,15303.0,14386.0,10303,14042,,,,11694,12729.0
Big Dan's Bradenton 14th St,bigdans_000378,13.0,03-2023,2023,8921.0,11774.0,12871.0,13342.0,14396.0,5746.0,7808.0,8645.0,10360.0,10277.0,15941,17739,17738.0,20284.0,,18425,7510.0
Heroes Express Salisbury,carolinacarwash_000283,8.0,03-2023,2023,4690.0,6190.0,6700.0,6945.0,7493.0,5411.0,7341.0,7491.0,7854.0,7166.0,12442,16980,18218.0,21778.0,,18178,7058.0
Big Peach Tallahassee,bigpeachcw_000300,9.0,03-2024,2024,7091.0,9359.0,10434.0,10816.0,11669.0,2883.0,3660.0,3586.0,3635.0,3275.0,2409,3284,3676.0,,,2924,3466.0
American Pride Six Forks,americanpride_000238,4.0,04-2021,2021,7821.0,10322.0,11172.0,11581.0,12495.0,6034.0,8119.0,8524.0,9384.0,8829.0,9575,15388,17547.0,18738.0,17887.0,17049,7792.0
Wash & Wax Pros,carwashcafe_000425,1.0,04-2022,2022,4071.0,5374.0,5816.0,6029.0,6505.0,2548.0,3227.0,3142.0,3164.0,2838.0,1822,2014,1659.0,1572.0,1521.0,1572,3055.0
Atlantic Blvd,luvcarwash_000457,35.0,04-2023,2023,6948.0,9170.0,10025.0,10392.0,11212.0,5744.0,7697.0,7990.0,8671.0,8091.0,3839,5482,5574.0,5387.0,,5116,7381.0
Oasis Auto Spa,oasisautospa_000475,1.0,04-2023,2023,6417.0,8469.0,9717.0,9977.0,10765.0,7143.0,9646.0,10047.0,10948.0,10241.0,2651,4925,5828.0,4997.0,,5632,9266.0
Raceway Elgin,racewaycw_000646,1.0,04-2024,2024,2355.0,3108.0,3364.0,3487.0,3763.0,3800.0,4866.0,5046.0,5213.0,4789.0,2845,5135,4815.0,,,4533,4737.0
Reseda,luvcarwash_000457,56.0,04-2024,2024,6947.0,9169.0,10023.0,10390.0,11099.0,7948.0,12804.0,13529.0,14235.0,13201.0,15362,18317,16085.0,,,16732,12340.0
Varsity Carwash Lincoln,varsitycarwash_000227,1.0,05-2020,2020,4486.0,5920.0,6408.0,6642.0,7167.0,4913.0,6432.0,6884.0,7411.0,6947.0,5940,9260,7075.0,6705.0,6380.0,6490,6279.0
Super Scrub Car Wash,superscrubcw_000402,1.0,05-2022,2022,3679.0,4856.0,5466.0,5666.0,6113.0,3103.0,4452.0,4597.0,4800.0,4513.0,1896,3286,3756.0,3905.0,3823.0,3500,4207.0
Baymeadows,luvcarwash_000457,36.0,05-2023,2023,9102.0,12013.0,13393.0,13748.0,14833.0,4605.0,6255.0,6495.0,7007.0,6506.0,2889,5136,6171.0,5564.0,,5832,6016.0
Classie Express Wash,classicexpcw_000556,1.0,05-2023,2023,4020.0,5305.0,5857.0,6071.0,6551.0,3327.0,4257.0,4534.0,4900.0,4625.0,966,2605,3932.0,3808.0,,3804,4143.0
Havasu Express Car Wash,lakehavasuexp_000487,1.0,05-2023,2023,3879.0,5120.0,5652.0,5859.0,6321.0,3694.0,5116.0,5086.0,5021.0,4595.0,1116,2705,5587.0,5056.0,,5533,4802.0
True Clean,trueclean_000554,1.0,05-2023,2023,4105.0,5418.0,5865.0,6079.0,6559.0,3893.0,5944.0,6134.0,6259.0,5739.0,6225,9912,10225.0,10492.0,,10178,5678.0
Lickety Split Express,licketysplitexp_000558,1.0,05-2024,2024,4985.0,6579.0,7264.0,7456.0,8044.0,3896.0,5680.0,5762.0,5793.0,5308.0,6268,9610,10885.0,,,9962,5382.0
Van Nuys,luvcarwash_000457,61.0,05-2024,2024,7564.0,9984.0,10914.0,11313.0,12086.0,8937.0,14384.0,15413.0,16623.0,15657.0,20338,20713,18770.0,,,18770,13861.0
Floris Car Wash,floriscarwash_000233,1.0,06-2020,2020,2738.0,3614.0,3990.0,4095.0,4419.0,7121.0,10202.0,10658.0,11355.0,10416.0,7121,12274,13098.0,12792.0,9001.0,11816,9924.0
Rock N Roll Stuart,rocknrollexpress_000224,1.0,06-2020,2020,7263.0,9586.0,10583.0,10863.0,11721.0,5601.0,7271.0,7263.0,7514.0,6832.0,2458,4189,5888.0,6548.0,6352.0,2229,6923.0
JJ Express Car Wash,jjexpresscw_000427,1.0,06-2022,2022,4602.0,6073.0,6705.0,6950.0,7499.0,3785.0,5488.0,5556.0,5576.0,5109.0,4600,6781,5650.0,4694.0,4986.0,4556,5196.0
The Auto Spa @ University,mainstreet_000067,3.0,06-2023,2023,2145.0,2831.0,3065.0,3177.0,3427.0,3337.0,4209.0,4023.0,3945.0,3486.0,6494,9199,9616.0,6417.0,,9766,3979.0
Brookhurst Express Car Wash,brookhurstexpresscw_000235,1.0,07-2020,2020,9350.0,12340.0,13357.0,13845.0,14938.0,4484.0,6742.0,6941.0,7086.0,6517.0,4049,10137,8747.0,8069.0,9154.0,7362,6424.0
Glacier Express King Ave,glacierexpress_000240,1.0,07-2020,2020,6505.0,8586.0,9293.0,9633.0,10393.0,4305.0,5701.0,5496.0,5252.0,4761.0,9217,12905,11380.0,9260.0,8207.0,6108,5304.0
Hero CarWash,herocarwash_000253,1.0,07-2020,2020,7099.0,9370.0,10142.0,10513.0,11343.0,5512.0,6915.0,7245.0,8312.0,8117.0,3359,4477,3715.0,2431.0,,3324,6530.0
Aqua Shine Greenville,revexpress_000340,1.0,07-2021,2021,6179.0,8156.0,8915.0,9150.0,9873.0,6060.0,8403.0,8703.0,9251.0,8492.0,4548,4703,5004.0,4232.0,4418.0,4180,8119.0
Cadillac Express Cullen,cadillacexpresscw_000080,7.0,07-2023,2023,5516.0,7281.0,7959.0,8250.0,8814.0,7708.0,10493.0,10555.0,10819.0,9736.0,5138,7470,7749.0,,,7788,10097.0
Seaford Car Wash,seafordcarwash_000354,1.0,08-2021,2021,4248.0,5607.0,6069.0,6291.0,6788.0,1088.0,1297.0,1297.0,1312.0,1190.0,3073,3307,3216.0,3356.0,3209.0,3348,1253.0
Evanston Car Wash,evanstoncw_000480,1.0,08-2022,2022,2481.0,3275.0,3580.0,3674.0,3964.0,2723.0,3216.0,3298.0,3506.0,3349.0,2320,2306,3132.0,3731.0,,3304,3098.0
Jones,luvcarwash_000457,10.0,08-2022,2022,9519.0,12564.0,13735.0,14237.0,15361.0,6945.0,10332.0,10178.0,9786.0,8712.0,5066,6680,6817.0,5910.0,,6284,9825.0
Pelican Car Wash,pelicancw_000512,1.0,08-2023,2023,4916.0,6488.0,7163.0,7352.0,7933.0,4996.0,6455.0,6457.0,6711.0,6123.0,4387,5774,6341.0,,,6673,6139.0
Hercules/Elite Care Auto,elitecare_000384,1.0,09-2022,2022,3117.0,4114.0,4452.0,4615.0,4980.0,4214.0,5842.0,6276.0,6644.0,6097.0,5232,6329,6886.0,6644.0,,6142,5741.0
Dunn,luvcarwash_000457,42.0,09-2023,2023,7904.0,10433.0,11405.0,11822.0,12755.0,13653.0,18608.0,19599.0,21591.0,20297.0,6883,10931,12287.0,,,11265,17911.0
Thoroughbred Teays,thoroughbredcw_000304,18.0,09-2023,2023,6205.0,8189.0,8952.0,9188.0,9913.0,5276.0,6879.0,7409.0,8656.0,8483.0,3876,6559,7409.0,,,6974,6556.0
Virginia Car Wash Co.,napcowash_000528,1.0,09-2023,2023,4833.0,6379.0,6904.0,7157.0,7722.0,3795.0,4903.0,5254.0,6117.0,5989.0,1650,3009,3493.0,,,2896,4662.0
Cadillac Express Little York,cadillacexpresscw_000080,3.0,10-2020,2020,5662.0,7473.0,8250.0,8552.0,9228.0,8910.0,12566.0,13010.0,13770.0,12603.0,8870,12365,13955.0,12246.0,11536.0,11070,12184.0
Aladdin Car Wash,aladdincw_000434,1.0,10-2022,2022,8729.0,11521.0,12719.0,13185.0,14226.0,3340.0,4378.0,4606.0,5153.0,4920.0,2279,2855,2812.0,2319.0,,2449,4177.0
Dix Hill Car Wash,dixhillscw_000517,1.0,10-2022,2022,4189.0,5528.0,5984.0,6203.0,6692.0,1334.0,1549.0,1536.0,1558.0,1420.0,2684,2866,2626.0,2251.0,,2276,1487.0
OBXpress,obxpress_000458,1.0,10-2022,2022,2725.0,3596.0,3893.0,4035.0,4354.0,2909.0,3747.0,3968.0,4561.0,4440.0,3042,2946,2964.0,3045.0,,3259,3561.0
Thoroughbred Seymour,thoroughbredcw_000304,4.0,10-2022,2022,8029.0,10597.0,11470.0,11890.0,12828.0,4976.0,6246.0,6417.0,6586.0,6052.0,8634,10312,9813.0,8359.0,,8620,6066.0
Blue Rhino Car Wash,bluerhinocw_000596,1.0,10-2023,2023,5740.0,7576.0,8364.0,8670.0,9354.0,5582.0,7482.0,7730.0,8325.0,7732.0,5918,7069,7442.0,,,7164,7175.0
Thoroughbred Hurricane,thoroughbredcw_000304,15.0,10-2023,2023,3446.0,4549.0,4923.0,5103.0,5506.0,4781.0,6189.0,6569.0,7525.0,7290.0,2920,4424,5847.0,,,5370,5888.0
Clean Wave Express Carwash,cleanwave_000278,1.0,11-2020,2020,10878.0,14357.0,15540.0,16108.0,17380.0,4201.0,6257.0,6416.0,6525.0,5997.0,10019,13299,12332.0,13704.0,14877.0,14486,5952.0
Magic City Car Wash,magiccitycw_000357,1.0,11-2021,2021,4922.0,6497.0,7172.0,7435.0,8022.0,3690.0,4441.0,4467.0,4514.0,4151.0,5542,5616,6160.0,5933.0,7036.0,6332,4289.0
Stevens Creek Xpress,stevenscreek_000445,1.0,11-2022,2022,11943.0,15763.0,17061.0,17685.0,19082.0,7012.0,10021.0,10136.0,10212.0,9402.0,8950,19776,23692.0,24294.0,,24086,9461.0
Big Dan's Bradenton 301,bigdans_000378,19.0,11-2023,2023,10265.0,13549.0,14958.0,15505.0,16729.0,6356.0,8723.0,9709.0,11672.0,11587.0,10930,14329,15869.0,,,14962,8409.0
Mr. D Cranston,mrdcarwash_000205,3.0,11-2023,2023,4088.0,5396.0,5841.0,6054.0,6532.0,4512.0,5874.0,6139.0,6377.0,5857.0,434,380,588.0,,,454,5730.0
Thoroughbred Campbellsville,thoroughbredcw_000304,6.0,11-2023,2023,4361.0,5755.0,6229.0,6457.0,6967.0,4722.0,6219.0,6270.0,6540.0,5967.0,2156,3259,3670.0,,,3570,5940.0
Suds Deluxe Tomball,sudsdeluxe_000305,1.0,12-2020,2020,6619.0,8736.0,10496.0,10880.0,11739.0,6494.0,9014.0,9507.0,10410.0,9732.0,7426,9486,9068.0,9289.0,8015.0,7312,8711.0
Waterworks Express Car Wash,rivercities_000269,1.0,12-2020,2020,2497.0,3296.0,3567.0,3698.0,3990.0,895.0,1169.0,1224.0,1273.0,1169.0,3112,4572,5052.0,4255.0,3912.0,3480,1141.0
Soapy Shark Okeechobee,soapyshark_000467,1.0,12-2022,2022,10292.0,13584.0,14997.0,15546.0,16773.0,4463.0,5767.0,5836.0,6185.0,5710.0,5150,8868,8953.0,7678.0,,7751,5484.0
