n_pre_nbrs,n_pre_nbrs_5km,n_matured_pre_nbrs,nbr_mat_min_strict,nbr_mat_std_strict,nbr_mat_median_strict,nbr_mat_cv_strict,local_recent_wash_mean,op_n_sites_preT,op_n_prior_matured,op_track_mean_strict,op_track_goodfrac_strict,site_key,client_id,t_open,y,realized_mature,express_like,group,oof_prob
2,0,0,,,,,8750.0,13,0,,,magictunnel_000072::14,magictunnel_000072,2021-02-01,0,4646.272727272727,True,magictunnel_000072,0.4564435632864985
6,3,0,,,,,6871.166666666667,1,0,,,buckyscw_000301::1,buckyscw_000301,2021-03-01,0,3421.6923076923076,False,buckyscw_000301,0.372127788905448
4,1,0,,,,,2785.25,4,0,,,cadillacexpresscw_000080::5,cadillacexpresscw_000080,2021-04-01,0,16122.23076923077,True,cadillacexpresscw_000080,0.35297385274525905
3,1,0,,,,,3009.5444444444443,1,0,,,launchcw_000311::1,launchcw_000311,2021-04-01,1,16727.46153846154,True,launchcw_000311,0.3280563182676443
2,0,0,,,,,5974.5,1,0,,,mrcleancw_000329::1,mrcleancw_000329,2021-04-01,0,8935.76923076923,True,mrcleancw_000329,0.4234680502697818
2,1,0,,,,,1605.75,1,0,,,snappykedzieew_000336::1,snappykedzieew_000336,2021-04-01,1,11316.46153846154,True,snappykedzieew_000336,0.28234111381612437
5,1,0,,,,,12640.933333333334,11,0,,,caliberocala_000153::13,caliberocala_000153,2021-05-01,1,16751.0,True,caliberocala_000153,0.5902249747303777
4,0,0,,,,,6266.625,8,0,,,championcarwash_000085::10,championcarwash_000085,2021-06-01,0,4371.615384615385,True,championcarwash_000085,0.42110177164499035
2,1,0,,,,,4299.25,8,0,,,championcarwash_000085::9,championcarwash_000085,2021-06-01,0,4107.153846153846,True,championcarwash_000085,0.3897345469162507
5,2,0,,,,,3100.2333333333327,1,0,,,sunrisecw_000343::1,sunrisecw_000343,2021-06-01,0,3201.6923076923076,True,sunrisecw_000343,0.3147735080931071
5,1,0,,,,,7952.833333333333,14,0,,,caliberocala_000153::15,caliberocala_000153,2021-08-01,0,5644.2307692307695,True,caliberocala_000153,0.4811947541575576
8,3,0,,,,,3116.820833333333,1,0,,,seafordcarwash_000354::1,seafordcarwash_000354,2021-08-01,0,3310.6153846153848,False,seafordcarwash_000354,0.31514465228194083
3,1,0,,,,,14319.222222222224,4,0,,,waterscarwash_000245::5,waterscarwash_000245,2021-08-01,1,12980.384615384615,True,waterscarwash_000245,0.62735444781841
6,1,0,,,,,5985.753333333333,1,0,,,bubbleupcw_000341::1,bubbleupcw_000341,2021-09-01,0,5267.846153846154,True,bubbleupcw_000341,0.38256880250761777
2,0,0,,,,,9732.75,1,0,,,glosscw_000345::1,glosscw_000345,2021-09-01,0,9051.46153846154,True,glosscw_000345,0.48503467621480884
10,0,0,,,,,5928.974074074074,1,0,,,swishcw_000351::1,swishcw_000351,2021-09-01,0,10247.555555555557,True,swishcw_000351,0.3611430765650896
4,1,0,,,,,7940.666666666667,1,0,,,topwash_000333::1,topwash_000333,2021-09-01,1,13309.846153846154,True,topwash_000333,0.43145215532542824
2,0,0,,,,,2969.4166666666665,1,0,,,bocagas_000342::1,bocagas_000342,2021-10-01,0,1602.3846153846157,False,bocagas_000342,0.37580530146570584
4,0,0,,,,,11618.041666666666,2,0,,,acesamericacw_000175::3,acesamericacw_000175,2021-12-01,1,8171.153846153846,True,acesamericacw_000175,0.4307560652192404
2,0,0,,,,,9112.0,11,0,,,championxpresscw_000216::12,championxpresscw_000216,2021-12-01,1,8880.923076923076,True,championxpresscw_000216,0.49625795382527677
3,0,0,,,,,6777.077777777778,4,0,,,quickandcleancw_000262::5,quickandcleancw_000262,2021-12-01,0,228.25,False,quickandcleancw_000262,0.3752309069447437
10,3,0,,,,,2835.833333333333,1,0,,,training_000400::1,training_000400,2021-12-01,0,87.61538461538461,False,training_000400,0.33236014378709244
2,0,0,,,,,7410.166666666666,5,0,,,woodys_000289::6,woodys_000289,2021-12-01,1,13000.692307692309,True,woodys_000289,0.38412897798248735
7,0,0,,,,,6102.722222222222,1,0,,,oceansexp_000393::1,oceansexp_000393,2022-01-01,1,13341.307692307691,True,oceansexp_000393,0.3854380852153432
3,0,0,,,,,7346.555555555556,1,0,,,supersplishsplash_000385::1,supersplishsplash_000385,2022-01-01,1,23633.30769230769,True,supersplishsplash_000385,0.41640718322574466
5,1,0,,,,,4663.766666666666,1,0,,,rinsemyride_000430::1,rinsemyride_000430,2022-02-01,0,1131.5384615384614,False,rinsemyride_000430,0.40244678554560004
6,6,0,,,,,2256.2,1,0,,,skylineexpresscw_000365::1,skylineexpresscw_000365,2022-02-01,0,0.0,False,skylineexpresscw_000365,0.318635595122905
4,1,0,,,,,8395.958333333334,1,0,,,bluepenguincw_000433::1,bluepenguincw_000433,2022-03-01,0,8912.538461538461,True,bluepenguincw_000433,0.4755661975483859
7,1,0,,,,,4631.027777777778,1,0,,,bluepenguincw_000433::3,bluepenguincw_000433,2022-03-01,0,3845.6153846153848,True,bluepenguincw_000433,0.37662469385689695
3,0,0,,,,,5801.11111111111,13,0,,,championxpresscw_000216::15,championxpresscw_000216,2022-03-01,0,7454.923076923077,True,championxpresscw_000216,0.42845167702748327
2,0,0,,,,,8681.916666666666,13,0,,,championxpresscw_000216::17,championxpresscw_000216,2022-03-01,0,4371.307692307692,True,championxpresscw_000216,0.4901593551213654
8,0,0,,,,,3600.9583333333335,1,0,,,clearwater_000397::1,clearwater_000397,2022-03-01,1,13276.0,True,clearwater_000397,0.33463515636057645
3,0,0,,,,,1003.2222222222222,1,0,,,happycarwash_000373::1,happycarwash_000373,2022-03-01,0,2970.5384615384614,False,happycarwash_000373,0.3062466758983916
2,0,0,,,,,5169.833333333333,1,0,,,racerclassiccw_000389::2,racerclassiccw_000389,2022-03-01,1,9220.46153846154,True,racerclassiccw_000389,0.4105250284607124
2,0,0,,,,,6093.25,3,0,,,riptideneuse_000337::1,riptideneuse_000337,2022-03-01,1,7744.0,True,riptideneuse_000337,0.39249589686072245
5,0,0,,,,,4686.916666666667,3,0,,,sudsdeluxe_000305::5,sudsdeluxe_000305,2022-03-01,1,10347.76923076923,True,sudsdeluxe_000305,0.40082168838070603
3,1,0,,,,,2658.2777777777774,2,0,,,bigdans_000378::3,bigdans_000378,2022-04-01,1,12185.46153846154,True,bigdans_000378,0.32549503717598455
8,0,0,,,,,8141.095238095237,5,0,,,cadillacexpresscw_000080::6,cadillacexpresscw_000080,2022-04-01,0,4903.0,True,cadillacexpresscw_000080,0.4657891441957006
11,4,0,,,,,3247.3787878787875,1,0,,,carwashcafe_000425::1,carwashcafe_000425,2022-04-01,0,2063.5384615384614,False,carwashcafe_000425,0.33069403826855687
2,1,0,,,,,12034.583333333332,1,0,,,magnolia_000414::1,magnolia_000414,2022-04-01,0,10915.53846153846,True,magnolia_000414,0.537087357508927
2,1,0,,,,,12034.583333333332,1,0,,,magnolia_000414::2,magnolia_000414,2022-04-01,0,10344.846153846154,True,magnolia_000414,0.537087357508927
3,2,0,,,,,4049.7222222222226,1,0,,,shammysunlimited_000449::1,shammysunlimited_000449,2022-04-01,1,11564.615384615385,True,shammysunlimited_000449,0.36202187718931694
3,1,0,,,,,6689.788888888889,15,0,,,caliberocala_000153::17,caliberocala_000153,2022-05-01,0,3281.3076923076924,True,caliberocala_000153,0.45241974712331345
4,1,0,,,,,5970.041666666666,16,0,,,championxpresscw_000216::14,championxpresscw_000216,2022-05-01,0,5675.307692307692,True,championxpresscw_000216,0.43672525531621215
12,1,0,,,,,2197.8111111111116,2,0,,,moyoka_000134::3,moyoka_000134,2022-05-01,0,5251.2307692307695,True,moyoka_000134,0.2981463070198954
2,0,0,,,,,8099.083333333334,2,0,,,papabear_000353::3,papabear_000353,2022-05-01,1,16663.30769230769,True,papabear_000353,0.439261122861835
2,1,0,,,,,8888.333333333334,1,0,,,superscrubcw_000402::1,superscrubcw_000402,2022-05-01,0,3409.0,True,superscrubcw_000402,0.47109426528451864
4,3,0,,,,,5942.916666666667,1,0,,,trucarwash_000391::1,trucarwash_000391,2022-05-01,0,5703.076923076923,True,trucarwash_000391,0.42295792570425367
6,0,0,,,,,9819.77777777778,8,0,,,washcity_000125::9,washcity_000125,2022-05-01,0,17002.923076923078,True,washcity_000125,0.47922462272392685
4,0,0,,,,,4481.104166666666,5,0,,,bigdans_000378::6,bigdans_000378,2022-06-01,1,11655.384615384615,True,bigdans_000378,0.34998030697181776
2,0,0,,,,,1761.5833333333333,6,0,,,dirtydogs_000082::7,dirtydogs_000082,2022-06-01,1,8636.846153846154,True,dirtydogs_000082,0.33589151271225054
4,0,0,,,,,15820.77777777778,1,0,,,expresswash_000431::1,expresswash_000431,2022-06-01,1,13164.615384615385,True,expresswash_000431,0.63210592825904
7,0,0,,,,,8461.472222222223,1,0,,,fasttrack_000411::1,fasttrack_000411,2022-06-01,0,5996.846153846154,True,fasttrack_000411,0.4663313759858942
3,0,0,,,,,3132.5,1,0,,,foothillscw_000461::1,foothillscw_000461,2022-06-01,0,2848.3846153846152,False,foothillscw_000461,0.3294186243001109
3,0,0,,,,,5980.0,1,0,,,luvcarwash_000457::2,luvcarwash_000457,2022-06-01,0,11752.307692307691,True,luvcarwash_000457,0.4113471650750704
3,0,0,,,,,5980.0,1,0,,,luvcarwash_000457::7,luvcarwash_000457,2022-06-01,1,14371.076923076924,True,luvcarwash_000457,0.4113471650750704
3,0,0,,,,,8314.916666666666,2,0,,,racerclassiccw_000389::1,racerclassiccw_000389,2022-06-01,0,4608.923076923077,True,racerclassiccw_000389,0.46062161521712014
4,0,0,,,,,10144.444444444443,2,0,,,sammysexpresscw_000254::3,sammysexpresscw_000254,2022-06-01,1,9036.23076923077,True,sammysexpresscw_000254,0.4908046904602651
4,2,0,,,,,4481.104166666666,1,0,,,zips_000468::1,zips_000468,2022-06-01,0,7440.153846153846,True,zips_000468,0.3825717291545693
2,1,0,,,,,11620.083333333332,1,0,,,zips_000468::3,zips_000468,2022-06-01,0,6287.153846153846,True,zips_000468,0.5344248850922549
2,0,0,,,,,9192.166666666666,6,0,,,bigdans_000378::9,bigdans_000378,2022-07-01,1,12320.692307692309,True,bigdans_000378,0.4069492129917198
4,0,1,9250.076923076924,,9250.076923076924,,7942.625,16,2,15002.384615384615,1.0,caliberocala_000153::16,caliberocala_000153,2022-07-01,0,6703.076923076923,True,caliberocala_000153,0.3895493468518546
6,1,2,2501.0,7003.185560871567,7453.0,0.9396465263479896,9422.416666666666,4,0,,,clearwater_000397::5,clearwater_000397,2022-07-01,1,20945.53846153846,True,clearwater_000397,0.6234676033982813
3,0,2,8775.692307692309,846.2436385923311,9374.076923076924,0.0902748767197615,9751.0,5,0,,,luvcarwash_000457::15,luvcarwash_000457,2022-07-01,1,9181.615384615385,True,luvcarwash_000457,0.2711232757532816
6,1,1,8363.923076923076,,8363.923076923076,,4964.133333333333,5,0,,,luvcarwash_000457::3,luvcarwash_000457,2022-07-01,0,15215.153846153846,True,luvcarwash_000457,0.29498607216859735
2,1,0,,,,,11754.75,6,0,,,magnolia_000414::12,magnolia_000414,2022-07-01,0,8362.384615384615,True,magnolia_000414,0.5489178343795571
3,1,0,,,,,4213.11111111111,6,0,,,magnolia_000414::19,magnolia_000414,2022-07-01,0,4704.153846153846,True,magnolia_000414,0.35760118564858734
3,0,2,1110.6153846153843,620.5133969058566,1549.3846153846152,0.4004902273744482,1076.2777777777776,6,0,,,magnolia_000414::7,magnolia_000414,2022-07-01,1,10162.0,True,magnolia_000414,0.25324803570325166
4,0,1,6075.384615384615,,6075.384615384615,,3120.361111111111,3,0,,,racerclassiccw_000389::3,racerclassiccw_000389,2022-07-01,1,8137.7692307692305,True,racerclassiccw_000389,0.36039904690754887
3,1,0,,,,,9078.944444444443,6,0,,,zips_000468::9,zips_000468,2022-07-01,1,9958.23076923077,True,zips_000468,0.48758088156902946
3,1,2,1427.1538461538462,2773.3271886429616,3388.1923076923076,0.8185270896066317,2532.555555555555,1,0,,,beachbumexp_000488::1,beachbumexp_000488,2022-08-01,0,5831.846153846154,True,beachbumexp_000488,0.3988127370630359
2,0,1,3212.230769230769,,3212.230769230769,,6666.916666666667,7,0,,,bigdans_000378::8,bigdans_000378,2022-08-01,1,21103.46153846154,True,bigdans_000378,0.40357730500974603
8,4,3,3003.769230769231,4905.439649393941,7153.153846153846,0.6416662350917284,6856.964285714285,1,0,,,blueskycw_000466::1,blueskycw_000466,2022-08-01,0,3176.6153846153848,True,blueskycw_000466,0.48046256205001525
5,1,1,8858.76923076923,,8858.76923076923,,6417.780000000001,17,2,12528.96153846154,1.0,championxpresscw_000216::18,championxpresscw_000216,2022-08-01,0,3726.769230769231,True,championxpresscw_000216,0.36167471884448443
6,0,3,2501.0,5254.998509355957,4407.0,0.8162893143513629,6992.5,5,0,,,clearwater_000397::6,clearwater_000397,2022-08-01,1,13304.615384615385,True,clearwater_000397,0.5134058055433726
7,1,1,8363.923076923076,,8363.923076923076,,6938.555555555556,10,0,,,luvcarwash_000457::10,luvcarwash_000457,2022-08-01,0,6815.384615384615,True,luvcarwash_000457,0.33359409441884735
4,1,0,,,,,3501.083333333333,10,0,,,magnolia_000414::18,magnolia_000414,2022-08-01,1,8818.23076923077,True,magnolia_000414,0.3547388532605118
2,0,1,19646.384615384617,,19646.384615384617,,13320.0,1,0,,,monkeyshinecw_000417::1,monkeyshinecw_000417,2022-08-01,0,395.9230769230769,False,monkeyshinecw_000417,0.3482694534857989
4,0,0,,,,,5392.458333333333,8,0,,,mrcleancw_000329::10,mrcleancw_000329,2022-08-01,0,0.0,False,mrcleancw_000329,0.40706945255661825
2,0,0,,,,,7999.666666666667,2,0,,,roadrunner_000462::2,roadrunner_000462,2022-08-01,0,4453.538461538462,True,roadrunner_000462,0.3868805769832127
6,2,1,9250.076923076924,,9250.076923076924,,9111.133333333337,2,0,,,topwash_000333::3,topwash_000333,2022-08-01,1,12587.692307692309,True,topwash_000333,0.36754133675673456
3,1,3,5985.0,2591.7252316803574,10390.076923076924,0.2887336684145043,10025.888888888889,1,0,,,washnroll_000485::1,washnroll_000485,2022-08-01,0,7309.2307692307695,True,washnroll_000485,0.4181018820489347
3,1,3,7601.923076923077,3598.629530670503,10390.076923076924,0.3298034799907639,11947.944444444443,1,0,,,washnroll_000485::2,washnroll_000485,2022-08-01,0,13618.23076923077,True,washnroll_000485,0.47202451337244433
3,2,0,,,,,7717.333333333333,4,0,,,washrite_000380::4,washrite_000380,2022-08-01,1,11255.23076923077,True,washrite_000380,0.4523456902301462
5,1,3,18.076923076923077,9640.306335312109,22.153846153846153,1.7258136123477048,9034.9,7,0,,,woodys_000289::10,woodys_000289,2022-08-01,0,6877.923076923077,True,woodys_000289,0.7642592874582194
6,2,2,13574.0,2109.7346709140465,15065.807692307691,0.1400346210439972,10133.044444444444,9,0,,,zips_000468::7,zips_000468,2022-08-01,0,8399.538461538461,True,zips_000468,0.2948024262723715
2,0,0,,,,,12030.166666666666,1,0,,,autosportcw_000436::1,autosportcw_000436,2022-09-01,1,7794.692307692308,True,autosportcw_000436,0.43436375980491093
5,2,1,11241.615384615385,,11241.615384615385,,7772.0,17,2,15002.384615384615,1.0,caliberocala_000153::23,caliberocala_000153,2022-09-01,1,8672.76923076923,True,caliberocala_000153,0.3514483400064215
7,0,1,8858.76923076923,,8858.76923076923,,5697.345238095238,20,2,12528.96153846154,1.0,championxpresscw_000216::16,championxpresscw_000216,2022-09-01,0,4915.615384615385,True,championxpresscw_000216,0.3517841985966762
2,0,1,16914.69230769231,,16914.69230769231,,10813.666666666666,12,0,,,luvcarwash_000457::1,luvcarwash_000457,2022-09-01,0,6771.153846153846,True,luvcarwash_000457,0.25223192751402873
13,1,7,0.0,4245.261537374354,1535.2307692307693,1.265440704069215,2384.695833333333,12,0,,,luvcarwash_000457::26,luvcarwash_000457,2022-09-01,1,15885.307692307691,True,luvcarwash_000457,0.41892607564338896
7,3,1,8363.923076923076,,8363.923076923076,,8288.261111111111,12,0,,,luvcarwash_000457::4,luvcarwash_000457,2022-09-01,1,15261.923076923076,True,luvcarwash_000457,0.36358149907513765
2,1,0,,,,,10401.5,15,0,,,magnolia_000414::17,magnolia_000414,2022-09-01,0,10420.53846153846,True,magnolia_000414,0.5483526091572823
3,0,2,8775.692307692309,846.2436385923311,9374.076923076924,0.0902748767197615,6626.5,15,0,,,magnolia_000414::20,magnolia_000414,2022-09-01,0,3398.230769230769,True,magnolia_000414,0.27803888950074057
3,0,2,8775.692307692309,846.2436385923311,9374.076923076924,0.0902748767197615,6626.5,15,0,,,magnolia_000414::21,magnolia_000414,2022-09-01,0,6134.461538461538,True,magnolia_000414,0.27803888950074057
5,2,2,5789.076923076923,964.5480423677728,6471.115384615385,0.1490543723978275,1626.5533333333335,1,0,,,vicsexpress_000463::1,vicsexpress_000463,2022-09-01,1,8925.538461538461,True,vicsexpress_000463,0.2327881740679395
9,1,6,4074.5384615384614,3809.2956954876513,8996.0,0.4284335079241786,7305.407407407408,3,0,,,washnroll_000485::3,washnroll_000485,2022-09-01,1,14316.923076923076,True,washnroll_000485,0.4388019506673544
5,1,3,7601.923076923077,3598.629530670503,10390.076923076924,0.3298034799907639,8236.133333333335,3,0,,,washnroll_000485::4,washnroll_000485,2022-09-01,0,8860.0,True,washnroll_000485,0.38550037678896604
2,1,0,,,,,20388.833333333332,11,0,,,zips_000468::12,zips_000468,2022-09-01,1,17271.083333333332,True,zips_000468,0.722914649468778
4,0,1,935.9230769230768,,935.9230769230768,,9087.125,4,0,,,americanpride_000238::5,americanpride_000238,2022-10-01,1,10516.846153846154,True,americanpride_000238,0.54927786193307
4,0,0,,,,,12040.208333333334,8,0,,,bigdans_000378::5,bigdans_000378,2022-10-01,1,19179.53846153846,True,bigdans_000378,0.44482450609582846
3,0,0,,,,,11529.861111111111,4,0,,,blueiguanacw_000349::4,blueiguanacw_000349,2022-10-01,0,7026.153846153846,True,blueiguanacw_000349,0.5547848475257678
4,1,2,18.076923076923077,2.882819954068232,20.115384615384613,0.1433141850970823,4623.875,2,0,,,bubbledown_000358::3,bubbledown_000358,2022-10-01,1,26707.53846153846,True,bubbledown_000358,0.35513434567665453
11,0,1,11241.615384615385,,11241.615384615385,,7513.60185185185,7,3,10096.675213675211,1.0,dirtydogs_000082::10,dirtydogs_000082,2022-10-01,0,2723.5384615384614,False,dirtydogs_000082,0.32670994221256805
5,1,4,2839.769230769231,544.1034693013085,3388.461538461538,0.161786474252023,3653.2916666666665,1,0,,,dixhillscw_000517::1,dixhillscw_000517,2022-10-01,0,2933.6923076923076,False,dixhillscw_000517,0.2449788332806986
2,0,1,12786.307692307691,,12786.307692307691,,11491.833333333332,1,0,,,gwatzillacw_000494::1,gwatzillacw_000494,2022-10-01,0,7060.0,True,gwatzillacw_000494,0.3549578742375618
3,0,3,881.2307692307693,5661.013062124689,9025.923076923076,0.7836508079411033,7496.888888888888,3,2,10395.23076923077,1.0,jjscarwash_000042::4,jjscarwash_000042,2022-10-01,1,9827.76923076923,True,jjscarwash_000042,0.6193813844630314
15,0,8,0.0,4485.24716126471,2200.269230769231,1.0889724498231133,3017.8857142857146,16,0,,,luvcarwash_000457::21,luvcarwash_000457,2022-10-01,1,20156.69230769231,True,luvcarwash_000457,0.44088373334427877
4,2,1,6094.538461538462,,6094.538461538462,,3604.625,19,0,,,magnolia_000414::23,magnolia_000414,2022-10-01,1,8081.2307692307695,True,magnolia_000414,0.35485473514752086
5,1,2,0.0,5269.577304719441,3726.153846153846,1.4142135623730951,4046.375,19,0,,,magnolia_000414::25,magnolia_000414,2022-10-01,0,5339.384615384615,True,magnolia_000414,0.55197687511603
9,0,0,,,,,7071.321428571428,9,0,,,mrcleancw_000329::9,mrcleancw_000329,2022-10-01,0,6015.461538461538,True,mrcleancw_000329,0.43311468880390813
3,0,3,1718.6153846153843,734.2149949279982,2400.846153846154,0.3015129653064887,1744.277777777778,5,0,,,waterscarwash_000245::6,waterscarwash_000245,2022-10-01,1,8058.923076923077,True,waterscarwash_000245,0.2287482711749283
3,0,0,,,,,13959.166666666666,8,0,,,woodys_000289::12,woodys_000289,2022-10-01,1,21418.0,True,woodys_000289,0.4687272225584312
3,0,0,,,,,13959.166666666666,8,0,,,woodys_000289::13,woodys_000289,2022-10-01,1,15354.153846153846,True,woodys_000289,0.4687272225584312
3,0,0,,,,,13959.166666666666,8,0,,,woodys_000289::14,woodys_000289,2022-10-01,1,12951.384615384615,True,woodys_000289,0.4687272225584312
2,1,1,3500.153846153846,,3500.153846153846,,8502.0,15,0,,,zips_000468::18,zips_000468,2022-10-01,0,6179.692307692308,True,zips_000468,0.5043124334701737
2,0,2,4748.2307692307695,6467.035442244198,9321.115384615385,0.6938048908736951,8233.666666666666,1,0,,,autosoak_000459::1,autosoak_000459,2022-11-01,0,5654.0,True,autosoak_000459,0.5401847580522314
2,1,0,,,,,8506.833333333332,9,0,,,bigdans_000378::10,bigdans_000378,2022-11-01,1,14538.846153846154,True,bigdans_000378,0.40299077526308946
6,0,1,11241.615384615385,,11241.615384615385,,7496.706666666667,9,0,,,bigdans_000378::12,bigdans_000378,2022-11-01,1,16560.23076923077,True,bigdans_000378,0.2927675408067246
3,2,1,16914.69230769231,,16914.69230769231,,8278.5,18,5,14653.738461538462,1.0,caliberocala_000153::18,caliberocala_000153,2022-11-01,0,3928.5384615384614,True,caliberocala_000153,0.2682007680087516
3,0,1,16914.69230769231,,16914.69230769231,,8278.5,18,5,14653.738461538462,1.0,caliberocala_000153::21,caliberocala_000153,2022-11-01,0,5716.153846153846,True,caliberocala_000153,0.2682007680087516
14,2,5,0.0,4929.475260850518,1115.5384615384614,1.5209807653670473,2670.378787878788,1,0,,,ikocarwash_000359::1,ikocarwash_000359,2022-11-01,0,5468.461538461538,True,ikocarwash_000359,0.4604719540130113
6,1,2,5433.692307692308,3209.3945013177736,7703.076923076924,0.416637991982535,6293.430555555556,1,0,,,liquidsunshine_000493::1,liquidsunshine_000493,2022-11-01,0,3146.153846153846,True,liquidsunshine_000493,0.36640999471938385
6,3,0,,,,,10942.655555555555,23,0,,,magnolia_000414::28,magnolia_000414,2022-11-01,0,4662.076923076923,True,magnolia_000414,0.5921475632776966
5,0,1,14236.0,,14236.0,,8572.45,1,0,,,patsnustar_000483::1,patsnustar_000483,2022-11-01,0,3058.153846153846,True,patsnustar_000483,0.26814198704592734
7,0,3,18.076923076923077,9640.306335312109,22.153846153846153,1.7258136123477048,6046.166666666666,5,1,14236.0,1.0,radiantcw_000133::6,radiantcw_000133,2022-11-01,1,13183.615384615385,True,radiantcw_000133,0.7008010803077751
5,0,3,2850.846153846154,2954.03767140884,5036.076923076923,0.5343748135836728,3558.4333333333334,2,0,,,rinsemyride_000430::2,rinsemyride_000430,2022-11-01,0,821.2307692307693,False,rinsemyride_000430,0.4013753275644326
2,1,1,6198.846153846154,,6198.846153846154,,5821.5,3,0,,,roadrunner_000462::4,roadrunner_000462,2022-11-01,1,8386.307692307691,True,roadrunner_000462,0.34079706863343134
2,0,1,10562.307692307691,,10562.307692307691,,14672.333333333332,1,0,,,sparkyscw_000470::1,sparkyscw_000470,2022-11-01,0,4993.384615384615,True,sparkyscw_000470,0.48890641888655456
3,0,1,19646.384615384617,,19646.384615384617,,10131.055555555557,1,0,,,stevenscreek_000445::1,stevenscreek_000445,2022-11-01,1,22927.46153846154,True,stevenscreek_000445,0.20291105237276844
2,0,0,,,,,3282.1666666666665,5,2,8930.923076923076,1.0,tsunamicarwash_000122::6,tsunamicarwash_000122,2022-11-01,0,17110.0,True,tsunamicarwash_000122,0.3364122507698827
2,1,0,,,,,3907.5,5,2,8930.923076923076,1.0,tsunamicarwash_000122::8,tsunamicarwash_000122,2022-11-01,0,21270.23076923077,True,tsunamicarwash_000122,0.34345703438524927
3,0,2,4823.076923076923,5630.854477076444,8804.692307692307,0.6395288194406284,7604.638888888888,12,6,9370.307692307691,0.5,192616splash::12,192616splash,2022-12-01,1,23278.846153846152,True,192616splash,0.5158591040797379
9,5,3,3003.769230769231,4905.439649393941,7153.153846153846,0.6416662350917284,6348.523809523809,1,0,,,annascw_000502::1,annascw_000502,2022-12-01,0,2808.923076923077,False,annascw_000502,0.5065677480675461
7,1,1,8858.76923076923,,8858.76923076923,,4692.797619047618,26,2,12528.96153846154,1.0,championxpresscw_000216::31,championxpresscw_000216,2022-12-01,1,7721.692307692308,True,championxpresscw_000216,0.3408006250964473
6,0,4,1535.2307692307693,1830.9365437444671,3111.923076923077,0.5357471654964904,2428.5333333333333,1,0,,,cleancarwash_000496::1,cleancarwash_000496,2022-12-01,0,2049.6923076923076,False,cleancarwash_000496,0.3353943261453956
10,1,7,620.5,2719.7342413574256,3251.923076923077,0.8012151135902972,5521.518518518518,9,0,,,clearwater_000397::11,clearwater_000397,2022-12-01,1,13342.76923076923,True,clearwater_000397,0.4124360568324658
9,2,7,3862.153846153846,1747.4362583613129,4875.461538461538,0.311752826577528,4506.592592592593,12,11,5247.986013986014,0.1818181818181818,haffners_000014::15,haffners_000014,2022-12-01,0,3279.5384615384614,True,haffners_000014,0.3555441485408171
7,2,1,7669.846153846154,,7669.846153846154,,8783.833333333332,2,0,,,launchcw_000311::3,launchcw_000311,2022-12-01,0,6985.461538461538,True,launchcw_000311,0.35049686446609263
4,0,3,666.9230769230769,2512.7887409032733,1427.1538461538462,1.0127710064304294,2610.3333333333335,19,0,,,luvcarwash_000457::11,luvcarwash_000457,2022-12-01,1,8722.692307692309,True,luvcarwash_000457,0.31854754670839314
6,2,2,5433.692307692308,3209.3945013177736,7703.076923076924,0.416637991982535,5225.022222222222,19,0,,,luvcarwash_000457::22,luvcarwash_000457,2022-12-01,1,10485.846153846154,True,luvcarwash_000457,0.3134552855685221
4,1,2,5433.692307692308,3209.3945013177736,7703.076923076924,0.416637991982535,6168.833333333334,19,0,,,luvcarwash_000457::23,luvcarwash_000457,2022-12-01,0,7049.923076923077,True,luvcarwash_000457,0.3357671371484636
5,1,2,5433.692307692308,3209.3945013177736,7703.076923076924,0.416637991982535,5404.826666666666,19,0,,,luvcarwash_000457::25,luvcarwash_000457,2022-12-01,1,16285.615384615385,True,luvcarwash_000457,0.3176438650048555
6,0,2,4337.153846153846,3473.9612231401866,6793.615384615385,0.5113567705064984,5906.444444444444,10,0,,,mrcleancw_000329::11,mrcleancw_000329,2022-12-01,0,6132.7692307692305,True,mrcleancw_000329,0.4283410677715159
7,1,1,9250.076923076924,,9250.076923076924,,9288.0,10,0,,,mrcleancw_000329::12,mrcleancw_000329,2022-12-01,0,4877.461538461538,True,mrcleancw_000329,0.40931801132330786
9,0,2,4337.153846153846,3473.9612231401866,6793.615384615385,0.5113567705064984,7428.851851851852,10,0,,,mrcleancw_000329::13,mrcleancw_000329,2022-12-01,0,6609.2307692307695,True,mrcleancw_000329,0.45316542840592233
6,2,2,0.0,5269.577304719441,3726.153846153846,1.4142135623730951,3987.9,1,0,,,soapyshark_000467::1,soapyshark_000467,2022-12-01,1,9305.692307692309,True,soapyshark_000467,0.48163082795660656
7,4,1,24049.30769230769,,24049.30769230769,,10608.011904761906,9,2,20303.46153846154,1.0,washcity_000125::11,washcity_000125,2022-12-01,0,8459.846153846154,True,washcity_000125,0.25386099639362775
13,3,9,5604.692307692308,2955.1813092090024,8285.0,0.3330925613899624,7721.818181818183,10,9,7735.687321937323,0.5555555555555556,westchestercw_000036::10,westchestercw_000036,2022-12-01,1,10058.615384615385,False,westchestercw_000036,0.37256749500227976
4,1,1,1718.6153846153843,,1718.6153846153843,,3810.8125,11,0,,,woodys_000289::11,woodys_000289,2022-12-01,0,6648.7692307692305,True,woodys_000289,0.399243528501556
6,2,4,2372.923076923077,3637.3312829508586,8840.461538461539,0.4752172727153705,5321.833333333334,1,0,,,b3carwash_000524::1,b3carwash_000524,2023-01-01,0,343.0,False,b3carwash_000524,0.4316686104965748
4,2,0,,,,,8869.333333333332,5,0,,,blueiguanacw_000349::6,blueiguanacw_000349,2023-01-01,0,5022.384615384615,True,blueiguanacw_000349,0.4815903762983312
2,0,0,,,,,10475.833333333332,3,0,,,detricks_000422::4,detricks_000422,2023-01-01,1,13049.076923076924,True,detricks_000422,0.5129568191747647
7,0,2,18.076923076923077,2.882819954068232,20.115384615384613,0.1433141850970823,6062.647619047618,8,3,10096.675213675211,1.0,dirtydogs_000082::9,dirtydogs_000082,2023-01-01,1,8863.692307692309,True,dirtydogs_000082,0.39315990529821415
4,0,0,,,,,6176.458333333333,1,0,,,imperialcw_000484::1,imperialcw_000484,2023-01-01,0,7237.307692307692,True,imperialcw_000484,0.3872509696226711
7,0,2,8775.692307692309,846.2436385923311,9374.076923076924,0.0902748767197615,4590.083333333333,24,0,,,luvcarwash_000457::19,luvcarwash_000457,2023-01-01,1,11204.53846153846,True,luvcarwash_000457,0.15796543432974838
2,0,1,2632.3076923076924,,2632.3076923076924,,2469.75,24,0,,,luvcarwash_000457::28,luvcarwash_000457,2023-01-01,1,22225.53846153846,True,luvcarwash_000457,0.3246620796139447
8,2,0,,,,,5751.783333333333,3,0,,,sonicsuds_000319::4,sonicsuds_000319,2023-01-01,1,13059.076923076924,True,sonicsuds_000319,0.4118899168083312
2,0,0,,,,,4559.25,6,2,5170.423076923077,0.0,trushine_000114::7,trushine_000114,2023-01-01,0,4728.0,True,trushine_000114,0.3522399316396871
2,1,2,1921.428571428571,5712.358246613429,5960.675824175823,0.9583407008052264,8974.0,1,0,,,carusoscarcare_000515::1,carusoscarcare_000515,2023-02-01,0,2466.3846153846152,False,carusoscarcare_000515,0.5876107976327669
3,0,1,4407.0,,4407.0,,6340.833333333333,10,0,,,clearwater_000397::10,clearwater_000397,2023-02-01,1,13085.846153846154,True,clearwater_000397,0.38459862620212915
6,1,2,666.9230769230769,1389.7367891781762,1649.6153846153848,0.842461098592506,1634.8333333333333,27,0,,,luvcarwash_000457::30,luvcarwash_000457,2023-02-01,1,16111.384615384615,True,luvcarwash_000457,0.24136717688080556
5,0,1,2632.3076923076924,,2632.3076923076924,,1847.3666666666668,27,0,,,luvcarwash_000457::31,luvcarwash_000457,2023-02-01,1,11581.46153846154,True,luvcarwash_000457,0.30581746981604685
9,1,1,9972.46153846154,,9972.46153846154,,5408.940740740742,29,0,,,magnolia_000414::26,magnolia_000414,2023-02-01,0,4791.0,True,magnolia_000414,0.3610088177129706
2,1,2,1921.428571428571,5712.358246613429,5960.675824175823,0.9583407008052264,8974.0,1,0,,,megashine_000539::1,megashine_000539,2023-02-01,0,3641.230769230769,True,megashine_000539,0.5636628938121367
8,1,4,2372.923076923077,3860.524183884744,9761.0,0.4757675368342877,3880.6190476190473,1,0,,,vibecw_000482::1,vibecw_000482,2023-02-01,1,16280.615384615385,True,vibecw_000482,0.4049625575493978
7,1,0,,,,,8608.761904761905,12,0,,,woodys_000289::16,woodys_000289,2023-02-01,1,12864.384615384615,True,woodys_000289,0.40856079657282046
8,3,5,1535.2307692307693,3135.8024994225343,3345.769230769231,0.6776574477942987,3623.285714285714,1,0,,,yamatogas_000504::1,yamatogas_000504,2023-02-01,0,1190.0,False,yamatogas_000504,0.3823428818014468
3,0,1,12786.307692307691,,12786.307692307691,,7440.566666666667,15,6,9370.307692307691,0.5,192616splash::16,192616splash,2023-03-01,1,12525.307692307691,True,192616splash,0.25258835669274093
2,1,1,3212.230769230769,,3212.230769230769,,8536.25,11,0,,,bigdans_000378::13,bigdans_000378,2023-03-01,1,17155.153846153848,True,bigdans_000378,0.4322330492908366
3,1,0,,,,,16318.88888888889,11,0,,,bigdans_000378::7,bigdans_000378,2023-03-01,1,8786.384615384615,True,bigdans_000378,0.5028021394197086
3,1,2,2400.846153846154,555.0788232314399,2793.346153846154,0.1987146571387698,2852.2444444444445,1,0,,,bluejaycw_000479::1,bluejaycw_000479,2023-03-01,0,533.75,False,bluejaycw_000479,0.2519916523494855
2,0,1,1921.428571428571,,1921.428571428571,,4242.0,22,7,12771.43956043956,1.0,caliberocala_000153::24,caliberocala_000153,2023-03-01,1,10920.692307692309,True,caliberocala_000153,0.4630565227072005
2,1,0,,,,,4130.75,1,0,,,rocksedge_000548::1,rocksedge_000548,2023-03-01,1,8402.076923076924,True,rocksedge_000548,0.3640428353234804
10,0,2,18.076923076923077,2.882819954068232,20.115384615384613,0.1433141850970823,6430.713333333334,13,0,,,woodys_000289::17,woodys_000289,2023-03-01,0,0.0,False,woodys_000289,0.31789656066122735
6,1,2,935.9230769230768,8072.766156660202,6644.230769230769,1.2150038788605804,7290.466666666667,8,0,,,carolinacarwash_000283::9,carolinacarwash_000283,2023-04-01,1,10604.76923076923,True,carolinacarwash_000283,0.7131174928632077
4,0,1,12988.307692307691,,12988.307692307691,,10637.055555555557,2,0,,,expresswash_000431::3,expresswash_000431,2023-04-01,1,8524.076923076924,True,expresswash_000431,0.3347091960886997
7,0,2,8775.692307692309,846.2436385923311,9374.076923076924,0.0902748767197615,6535.047619047618,30,0,,,luvcarwash_000457::34,luvcarwash_000457,2023-04-01,0,4076.0,True,luvcarwash_000457,0.18182434079590848
11,0,2,5433.692307692308,3209.3945013177736,7703.076923076924,0.416637991982535,6525.798484848486,30,0,,,luvcarwash_000457::35,luvcarwash_000457,2023-04-01,0,5506.153846153846,True,luvcarwash_000457,0.3278920785593908
2,0,2,1565.3846153846157,5906.190979104621,5741.692307692308,1.0286498583687478,3946.666666666667,1,0,,,magicbrush_000533::4,magicbrush_000533,2023-04-01,1,8591.307692307691,True,magicbrush_000533,0.4877368520771595
9,1,3,2372.923076923077,4618.5676058474055,10168.153846153846,0.5997261028289188,5258.0625,1,0,,,oasisautospa_000475::1,oasisautospa_000475,2023-04-01,0,5494.923076923077,True,oasisautospa_000475,0.4913720902838236
9,0,5,620.5,3295.575741704771,3251.923076923077,0.9260533510854022,7611.111111111112,7,0,,,sudsdeluxe_000305::8,sudsdeluxe_000305,2023-04-01,1,8825.461538461539,True,sudsdeluxe_000305,0.5035916805202464
4,0,1,8241.923076923076,,8241.923076923076,,7082.444444444444,8,2,8930.923076923076,1.0,tsunamicarwash_000122::9,tsunamicarwash_000122,2023-04-01,0,16407.846153846152,True,tsunamicarwash_000122,0.33067150501201403
5,0,3,3286.153846153846,4030.402730036243,5709.909090909091,0.6000031131325072,4657.916666666667,1,0,,,classicexpcw_000556::1,classicexpcw_000556,2023-05-01,0,3284.6153846153848,True,classicexpcw_000556,0.40726700389770315
5,0,1,4407.0,,4407.0,,7078.0666666666675,11,0,,,clearwater_000397::13,clearwater_000397,2023-05-01,1,8165.384615384615,True,clearwater_000397,0.39482762840666324
18,1,9,0.0,4215.898765922115,2865.3076923076924,1.059023154423947,4957.554901960784,9,3,10096.675213675211,1.0,dirtydogs_000082::12,dirtydogs_000082,2023-05-01,0,7240.307692307692,True,dirtydogs_000082,0.5003652961001703
6,2,0,,,,,6498.166666666666,6,0,,,edgeexpress_000446::6,edgeexpress_000446,2023-05-01,1,8116.923076923077,True,edgeexpress_000446,0.4268688477251426
16,3,3,5433.692307692308,2352.362171729143,8775.692307692309,0.291834067187835,5647.172916666666,33,0,,,luvcarwash_000457::36,luvcarwash_000457,2023-05-01,0,5563.2307692307695,True,luvcarwash_000457,0.26797462368852837
2,0,0,,,,,11209.166666666666,30,0,,,magnolia_000414::41,magnolia_000414,2023-05-01,0,6508.384615384615,True,magnolia_000414,0.6243054681459298
9,1,6,620.5,2885.664989394261,3359.423076923077,0.7618079391206937,5637.9875,2,1,9223.076923076924,1.0,mintexpresscw_000248::3,mintexpresscw_000248,2023-05-01,0,84.3076923076923,False,mintexpresscw_000248,0.4402321512913061
6,1,1,8775.692307692309,,8775.692307692309,,5760.777777777778,13,0,,,mrcleancw_000329::14,mrcleancw_000329,2023-05-01,0,4620.7692307692305,True,mrcleancw_000329,0.35735131618585975
18,6,9,0.0,4355.131134372603,1535.2307692307693,1.16777416669048,4743.231372549019,1,0,,,soakaustralia_000409::2,soakaustralia_000409,2023-05-01,1,10472.46153846154,True,soakaustralia_000409,0.47857322156628185
6,1,4,4082.0,5268.253429247037,11108.346153846154,0.4897905816195158,7089.027777777778,1,0,,,superfineautospa_000443::1,superfineautospa_000443,2023-05-01,0,1132.4615384615386,False,superfineautospa_000443,0.5195570680462551
3,0,1,8826.615384615385,,8826.615384615385,,6198.58888888889,2,1,18559.23076923077,1.0,totalpackagecw_000206::3,totalpackagecw_000206,2023-05-01,1,10677.615384615385,True,totalpackagecw_000206,0.37400900316745367
7,0,2,7153.153846153846,744.3658692721469,7679.5,0.0969289497066406,6101.788888888888,1,0,,,trueclean_000554::1,trueclean_000554,2023-05-01,1,10146.615384615385,True,trueclean_000554,0.22715849133855343
4,0,0,,,,,11727.222222222224,4,0,,,washup_000294::7,washup_000294,2023-05-01,0,4301.923076923077,True,washup_000294,0.5600364889571094
11,1,2,22.153846153846153,11805.474068885342,8369.884615384615,1.4104703483230578,8985.734848484848,14,0,,,woodys_000289::15,woodys_000289,2023-05-01,1,21088.53846153846,True,woodys_000289,0.8361499275421328
2,0,1,7238.0,,7238.0,,6811.833333333333,2,1,4918.923076923077,0.0,wowcarwash_000158::3,wowcarwash_000158,2023-05-01,0,6741.538461538462,True,wowcarwash_000158,0.37678812014389296
4,1,1,4835.428571428572,,4835.428571428572,,4897.333333333334,12,4,6228.0192307692305,0.25,zippycarwash_000145::15,zippycarwash_000145,2023-05-01,0,2698.3076923076924,False,zippycarwash_000145,0.3636294372027813
9,1,3,4337.153846153846,3055.442532115626,9250.076923076924,0.3895922983826452,5598.388888888889,2,1,9940.76923076923,1.0,aquawave_000292::3,aquawave_000292,2023-06-01,1,8303.923076923076,True,aquawave_000292,0.4177973522207695
5,2,0,,,,,8805.806666666665,6,0,,,blueiguanacw_000349::7,blueiguanacw_000349,2023-06-01,1,12118.615384615385,True,blueiguanacw_000349,0.4782005631010502
2,1,2,800.6153846153846,10825.097713184856,8455.115384615385,1.2803015950417191,7537.166666666667,2,0,,,bluewave_000567::10,bluewave_000567,2023-06-01,1,9402.076923076924,True,bluewave_000567,0.7364846477734944
2,0,0,,,,,4949.416666666666,2,0,,,bluewave_000567::6,bluewave_000567,2023-06-01,1,13161.46153846154,True,bluewave_000567,0.4059998702154121
2,0,1,10301.615384615385,,10301.615384615385,,5136.583333333333,2,0,,,bluewave_000567::7,bluewave_000567,2023-06-01,0,15105.153846153846,True,bluewave_000567,0.33954062919332334
3,1,3,800.6153846153846,7818.355289568583,5697.2307692307695,1.0374922380737972,7135.333333333333,2,0,,,bluewave_000567::9,bluewave_000567,2023-06-01,0,6672.846153846154,True,bluewave_000567,0.6454116611989111
8,0,3,18.076923076923077,9640.306335312109,22.153846153846153,1.7258136123477048,8147.8125,3,0,,,bubbledown_000358::4,bubbledown_000358,2023-06-01,1,17799.30769230769,True,bubbledown_000358,0.713193171155322
8,0,2,8858.76923076923,1073.4424866705017,9617.807692307691,0.1116098929207161,6379.4,33,5,10442.553846153847,1.0,championxpresscw_000216::36,championxpresscw_000216,2023-06-01,0,7115.846153846154,True,championxpresscw_000216,0.3091262589445794
6,0,2,5576.153846153846,1004.1949756606098,6286.226923076923,0.1597452634066041,9421.611111111111,1,0,,,clean_000473::1,clean_000473,2023-06-01,0,8517.692307692309,True,clean_000473,0.37804121855485273
6,0,2,5576.153846153846,1004.1949756606098,6286.226923076923,0.1597452634066041,9421.611111111111,1,0,,,clean_000473::2,clean_000473,2023-06-01,1,11394.23076923077,True,clean_000473,0.37804121855485273
7,0,1,12352.53846153846,,12352.53846153846,,5407.555555555556,7,0,,,edgeexpress_000446::7,edgeexpress_000446,2023-06-01,0,4318.615384615385,True,edgeexpress_000446,0.31444800300463177
2,0,0,,,,,6292.583333333334,3,0,,,gocleancw_000426::2,gocleancw_000426,2023-06-01,0,3585.6923076923076,True,gocleancw_000426,0.4265845672065013
6,0,1,8775.692307692309,,8775.692307692309,,4649.027777777777,34,0,,,luvcarwash_000457::40,luvcarwash_000457,2023-06-01,1,9875.0,True,luvcarwash_000457,0.2425195559069615
9,2,2,5433.692307692308,3209.3945013177736,7703.076923076924,0.416637991982535,4514.277777777777,33,0,,,magnolia_000414::44,magnolia_000414,2023-06-01,0,6797.615384615385,True,magnolia_000414,0.43176747556250755
2,2,2,3108.076923076923,2713.059933754139,5026.5,0.5397513048352012,4755.416666666666,2,1,6944.923076923077,0.0,mainstreet_000067::3,mainstreet_000067,2023-06-01,1,9294.307692307691,True,mainstreet_000067,0.3518381586514628
4,0,2,11304.7,1231.9214341832023,12175.8,0.1011778638104438,11849.916666666668,7,0,,,riptideneuse_000337::8,riptideneuse_000337,2023-06-01,0,6530.076923076923,True,riptideneuse_000337,0.33573263462216
2,0,1,6128.272727272727,,6128.272727272727,,,1,0,,,zelocw_000544::1,zelocw_000544,2023-06-01,0,1556.3076923076924,False,zelocw_000544,0.36579212856544746
4,0,2,4823.076923076923,9711.241354328076,11689.961538461535,0.8307333879907811,9935.944444444443,16,6,9370.307692307691,0.5,192616splash::19,192616splash,2023-07-01,1,11180.846153846154,True,192616splash,0.7517566845473429
2,0,0,,,,,8161.666666666667,4,0,,,bigpeachcw_000300::5,bigpeachcw_000300,2023-07-01,1,8698.76923076923,True,bigpeachcw_000300,0.4642432280214055
6,1,2,2460.0,2038.4800645021728,3901.423076923077,0.5224965414696461,8885.766666666666,6,2,12865.192307692309,1.0,cadillacexpresscw_000080::7,cadillacexpresscw_000080,2023-07-01,1,7799.0,True,cadillacexpresscw_000080,0.4648781996698593
8,2,2,8858.76923076923,1073.4424866705017,9617.807692307691,0.1116098929207161,6927.1875,35,6,10040.564102564103,1.0,championxpresscw_000216::34,championxpresscw_000216,2023-07-01,0,6574.7692307692305,True,championxpresscw_000216,0.32209693225331654
7,0,2,8858.76923076923,1073.4424866705017,9617.807692307691,0.1116098929207161,7092.166666666666,35,6,10040.564102564103,1.0,championxpresscw_000216::43,championxpresscw_000216,2023-07-01,0,6147.2307692307695,True,championxpresscw_000216,0.32521596969864985
6,1,4,4082.0,5268.253429247037,11108.346153846154,0.4897905816195158,6919.805555555556,1,0,,,drivethruexp_000568::1,drivethruexp_000568,2023-07-01,0,7856.615384615385,True,drivethruexp_000568,0.5149994599063838
5,1,1,6094.538461538462,,6094.538461538462,,5289.583333333333,36,0,,,luvcarwash_000457::37,luvcarwash_000457,2023-07-01,0,6121.7692307692305,True,luvcarwash_000457,0.30308230334960096
11,0,2,4337.153846153846,3473.9612231401866,6793.615384615385,0.5113567705064984,7192.2666666666655,14,0,,,mrcleancw_000329::16,mrcleancw_000329,2023-07-01,0,6460.615384615385,True,mrcleancw_000329,0.4451883893684574
2,2,0,,,,,9902.333333333334,1,0,,,piratescove_000559::1,piratescove_000559,2023-07-01,0,6205.384615384615,True,piratescove_000559,0.4973906954254811
8,2,4,4082.0,5268.253429247037,11108.346153846154,0.4897905816195158,8080.354166666666,1,0,,,advanceautodetailing_000566::1,advanceautodetailing_000566,2023-08-01,1,10222.46153846154,True,advanceautodetailing_000566,0.5080932831808012
6,2,0,,,,,6076.11111111111,5,0,,,bigpeachcw_000300::7,bigpeachcw_000300,2023-08-01,0,4970.2307692307695,True,bigpeachcw_000300,0.4073455868744724
7,0,3,2372.923076923077,4618.5676058474055,10168.153846153846,0.5997261028289188,7546.321428571428,12,0,,,clearwater_000397::12,clearwater_000397,2023-08-01,1,8253.692307692309,True,clearwater_000397,0.502567199092098
2,0,0,,,,,10229.75,12,0,,,clearwater_000397::14,clearwater_000397,2023-08-01,1,16953.46153846154,True,clearwater_000397,0.42836396702941054
7,1,0,,,,,6727.0,2,0,,,colonialcw_000420::3,colonialcw_000420,2023-08-01,0,5932.692307692308,True,colonialcw_000420,0.4293369995512217
7,1,0,,,,,6727.0,2,0,,,colonialcw_000420::4,colonialcw_000420,2023-08-01,0,4416.7692307692305,True,colonialcw_000420,0.4293369995512217
8,1,0,,,,,7639.729166666666,2,0,,,colonialcw_000420::5,colonialcw_000420,2023-08-01,0,6313.153846153846,True,colonialcw_000420,0.45360646627397166
8,1,0,,,,,7136.375,2,0,,,colonialcw_000420::6,colonialcw_000420,2023-08-01,0,3751.0,False,colonialcw_000420,0.44018743792521764
12,1,4,2474.6153846153848,8952.439433178743,15065.807692307691,0.63206102536692,14741.181818181818,3,0,,,expresswash_000431::4,expresswash_000431,2023-08-01,1,11782.615384615385,True,expresswash_000431,0.8054795877802143
4,0,1,2446.5384615384614,,2446.5384615384614,,8531.25,15,0,,,mrcleancw_000329::15,mrcleancw_000329,2023-08-01,0,2690.4615384615386,False,mrcleancw_000329,0.48287817885654866
5,0,3,4337.153846153846,2864.9742845072055,8175.2307692307695,0.3827935671047789,6356.533333333333,15,0,,,mrcleancw_000329::17,mrcleancw_000329,2023-08-01,0,1172.3846153846157,False,mrcleancw_000329,0.4107054773157458
5,0,4,3500.153846153846,4441.3717131399935,10766.307692307691,0.4631475989124359,11159.666666666668,1,0,,,presidentialcw_000589::2,presidentialcw_000589,2023-08-01,0,2288.0,False,presidentialcw_000589,0.5038291883062751
7,1,3,1955.4615384615383,3295.0073693548184,5036.076923076923,0.6364105318134622,3609.430555555556,2,1,8697.153846153846,1.0,sonoranexpress_000053::2,sonoranexpress_000053,2023-08-01,0,2229.846153846154,False,sonoranexpress_000053,0.3771780678480468
4,0,0,,,,,14264.541666666668,1,0,,,streetxpress_000577::1,streetxpress_000577,2023-08-01,0,2437.153846153846,False,streetxpress_000577,0.5905667559695805
5,0,1,3212.230769230769,,3212.230769230769,,10228.313333333334,15,1,20018.53846153846,1.0,woodys_000289::18,woodys_000289,2023-08-01,1,13401.153846153846,True,woodys_000289,0.45913850703309794
6,1,2,3212.230769230769,2207.532978035079,4773.192307692308,0.4624856565023573,9719.511111111113,15,1,20018.53846153846,1.0,woodys_000289::19,woodys_000289,2023-08-01,1,15635.0,True,woodys_000289,0.40585220628118834
10,0,6,620.5,5432.370790889922,6345.0,0.7846111231378412,9942.555555555557,22,0,,,bluewave_000567::27,bluewave_000567,2023-09-01,1,9139.076923076924,True,bluewave_000567,0.5968362402351337
10,0,6,620.5,5432.370790889922,6345.0,0.7846111231378412,9942.555555555557,22,0,,,bluewave_000567::28,bluewave_000567,2023-09-01,1,8329.0,True,bluewave_000567,0.5968362402351337
10,0,6,620.5,5432.370790889922,6345.0,0.7846111231378412,9942.555555555557,22,0,,,bluewave_000567::29,bluewave_000567,2023-09-01,1,17573.46153846154,True,bluewave_000567,0.5968362402351337
10,0,6,620.5,5432.370790889922,6345.0,0.7846111231378412,9942.555555555557,22,0,,,bluewave_000567::30,bluewave_000567,2023-09-01,1,19529.69230769231,True,bluewave_000567,0.5968362402351337
10,0,6,620.5,5432.370790889922,6345.0,0.7846111231378412,9942.555555555557,22,0,,,bluewave_000567::31,bluewave_000567,2023-09-01,1,9269.076923076924,True,bluewave_000567,0.5968362402351337
10,0,6,620.5,5432.370790889922,6345.0,0.7846111231378412,9942.555555555557,22,0,,,bluewave_000567::32,bluewave_000567,2023-09-01,1,9596.923076923076,True,bluewave_000567,0.5968362402351337
2,0,0,,,,,6002.166666666666,23,10,11545.546153846157,0.9,caliberocala_000153::22,caliberocala_000153,2023-09-01,0,6946.153846153846,True,caliberocala_000153,0.4651832252327482
2,0,1,11940.23076923077,,11940.23076923077,,11588.666666666666,7,2,10702.153846153848,1.0,centurycarwash_000236::8,centurycarwash_000236,2023-09-01,1,9738.615384615385,True,centurycarwash_000236,0.39516208127770847
4,1,0,,,,,9825.138888888889,1,0,,,dripautospa_000581::1,dripautospa_000581,2023-09-01,1,10809.46153846154,True,dripautospa_000581,0.4798849842528588
6,0,2,18.076923076923077,2.882819954068232,20.115384615384613,0.1433141850970823,7405.111111111112,3,2,20.115384615384613,0.0,kazbour_000007::4,kazbour_000007,2023-09-01,0,0.0,False,kazbour_000007,0.3835023507879712
9,5,1,24049.30769230769,,24049.30769230769,,13906.958333333332,38,0,,,luvcarwash_000457::42,luvcarwash_000457,2023-09-01,1,12696.307692307691,True,luvcarwash_000457,0.1686860214874454
4,1,2,4074.5384615384614,542.1877226821159,4457.923076923077,0.1216233912803048,4661.833333333333,38,0,,,magnolia_000414::49,magnolia_000414,2023-09-01,0,5857.538461538462,True,magnolia_000414,0.38458571479274034
3,0,1,5725.846153846154,,5725.846153846154,,4351.499999999999,1,0,,,napcowash_000528::1,napcowash_000528,2023-09-01,0,3183.769230769231,True,napcowash_000528,0.33987365010167186
8,0,5,2501.0,4236.949868428226,4407.0,0.6619613580645918,8658.229166666668,2,0,,,presidentialcw_000589::1,presidentialcw_000589,2023-09-01,0,3026.923076923077,True,presidentialcw_000589,0.48111118925596036
6,0,2,4082.0,8940.549355664061,10403.923076923076,0.8593440464294742,7704.299999999998,1,0,,,superduper_000580::1,superduper_000580,2023-09-01,1,29814.53846153846,True,superduper_000580,0.6120460375689316
8,2,3,2372.923076923077,4618.5676058474055,10168.153846153846,0.5997261028289188,7447.3375,2,0,,,vibecw_000482::2,vibecw_000482,2023-09-01,1,11647.692307692309,True,vibecw_000482,0.48634234242880514
9,1,1,12191.153846153846,,12191.153846153846,,7683.166666666666,15,0,,,bigdans_000378::17,bigdans_000378,2023-10-01,1,11133.23076923077,True,bigdans_000378,0.28882262692302485
6,0,1,2446.5384615384614,,2446.5384615384614,,8405.72222222222,1,0,,,bluerhinocw_000596::1,bluerhinocw_000596,2023-10-01,1,7690.923076923077,True,bluerhinocw_000596,0.4797959824691604
17,6,6,620.5,5432.370790889922,6345.0,0.7846111231378412,6751.03125,29,0,,,bluewave_000567::33,bluewave_000567,2023-10-01,1,9523.53846153846,True,bluewave_000567,0.5379510112206075
17,6,6,620.5,5432.370790889922,6345.0,0.7846111231378412,6751.03125,29,0,,,bluewave_000567::34,bluewave_000567,2023-10-01,0,10895.0,True,bluewave_000567,0.5379510112206075
17,6,6,620.5,5432.370790889922,6345.0,0.7846111231378412,6751.03125,29,0,,,bluewave_000567::35,bluewave_000567,2023-10-01,0,8995.307692307691,True,bluewave_000567,0.5379510112206075
17,6,6,620.5,5432.370790889922,6345.0,0.7846111231378412,6751.03125,29,0,,,bluewave_000567::36,bluewave_000567,2023-10-01,1,14403.307692307691,True,bluewave_000567,0.5379510112206075
17,6,6,620.5,5432.370790889922,6345.0,0.7846111231378412,6751.03125,29,0,,,bluewave_000567::37,bluewave_000567,2023-10-01,0,6573.538461538462,True,bluewave_000567,0.5379510112206075
17,6,6,620.5,5432.370790889922,6345.0,0.7846111231378412,6751.03125,29,0,,,bluewave_000567::38,bluewave_000567,2023-10-01,1,11074.23076923077,True,bluewave_000567,0.5379510112206075
17,6,6,620.5,5432.370790889922,6345.0,0.7846111231378412,6751.03125,29,0,,,bluewave_000567::39,bluewave_000567,2023-10-01,1,9978.615384615385,True,bluewave_000567,0.5379510112206075
17,6,6,620.5,5432.370790889922,6345.0,0.7846111231378412,6751.03125,29,0,,,bluewave_000567::40,bluewave_000567,2023-10-01,1,13919.076923076924,True,bluewave_000567,0.5379510112206075
5,1,1,16914.69230769231,,16914.69230769231,,6663.633333333334,24,10,11545.546153846157,0.9,caliberocala_000153::26,caliberocala_000153,2023-10-01,0,0.0,False,caliberocala_000153,0.2536572256667988
2,0,1,1955.4615384615383,,1955.4615384615383,,2087.833333333333,1,0,,,frankiescw_000573::1,frankiescw_000573,2023-10-01,0,637.8333333333334,False,frankiescw_000573,0.3326296725670712
6,0,3,3956.0,1088.6019677011616,4671.5,0.2218310943579892,4278.3125,39,0,,,luvcarwash_000457::43,luvcarwash_000457,2023-10-01,0,5575.615384615385,True,luvcarwash_000457,0.2126900157633947
5,0,1,5574.714285714285,,5574.714285714285,,4747.555555555556,40,0,,,magnolia_000414::52,magnolia_000414,2023-10-01,0,5484.307692307692,True,magnolia_000414,0.4712660280695546
5,0,1,10562.307692307691,,10562.307692307691,,4307.566666666667,8,0,,,smittyscw_000489::8,smittyscw_000489,2023-10-01,1,8963.692307692309,True,smittyscw_000489,0.3188157376480059
6,0,3,0.0,5836.432707359395,7452.307692307692,0.9235274033935968,5949.458333333333,2,0,,,soapyshark_000467::2,soapyshark_000467,2023-10-01,1,10847.923076923076,True,soapyshark_000467,0.5571777853657524
5,0,2,10301.615384615385,5065.060266468563,13883.153846153848,0.3648349879715389,8843.388888888889,8,1,9127.615384615385,1.0,sudsdeluxe_000305::9,sudsdeluxe_000305,2023-10-01,0,14705.692307692309,True,sudsdeluxe_000305,0.4509845618293077
2,1,0,,,,,3589.8333333333335,1,0,,,thegoodwash_000590::1,thegoodwash_000590,2023-10-01,0,14859.307692307691,True,thegoodwash_000590,0.350645490896632
5,0,3,2474.6153846153848,7399.445216023358,12988.307692307691,0.6890913470881223,12609.7,18,0,,,bigdans_000378::15,bigdans_000378,2023-11-01,1,13059.46153846154,True,bigdans_000378,0.6954851512184932
6,3,1,3212.230769230769,,3212.230769230769,,8979.041666666668,18,0,,,bigdans_000378::19,bigdans_000378,2023-11-01,1,15193.23076923077,True,bigdans_000378,0.44804976521672746
25,14,6,620.5,5432.370790889922,6345.0,0.7846111231378412,7075.0,37,0,,,bluewave_000567::41,bluewave_000567,2023-11-01,1,14241.692307692309,True,bluewave_000567,0.5350318058902295
25,14,6,620.5,5432.370790889922,6345.0,0.7846111231378412,7075.0,37,0,,,bluewave_000567::43,bluewave_000567,2023-11-01,1,14145.0,True,bluewave_000567,0.5350318058902295
25,14,6,620.5,5432.370790889922,6345.0,0.7846111231378412,7075.0,37,0,,,bluewave_000567::44,bluewave_000567,2023-11-01,1,15496.923076923076,True,bluewave_000567,0.5350318058902295
25,14,6,620.5,5432.370790889922,6345.0,0.7846111231378412,7075.0,37,0,,,bluewave_000567::45,bluewave_000567,2023-11-01,1,9095.53846153846,True,bluewave_000567,0.5350318058902295
25,14,6,620.5,5432.370790889922,6345.0,0.7846111231378412,7075.0,37,0,,,bluewave_000567::46,bluewave_000567,2023-11-01,1,8078.538461538462,True,bluewave_000567,0.5350318058902295
2,0,1,1719.2307692307693,,1719.2307692307693,,1306.0833333333337,1,0,,,busterscw_000595::1,busterscw_000595,2023-11-01,1,10803.384615384615,True,busterscw_000595,0.36482168726886827
3,0,0,,,,,3681.722222222222,40,8,10342.51923076923,1.0,championxpresscw_000216::45,championxpresscw_000216,2023-11-01,0,7188.076923076923,True,championxpresscw_000216,0.4257648170480334
3,2,1,5556.2307692307695,,5556.2307692307695,,9505.333333333334,1,0,,,halloffamecw_000586::1,halloffamecw_000586,2023-11-01,1,10166.923076923076,True,halloffamecw_000586,0.4456150922143131
7,0,2,3956.0,1512.1750479820932,5025.2692307692305,0.3009142353454803,5128.116666666667,40,0,,,luvcarwash_000457::48,luvcarwash_000457,2023-11-01,1,8318.538461538461,True,luvcarwash_000457,0.24255308972688064
2,1,0,,,,,8952.583333333332,43,0,,,magnolia_000414::55,magnolia_000414,2023-11-01,1,8611.0,True,magnolia_000414,0.6161549867025321
2,1,0,,,,,8952.583333333332,43,0,,,magnolia_000414::56,magnolia_000414,2023-11-01,0,4516.923076923077,True,magnolia_000414,0.6161549867025321
11,0,3,4337.153846153846,3055.442532115626,9250.076923076924,0.3895922983826452,5656.977272727273,1,0,,,orbitcw_000611::1,orbitcw_000611,2023-11-01,1,9838.0,True,orbitcw_000611,0.3582222993909788
9,0,3,935.9230769230768,8357.614605583552,12352.53846153846,0.8218987680046764,7210.041666666667,5,3,14379.02564102564,1.0,americanpride_000238::6,americanpride_000238,2023-12-01,1,16246.53846153846,True,americanpride_000238,0.6483514946241349
30,19,6,620.5,5432.370790889922,6345.0,0.7846111231378412,6807.551724137932,42,0,,,bluewave_000567::42,bluewave_000567,2023-12-01,0,15129.307692307691,True,bluewave_000567,0.5254594944580846
30,19,6,620.5,5432.370790889922,6345.0,0.7846111231378412,6807.551724137932,42,0,,,bluewave_000567::47,bluewave_000567,2023-12-01,0,6383.461538461538,True,bluewave_000567,0.5254594944580846
2,0,1,1993.3076923076924,,1993.3076923076924,,2983.416666666667,42,0,,,bluewave_000567::48,bluewave_000567,2023-12-01,1,18597.76923076923,True,bluewave_000567,0.3721556251136018
6,0,1,7238.0,,7238.0,,4602.366666666667,1,0,,,expressprocw_000601::1,expressprocw_000601,2023-12-01,0,6483.307692307692,True,expressprocw_000601,0.3704357660659865
9,1,4,4082.0,5268.253429247037,11108.346153846154,0.4897905816195158,8586.853703703704,1,0,,,fullertoncw_000623::1,fullertoncw_000623,2023-12-01,0,5614.2307692307695,True,fullertoncw_000623,0.5596703062987057
13,1,2,8775.692307692309,846.2436385923311,9374.076923076924,0.0902748767197615,4299.00303030303,41,0,,,luvcarwash_000457::41,luvcarwash_000457,2023-12-01,1,8182.846153846154,True,luvcarwash_000457,0.13952530412312103
8,1,2,3956.0,1512.1750479820932,5025.2692307692305,0.3009142353454803,4705.080555555555,41,0,,,luvcarwash_000457::45,luvcarwash_000457,2023-12-01,1,11327.153846153846,True,luvcarwash_000457,0.23306388822068463
3,0,1,5349.2307692307695,,5349.2307692307695,,5848.444444444444,5,0,,,magicbrush_000533::6,magicbrush_000533,2023-12-01,0,3507.769230769231,True,magicbrush_000533,0.396535186803229
4,0,0,,,,,4975.055555555556,46,0,,,magnolia_000414::58,magnolia_000414,2023-12-01,0,2962.3846153846152,False,magnolia_000414,0.5266736883597171
11,4,1,11011.76923076923,,11011.76923076923,,6088.386363636362,4,0,,,papabear_000353::5,papabear_000353,2023-12-01,1,13699.153846153846,True,papabear_000353,0.2752612597592459
6,0,2,6075.384615384615,2988.396435782316,8188.5,0.3649504104271009,4891.733333333334,6,0,,,racerclassiccw_000389::8,racerclassiccw_000389,2023-12-01,0,4247.923076923077,True,racerclassiccw_000389,0.37790907133897395
7,2,3,935.9230769230768,8357.614605583552,12352.53846153846,0.8218987680046764,8878.527777777777,8,0,,,riptideneuse_000337::10,riptideneuse_000337,2023-12-01,0,4649.538461538462,True,riptideneuse_000337,0.7161551773956355
3,1,2,10607.46153846154,1275.0767049673116,11509.076923076924,0.1107887898820666,3065.3333333333335,16,2,8909.153846153848,1.0,thoroughbredcw_000304::13,thoroughbredcw_000304,2023-12-01,0,5019.846153846154,True,thoroughbredcw_000304,0.24308808715245886
8,0,0,,,,,4126.270833333333,7,1,12334.46153846154,1.0,bigpeachcw_000300::12,bigpeachcw_000300,2024-01-01,0,6866.833333333333,True,bigpeachcw_000300,0.35463697017104107
3,0,0,,,,,7007.522222222222,4,0,,,bubbledown_000358::5,bubbledown_000358,2024-01-01,1,14346.0,True,bubbledown_000358,0.43995804902261215
10,1,5,4082.0,4623.64760416012,9918.0,0.4436941121756602,7923.25,1,0,,,crownamerica_000361::1,crownamerica_000361,2024-01-01,1,11926.75,True,crownamerica_000361,0.4621260880714882
10,1,3,4337.153846153846,3968.040293545815,9250.076923076924,0.4617869218047522,7460.883333333334,11,3,10096.675213675211,1.0,dirtydogs_000082::11,dirtydogs_000082,2024-01-01,0,5261.0,True,dirtydogs_000082,0.46536411242488546
10,1,5,2474.6153846153848,5840.178272639716,13574.0,0.468371788643912,9671.033333333333,2,1,12988.307692307691,1.0,floriscarwash_000233::3,floriscarwash_000233,2024-01-01,0,7084.916666666667,True,floriscarwash_000233,0.602529082769338
5,0,1,8775.692307692309,,8775.692307692309,,6568.541666666667,3,0,,,gateexpress_000618::2,gateexpress_000618,2024-01-01,0,10962.333333333334,True,gateexpress_000618,0.3457400374708337
3,0,0,,,,,4514.5,3,0,,,gateexpress_000618::4,gateexpress_000618,2024-01-01,0,14576.833333333334,True,gateexpress_000618,0.3862703202689107
4,0,0,,,,,5707.083333333333,3,0,,,gateexpress_000618::5,gateexpress_000618,2024-01-01,0,11977.666666666666,True,gateexpress_000618,0.41095506783863506
10,0,2,5433.692307692308,3209.3945013177736,7703.076923076924,0.416637991982535,5662.928571428572,3,0,,,gateexpress_000618::6,gateexpress_000618,2024-01-01,1,15356.333333333334,True,gateexpress_000618,0.37173239457676893
9,1,2,8775.692307692309,846.2436385923311,9374.076923076924,0.0902748767197615,6062.333333333333,3,0,,,gateexpress_000618::7,gateexpress_000618,2024-01-01,0,12539.5,True,gateexpress_000618,0.2602821298548194
7,1,3,3956.0,1088.6019677011616,4671.5,0.2218310943579892,3720.216666666667,43,0,,,luvcarwash_000457::39,luvcarwash_000457,2024-01-01,0,5511.75,True,luvcarwash_000457,0.19846757686581074
9,2,2,3956.0,1512.1750479820932,5025.2692307692305,0.3009142353454803,4401.6547619047615,43,0,,,luvcarwash_000457::49,luvcarwash_000457,2024-01-01,1,9995.833333333334,True,luvcarwash_000457,0.22491031971900835
10,2,1,8775.692307692309,,8775.692307692309,,4624.729166666667,48,0,,,magnolia_000414::60,magnolia_000414,2024-01-01,0,2130.0,False,magnolia_000414,0.43436901586542703
4,2,2,3286.153846153846,5564.712796620841,7221.0,0.770629109073652,5552.055555555555,48,0,,,magnolia_000414::64,magnolia_000414,2024-01-01,1,8396.583333333334,True,magnolia_000414,0.6428532527723609
8,2,1,20018.53846153846,,20018.53846153846,,12170.8125,7,2,13892.076923076922,1.0,radiantcw_000133::8,radiantcw_000133,2024-01-01,1,10514.25,True,radiantcw_000133,0.2650348640924808
2,0,0,,,,,4642.166666666667,9,3,9754.461538461535,1.0,tsunamicarwash_000122::10,tsunamicarwash_000122,2024-01-01,0,4534.666666666667,True,tsunamicarwash_000122,0.35730933385295377
12,0,2,8858.76923076923,1073.4424866705017,9617.807692307691,0.1116098929207161,6141.241666666666,44,8,10342.51923076923,1.0,championxpresscw_000216::44,championxpresscw_000216,2024-02-01,0,6602.090909090909,True,championxpresscw_000216,0.31980313298687335
4,1,0,,,,,2718.4444444444443,1,0,,,charliescw_000634::1,charliescw_000634,2024-02-01,1,15766.727272727272,True,charliescw_000634,0.37191800408832537
13,1,1,9972.46153846154,,9972.46153846154,,5055.257575757575,8,0,,,gateexpress_000618::11,gateexpress_000618,2024-02-01,0,10624.545454545454,True,gateexpress_000618,0.3036397039483964
19,1,2,8775.692307692309,846.2436385923311,9374.076923076924,0.0902748767197615,4835.058823529411,8,0,,,gateexpress_000618::8,gateexpress_000618,2024-02-01,0,11859.272727272728,True,gateexpress_000618,0.24626474459186867
14,1,2,5433.692307692308,3209.3945013177736,7703.076923076924,0.416637991982535,6044.515151515151,8,0,,,gateexpress_000618::9,gateexpress_000618,2024-02-01,0,11684.181818181818,True,gateexpress_000618,0.3869923375496059
13,5,3,3956.0,1088.6019677011616,4671.5,0.2218310943579892,4515.518518518518,1,0,,,highway80cw_000598::1,highway80cw_000598,2024-02-01,0,3706.272727272727,True,highway80cw_000598,0.26357114143155164
2,0,0,,,,,2867.25,1,0,,,jupitercw_000637::1,jupitercw_000637,2024-02-01,0,627.7272727272727,False,jupitercw_000637,0.3742208828393976
10,3,2,3956.0,1512.1750479820932,5025.2692307692305,0.3009142353454803,5093.309523809524,45,0,,,luvcarwash_000457::50,luvcarwash_000457,2024-02-01,0,6152.454545454545,True,luvcarwash_000457,0.23574812611819568
11,1,3,5644.2307692307695,3279.081724299519,9250.076923076924,0.3631928205812407,7677.333333333333,45,0,,,luvcarwash_000457::54,luvcarwash_000457,2024-02-01,0,14700.454545454546,True,luvcarwash_000457,0.3317803226331761
4,0,1,8826.615384615385,,8826.615384615385,,6681.541666666667,51,0,,,magnolia_000414::63,magnolia_000414,2024-02-01,1,8326.545454545454,True,magnolia_000414,0.49778706414523494
2,0,1,10396.076923076924,,10396.076923076924,,8301.333333333334,18,4,9482.788461538465,1.0,mrcleancw_000329::19,mrcleancw_000329,2024-02-01,0,496.125,False,mrcleancw_000329,0.3711201734944722
11,1,4,2850.846153846154,2843.755752969016,6788.5,0.4527372343035249,2753.666666666667,3,0,,,rinsemyride_000430::4,rinsemyride_000430,2024-02-01,0,855.2857142857143,False,rinsemyride_000430,0.3841694371637648
3,3,0,,,,,6035.75,7,0,,,rocketwashnc_000309::10,rocketwashnc_000309,2024-02-01,1,13373.09090909091,True,rocketwashnc_000309,0.4183910979096744
4,1,0,,,,,7035.555555555555,5,0,,,shammysunlimited_000449::6,shammysunlimited_000449,2024-02-01,1,8209.454545454546,True,shammysunlimited_000449,0.4325478245987121
2,0,0,,,,,12981.166666666666,3,0,,,splashfl_000574::4,splashfl_000574,2024-02-01,1,21991.18181818182,True,splashfl_000574,0.5689244897123146
12,1,3,2446.5384615384614,4451.766104780947,5644.2307692307695,0.6908251920311351,6999.69696969697,21,0,,,bigdans_000378::22,bigdans_000378,2024-03-01,1,10587.2,True,bigdans_000378,0.4999612382492519
2,0,1,10436.333333333334,,10436.333333333334,,8682.0,8,1,12334.46153846154,1.0,bigpeachcw_000300::10,bigpeachcw_000300,2024-03-01,1,10168.5,True,bigpeachcw_000300,0.3353278250038437
3,1,0,,,,,5631.833333333333,8,1,12334.46153846154,1.0,bigpeachcw_000300::9,bigpeachcw_000300,2024-03-01,0,3283.9,True,bigpeachcw_000300,0.391012736490119
2,1,1,9885.923076923076,,9885.923076923076,,6749.75,1,0,,,blastcw_000602::1,blastcw_000602,2024-03-01,1,14279.8,True,blastcw_000602,0.32705489289915696
3,0,1,8826.615384615385,,8826.615384615385,,6964.333333333333,1,0,,,bluewavefl_000622::1,bluewavefl_000622,2024-03-01,1,12586.8,True,bluewavefl_000622,0.3380759266935579
7,0,4,2460.0,6459.891225627782,9334.115384615385,0.6936709999104702,7563.222222222223,7,3,13950.871794871797,1.0,cadillacexpresscw_000080::8,cadillacexpresscw_000080,2024-03-01,1,10840.1,True,cadillacexpresscw_000080,0.5745595321995278
2,0,2,8254.416666666666,4183.420494194912,11212.541666666666,0.373101890593784,,45,8,10342.51923076923,1.0,championxpresscw_000216::49,championxpresscw_000216,2024-03-01,0,1903.4,False,championxpresscw_000216,0.4370503065877528
10,0,1,8775.692307692309,,8775.692307692309,,4282.666666666666,12,0,,,gateexpress_000618::12,gateexpress_000618,2024-03-01,0,11835.1,True,gateexpress_000618,0.31477583944435267
19,1,2,8775.692307692309,846.2436385923311,9374.076923076924,0.0902748767197615,5016.6875,12,0,,,gateexpress_000618::13,gateexpress_000618,2024-03-01,0,15478.9,True,gateexpress_000618,0.2539875915477667
11,1,1,8775.692307692309,,8775.692307692309,,4603.5,12,0,,,gateexpress_000618::14,gateexpress_000618,2024-03-01,0,12873.9,True,gateexpress_000618,0.32078290962178413
16,2,2,8775.692307692309,846.2436385923311,9374.076923076924,0.0902748767197615,4789.5,12,0,,,gateexpress_000618::15,gateexpress_000618,2024-03-01,0,8900.4,True,gateexpress_000618,0.2502877751262931
2,1,0,,,,,10764.0,53,0,,,magnolia_000414::66,magnolia_000414,2024-03-01,0,10952.5,True,magnolia_000414,0.6930679656955168
4,3,0,,,,,5378.604166666667,53,0,,,magnolia_000414::67,magnolia_000414,2024-03-01,0,4363.2,True,magnolia_000414,0.5636577397104883
7,0,1,6075.384615384615,,6075.384615384615,,6007.472222222223,7,0,,,racerclassiccw_000389::5,racerclassiccw_000389,2024-03-01,0,5263.3,True,racerclassiccw_000389,0.40150749045000217
8,0,4,4082.0,5329.054289766071,10689.076923076924,0.5052912615337857,6320.0,1,0,,,ridethru_000552::1,ridethru_000552,2024-03-01,0,4909.8,True,ridethru_000552,0.47200220951376004
7,4,1,3212.230769230769,,3212.230769230769,,11198.236111111111,1,0,,,sudstop_000639::1,sudstop_000639,2024-03-01,1,11903.5,True,sudstop_000639,0.450405491647082
3,0,0,,,,,7800.944444444444,1,0,,,texaspridecw_000612::1,texaspridecw_000612,2024-03-01,0,6969.5,True,texaspridecw_000612,0.45216532177870156
10,7,1,24049.30769230769,,24049.30769230769,,12061.37037037037,1,0,,,visioncw_000617::1,visioncw_000617,2024-03-01,1,14501.2,True,visioncw_000617,0.20296649923388274
7,0,1,12988.307692307691,,12988.307692307691,,13135.244444444446,22,1,21970.23076923077,1.0,bigdans_000378::21,bigdans_000378,2024-04-01,0,14944.666666666666,True,bigdans_000378,0.34535606249274
11,2,0,,,,,18237.681818181816,45,0,,,bluewave_000567::65,bluewave_000567,2024-04-01,1,16284.888888888889,True,bluewave_000567,0.5794227738061782
3,1,0,,,,,10628.833333333334,47,9,10263.82905982906,1.0,championxpresscw_000216::53,championxpresscw_000216,2024-04-01,0,0.0,False,championxpresscw_000216,0.5855138792913114
11,0,2,8858.76923076923,1073.4424866705017,9617.807692307691,0.1116098929207161,5239.151515151516,47,9,10263.82905982906,1.0,championxpresscw_000216::54,championxpresscw_000216,2024-04-01,1,8095.555555555556,True,championxpresscw_000216,0.30715187255303017
31,0,5,2460.0,5173.919437532903,12405.0,0.4741480230337317,9523.49,15,0,,,clearwater_000397::16,clearwater_000397,2024-04-01,0,13237.2,True,clearwater_000397,0.5567349742546935
10,1,4,2372.923076923077,3860.524183884744,9761.0,0.4757675368342877,7404.800000000001,1,0,,,dinoclean_000636::1,dinoclean_000636,2024-04-01,1,11468.666666666666,True,dinoclean_000636,0.5015284716085563
4,2,2,1110.6153846153843,620.5133969058566,1549.3846153846152,0.4004902273744482,7361.722222222223,12,3,10096.675213675211,1.0,dirtydogs_000082::8,dirtydogs_000082,2024-04-01,0,5372.222222222223,True,dirtydogs_000082,0.4243580904470838
2,0,1,19449.384615384617,,19449.384615384617,,7291.833333333333,1,0,,,eightmile_000525::1,eightmile_000525,2024-04-01,0,4707.111111111111,True,eightmile_000525,0.1719432903528717
17,2,2,5433.692307692308,3209.3945013177736,7703.076923076924,0.416637991982535,8798.67857142857,16,0,,,gateexpress_000618::10,gateexpress_000618,2024-04-01,0,5223.555555555556,True,gateexpress_000618,0.4573227640627578
7,0,2,7725.615384615385,523.4221965660115,8095.7307692307695,0.0646541012153428,9653.611111111111,2,1,15843.153846153846,1.0,jammincw_000186::3,jammincw_000186,2024-04-01,1,7794.777777777777,True,jammincw_000186,0.2514051661941976
20,3,2,5433.692307692308,3209.3945013177736,7703.076923076924,0.416637991982535,8003.8039215686285,50,0,,,luvcarwash_000457::53,luvcarwash_000457,2024-04-01,1,8898.0,True,luvcarwash_000457,0.3333879298573582
2,0,2,1602.3846153846157,1763.5787051085713,2849.4230769230767,0.6189248340800818,3187.9166666666665,55,0,,,magnolia_000414::65,magnolia_000414,2024-04-01,0,7466.222222222223,True,magnolia_000414,0.5049467989843062
12,1,3,935.9230769230768,8357.614605583552,12352.53846153846,0.8218987680046764,6464.616666666667,8,1,3838.692307692307,0.0,rocketwashnc_000309::9,rocketwashnc_000309,2024-04-01,1,11604.888888888889,True,rocketwashnc_000309,0.6443911159629504
2,0,1,12094.307692307691,,12094.307692307691,,7129.833333333334,11,0,,,smittyscw_000489::15,smittyscw_000489,2024-04-01,0,4739.0,True,smittyscw_000489,0.33893892433983946
4,1,3,4337.153846153846,2864.9742845072055,8175.2307692307695,0.3827935671047789,5842.458333333333,1,0,,,unclecharlies_000603::1,unclecharlies_000603,2024-04-01,0,4240.333333333333,True,unclecharlies_000603,0.356548704572262
6,1,1,12988.307692307691,,12988.307692307691,,14027.033333333336,23,1,21970.23076923077,1.0,bigdans_000378::29,bigdans_000378,2024-05-01,1,12114.5,True,bigdans_000378,0.3569228631326047
3,1,2,9537.384615384615,1699.06880953263,10738.807692307691,0.1582176400038981,9943.333333333334,8,3,10313.897435897436,1.0,centurycarwash_000236::9,centurycarwash_000236,2024-05-01,0,5755.125,True,centurycarwash_000236,0.347288552384201
3,1,1,2006.5384615384617,,2006.5384615384617,,925.8333333333331,4,1,2006.5384615384617,0.0,circlek_000060::4,circlek_000060,2024-05-01,0,747.875,False,circlek_000060,0.37700994478968564
21,3,2,5433.692307692308,3209.3945013177736,7703.076923076924,0.416637991982535,8946.342592592593,18,0,,,gateexpress_000618::19,gateexpress_000618,2024-05-01,0,6159.375,True,gateexpress_000618,0.4636574929618131
21,1,2,5433.692307692308,3209.3945013177736,7703.076923076924,0.416637991982535,9481.13888888889,18,0,,,gateexpress_000618::20,gateexpress_000618,2024-05-01,1,8106.875,True,gateexpress_000618,0.4751607961119716
12,1,1,9972.46153846154,,9972.46153846154,,11775.757575757576,52,0,,,luvcarwash_000457::62,luvcarwash_000457,2024-05-01,0,5932.625,True,luvcarwash_000457,0.3536076247434272
9,1,4,387.0769230769231,5573.950737658664,865.0470085470085,1.5977877185415597,6396.309523809524,2,0,,,sudstop_000639::5,sudstop_000639,2024-05-01,1,23531.0,True,sudstop_000639,0.5523750251343453
2,0,0,,,,,5967.833333333333,2,0,,,sudstop_000639::6,sudstop_000639,2024-05-01,0,6636.125,True,sudstop_000639,0.3629782489954204
12,0,4,8935.76923076923,2448.4299476562287,9150.76923076923,0.2376748137949569,6122.354166666667,3,0,,,superduck_000438::4,superduck_000438,2024-05-01,1,10230.125,True,superduck_000438,0.2736675470202172
12,4,0,,,,,20234.01388888889,46,0,,,bluewave_000567::66,bluewave_000567,2024-06-01,1,12988.0,True,bluewave_000567,0.6102467101305716
3,0,3,4261.615384615385,4176.720409447852,8327.076923076924,0.4971739856684437,8799.75,1,0,,,feelgoodcw_000632::1,feelgoodcw_000632,2024-06-01,1,12307.714285714286,True,feelgoodcw_000632,0.47948121976475766
12,0,1,8775.692307692309,,8775.692307692309,,9603.883333333331,54,0,,,luvcarwash_000457::63,luvcarwash_000457,2024-06-01,1,11747.42857142857,True,luvcarwash_000457,0.32320787892502223
21,2,2,5433.692307692308,3209.3945013177736,7703.076923076924,0.416637991982535,9038.207407407408,58,0,,,magnolia_000414::70,magnolia_000414,2024-06-01,0,4129.0,True,magnolia_000414,0.640603242942148
20,7,10,0.0,4264.502901683374,1325.3846153846152,1.2672180698058964,5877.675925925925,1,0,,,mrsuds_000654::1,mrsuds_000654,2024-06-01,1,7745.857142857143,True,mrsuds_000654,0.5089946641285206
4,0,3,4261.615384615385,1367.6821274678089,5576.153846153846,0.2437346743771196,7509.833333333333,4,3,11925.205128205129,1.0,snapclean::6,snapclean,2024-06-01,0,6097.428571428572,True,snapclean,0.3928518459002799
3,0,1,7873.461538461538,,7873.461538461538,,4973.25,4,0,,,sudstop_000639::8,sudstop_000639,2024-06-01,1,7871.571428571428,True,sudstop_000639,0.30788701289807413
13,1,3,2446.5384615384614,1743.8455606075022,5251.2307692307695,0.3921103793900845,6198.242424242423,2,0,,,whitecap_000597::3,whitecap_000597,2024-06-01,0,5066.857142857143,True,whitecap_000597,0.3932056136221733
4,1,2,1921.428571428571,5712.358246613429,5960.675824175823,0.9583407008052264,5441.333333333333,1,0,,,bashamagical_000650::1,bashamagical_000650,2024-07-01,0,10150.333333333334,True,bashamagical_000650,0.5477924524345992
26,4,2,5433.692307692308,3209.3945013177736,7703.076923076924,0.416637991982535,8700.465217391304,20,0,,,gateexpress_000618::21,gateexpress_000618,2024-07-01,1,7646.666666666667,True,gateexpress_000618,0.4615468497582006
5,0,0,,,,,5172.966666666666,6,0,,,scrubblesstl_000578::11,scrubblesstl_000578,2024-07-01,0,5064.166666666667,True,scrubblesstl_000578,0.35930235013649936
8,3,4,4631.666666666667,5590.738604571106,6468.846153846154,0.6520416202990279,10155.5,5,0,,,shortmancw_000600::4,shortmancw_000600,2024-07-01,0,2328.5,False,shortmancw_000600,0.5582957055523481
2,1,1,22091.53846153846,,22091.53846153846,,18709.166666666668,9,2,15609.576923076922,1.0,sudsdeluxe_000305::10,sudsdeluxe_000305,2024-07-01,1,9958.666666666666,True,sudsdeluxe_000305,0.3927212227588098
6,0,2,6198.846153846154,3678.8590111963176,8800.192307692309,0.4180430248076058,8684.166666666666,13,3,9754.461538461535,1.0,tsunamicarwash_000122::16,tsunamicarwash_000122,2024-07-01,0,0.1666666666666666,False,tsunamicarwash_000122,0.4094592992879996
7,2,3,2372.923076923077,3769.1619334373754,8327.076923076924,0.5638562155890204,5721.116666666667,3,0,,,vibecw_000482::4,vibecw_000482,2024-07-01,1,12291.5,True,vibecw_000482,0.4260661031532468
10,0,4,7238.0,1186.9046162381107,8414.615384615385,0.1396029894422619,6311.148148148148,3,0,,,whitecap_000597::4,whitecap_000597,2024-07-01,0,6624.5,True,whitecap_000597,0.2971856167401773
8,1,3,18.076923076923077,7494.33985800603,22.153846153846153,1.7240359015538964,9759.0625,17,5,15861.030769230769,1.0,woodys_000289::20,woodys_000289,2024-07-01,1,8642.333333333334,True,woodys_000289,0.7030129026368567
9,1,2,3212.230769230769,3709.2102099580184,5835.038461538462,0.6356787936201624,12686.058333333334,1,0,,,coast2coastcw_000663::1,coast2coastcw_000663,2024-08-01,0,1558.8,False,coast2coastcw_000663,0.5719438763096113
3,0,0,,,,,13714.833333333332,3,0,,,dinodashcw_000486::4,dinodashcw_000486,2024-08-01,0,8234.4,True,dinodashcw_000486,0.582143299788559
5,0,4,4261.615384615385,3541.4715283055452,9319.0,0.3988851958981982,8165.083333333334,1,0,,,dinoexpress_000643::1,dinoexpress_000643,2024-08-01,0,5352.4,True,dinoexpress_000643,0.4112036015462007
3,1,0,,,,,,3,0,,,happycarwash_000394::4,happycarwash_000394,2024-08-01,0,11527.8,True,happycarwash_000394,0.4351896594706655
12,1,3,12988.307692307691,2118.7735608995276,16557.615384615383,0.1372946679877074,12953.174242424242,1,0,,,linkscw_000673::1,linkscw_000673,2024-08-01,0,9972.2,True,linkscw_000673,0.272235569518033
16,2,5,4337.153846153846,2250.9870074463574,9051.46153846154,0.2711037570715719,5709.1875,61,0,,,luvcarwash_000457::64,luvcarwash_000457,2024-08-01,0,4729.4,True,luvcarwash_000457,0.24889260685200448
16,2,5,4337.153846153846,2250.9870074463574,9051.46153846154,0.2711037570715719,5709.1875,61,0,,,luvcarwash_000457::65,luvcarwash_000457,2024-08-01,0,3143.2,True,luvcarwash_000457,0.24889260685200448
11,1,4,7725.615384615385,5725.707582260401,8539.73076923077,0.5146881383583544,11493.8,8,3,12083.333333333334,1.0,radiantcw_000133::9,radiantcw_000133,2024-08-01,0,3816.8,True,radiantcw_000133,0.563458180982676
6,0,0,,,,,4704.833333333333,7,0,,,scrubblesstl_000578::10,scrubblesstl_000578,2024-08-01,0,4005.0,True,scrubblesstl_000578,0.35528139342698184
4,1,0,,,,,9233.5,1,0,,,sharkbaycw_000660::1,sharkbaycw_000660,2024-08-01,0,4188.0,True,sharkbaycw_000660,0.4002345496263925
6,0,2,10168.153846153846,9521.301594335506,16900.73076923077,0.5633662664853435,9185.305555555557,14,0,,,smittyscw_000489::11,smittyscw_000489,2024-08-01,0,7524.0,True,smittyscw_000489,0.5997606260354762
8,1,3,2372.923076923077,3769.1619334373754,8327.076923076924,0.5638562155890204,5729.86111111111,4,0,,,vibecw_000482::5,vibecw_000482,2024-08-01,0,10848.6,True,vibecw_000482,0.42764002309404314
3,0,1,13598.0,,13598.0,,8248.833333333334,4,0,,,whitecap_000597::5,whitecap_000597,2024-08-01,0,9913.0,True,whitecap_000597,0.29680192249900433
3,0,1,13429.692307692309,,13429.692307692309,,9377.388888888889,20,7,9785.076923076924,0.5714285714285714,192616splash::23,192616splash,2024-09-01,0,7627.0,True,192616splash,0.27493324999637675
3,0,1,9655.153846153846,,9655.153846153846,,7667.0,25,1,21970.23076923077,1.0,bigdans_000378::32,bigdans_000378,2024-09-01,0,8508.25,True,bigdans_000378,0.3385351644249132
3,1,2,16941.0,2680.1522720143025,18836.153846153844,0.142287660947384,18855.05555555556,25,1,21970.23076923077,1.0,bigdans_000378::33,bigdans_000378,2024-09-01,0,14045.75,True,bigdans_000378,0.3309324302317837
12,1,3,2446.5384615384614,1603.000812701816,3845.6153846153848,0.4028860155785532,6952.454545454545,11,1,12334.46153846154,1.0,bigpeachcw_000300::15,bigpeachcw_000300,2024-09-01,0,2576.0,False,bigpeachcw_000300,0.35721753741141515
3,0,1,2054.0,,2054.0,,4525.388888888889,1,0,,,bluerainexp_000678::2,bluerainexp_000678,2024-09-01,0,5447.0,True,bluerainexp_000678,0.4250988611483639
3,1,0,,,,,13919.555555555557,25,14,10908.032967032968,0.7857142857142857,caliberocala_000153::27,caliberocala_000153,2024-09-01,0,7061.5,True,caliberocala_000153,0.6708964389789304
11,0,4,4337.153846153846,2500.2938024598893,8712.653846153848,0.3154623351367108,6620.266666666666,25,14,10908.032967032968,0.7857142857142857,caliberocala_000153::28,caliberocala_000153,2024-09-01,0,7108.5,True,caliberocala_000153,0.45117786498359863
11,7,1,24049.30769230769,,24049.30769230769,,14026.166666666666,4,0,,,expresswash_000431::6,expresswash_000431,2024-09-01,0,15291.0,True,expresswash_000431,0.23153461450876067
5,1,4,1602.3846153846157,1067.9367912653197,2793.346153846154,0.3785151394964053,2334.633333333333,1,0,,,jiffylube_000670::1,jiffylube_000670,2024-09-01,0,92.5,False,jiffylube_000670,0.3117426091909265
4,1,3,1759.076923076923,1081.3540337702009,2063.5384615384614,0.42751231478948,3289.0,3,1,5044.846153846154,0.0,midtowncw_000328::4,midtowncw_000328,2024-09-01,0,4564.75,True,midtowncw_000328,0.330179283934216
7,2,1,7725.615384615385,,7725.615384615385,,7291.750000000001,9,3,12083.333333333334,1.0,radiantcw_000133::10,radiantcw_000133,2024-09-01,0,3513.5,True,radiantcw_000133,0.37736456701201954
5,1,2,3286.153846153846,5564.712796620841,7221.0,0.770629109073652,7109.625,1,0,,,unrivaledcw_000652::1,unrivaledcw_000652,2024-09-01,0,10852.5,True,unrivaledcw_000652,0.510380689219754
3,1,1,11590.153846153846,,11590.153846153846,,11174.055555555557,10,2,12477.692307692309,1.0,washrite_000380::10,washrite_000380,2024-09-01,0,12780.5,True,washrite_000380,0.36895482650939904
3,2,1,13598.0,,13598.0,,4844.5,15,4,6228.0192307692305,0.25,zippycarwash_000145::17,zippycarwash_000145,2024-09-01,0,2382.75,False,zippycarwash_000145,0.2424789292192361
