client_id_location_id,site_train_mean,site_train_median,site_train_max,site_train_std,site_train_months,site_train_recent6
360carwash_1,13620.7,13363.0,18425.0,2646.6301865663895,10,15002.0
alohacarwash2_1,4497.5,4588.5,7277.0,1349.3490349727226,12,4380.166666666667
alohacarwash2_2,6494.5,6718.5,10541.0,2127.744153280225,12,6119.666666666667
alohacarwash_1,4031.1666666666665,3998.0,5352.0,809.9679941301085,12,3906.6666666666665
alpineshell_1,2705.0,3032.0,3808.0,847.8213255161727,11,2645.3333333333335
alpinewash_1,12746.666666666666,13166.5,15162.0,1673.5652923859254,12,12807.333333333334
altontowncenter_1,6484.083333333333,6337.0,8527.0,1335.20256946845,12,6341.333333333333
americanpride_1,15438.916666666666,14905.5,20795.0,2831.534837835972,12,13912.666666666666
americanpride_3,17834.75,17018.0,22505.0,2902.8103663049155,12,16724.0
americanpride_4,23109.166666666668,22488.5,31347.0,4288.239071382721,12,21521.333333333332
americanpride_5,11228.25,10925.5,14580.0,1863.3202586682828,12,10613.166666666666
aquabluecarwash_1,15281.5,15450.5,18952.0,2612.433853012098,12,15635.166666666666
aquabluecarwash_3,8038.583333333333,8179.5,10267.0,1670.6538436048072,12,8620.666666666666
aquabreezecarwash_1,15499.5,15480.5,20069.0,2934.62051131906,12,16714.833333333332
aquabubblecarwash_1,9995.583333333334,10258.0,12503.0,1765.1987505059822,12,9400.666666666666
aquashineexpress_1,5660.416666666667,5641.5,8473.0,1196.2115545894605,12,5252.666666666667
aquashineexpress_3,4325.0,4325.0,4746.0,595.383909759073,2,4325.0
arcowash_1,2106.9166666666665,2240.0,3511.0,738.1679358487141,12,2063.5
atlanticcitycarwash_1,15816.083333333334,16292.5,19356.0,2465.589749047084,12,15890.833333333334
atlanticexpress_1,11936.666666666666,12961.5,14674.0,2731.971526982378,12,13700.666666666666
autobahnautocarecenter_1,10120.5,10719.0,14031.0,3055.411131389389,12,10951.666666666666
autobahnautocarecenter_3,1403.0,356.5,4411.0,1630.8124021202104,12,2574.0
autobriteexpress_1,6925.416666666667,7081.5,9141.0,1440.2394660947775,12,6913.0
autosoak_1,6807.583333333333,7078.0,8626.0,1045.9785725541533,12,6598.0
autosportcarwash_1,8344.25,8370.5,10607.0,1499.4176521084928,12,8284.333333333334
autowashexpress_1,5682.416666666667,5405.5,7454.0,1066.3400837642857,12,5019.0
bamboocarwash_1,26885.0,26154.5,32825.0,4403.211307464339,12,27260.666666666668
bashamagicaltouchcarwash_1,12574.0,12452.0,14185.0,1254.0448556570855,5,12574.0
beachbumexpress_1,9061.166666666666,9690.5,12655.0,2880.38727930601,12,11077.333333333334
bellastonecarwash_1,3309.8333333333335,3347.0,4156.0,586.4957309514217,12,3267.5
bigdripcarwash_1,7811.0,8011.0,8217.0,442.29684602085973,5,7811.0
bighorncarwash_1,3055.0,3055.0,3055.0,,1,3055.0
bigkahunacarwash_1,4410.25,4437.5,6206.0,1243.5915819622103,12,4343.5
bigpeachcarwash_1,17548.666666666668,17323.5,21029.0,2762.1625695469234,12,17527.333333333332
bigpeachcarwash_10,9339.4,9074.0,11709.0,1390.766471330747,10,9471.833333333334
bigpeachcarwash_12,8371.727272727272,8097.0,10303.0,1498.526815970211,11,8326.833333333334
bigpeachcarwash_3,12618.5,12531.0,15691.0,2387.8794510459006,12,12559.166666666666
bigpeachcarwash_5,11039.916666666666,10898.0,14262.0,2093.065540316549,12,11281.833333333334
bigpeachcarwash_7,6216.25,6022.0,8253.0,1540.2782585092746,12,6391.333333333333
bigpeachcarwash_9,3268.3333333333335,3236.0,4327.0,565.1785116226554,9,3363.6666666666665
bigrivercarwash_4,3521.125,3396.5,5158.0,1118.8172884792227,8,3614.6666666666665
blastcarwash_1,14284.8,13698.0,18090.0,2210.522049954113,10,14693.333333333334
bluebuffalocarwash_1,7987.0,7987.0,7987.0,,1,7987.0
bluecowcarwash_1,25254.916666666668,25601.0,30322.0,3525.6907629655498,12,24452.166666666668
blueiguana_1,17366.416666666668,17736.0,22258.0,3092.5024423693835,12,16229.5
blueiguana_3,14522.416666666666,14773.0,18046.0,2386.6302017063663,12,13763.833333333334
blueiguana_4,8078.416666666667,8295.5,10264.0,1369.596719564713,12,7906.333333333333
blueiguana_5,13711.166666666666,14118.5,17260.0,2332.6038448415748,12,13171.333333333334
blueiguana_6,5499.5,5547.0,7519.0,1057.2166287000978,12,5389.5
blueiguana_7,14337.833333333334,14585.0,18253.0,2461.712073605143,12,13382.0
bluepenguincarwash_1,10705.75,10731.0,12864.0,1652.9538367309706,12,10371.0
bluepenguincarwash_2,10303.166666666666,9916.5,12497.0,1761.8278129329897,12,9754.166666666666
bluepenguincarwash_3,4731.416666666667,4752.0,6264.0,904.862968865586,12,4663.666666666667
bluerainexpress_2,5476.333333333333,5557.0,5786.0,356.9038152406519,3,5476.333333333333
blueskyenglewood_1,3610.9166666666665,3488.5,4576.0,525.7276270834432,12,3587.5
bluewave_65,15597.4,17124.0,25124.0,8511.37226303726,5,15597.4
blupalmexpress_1,5758.916666666667,5404.5,9360.0,1680.879664630903,12,4667.666666666667
blusaharacarwash_1,10315.0,10315.0,10315.0,,1,10315.0
bluwavefl_1,11007.666666666666,12906.0,16246.0,3722.586466423581,9,13079.166666666666
bocabestcarwash_1,3205.75,3680.5,4810.0,1064.5086040900835,12,2624.1666666666665
brickyardcarwash_1,15461.583333333334,16519.5,21998.0,4018.6921087776204,12,13452.5
brookhurstexpresscarwash_1,9646.416666666666,10644.5,12509.0,2789.43814669593,12,11475.0
bubbasexpresscarwash_1,19106.416666666668,20870.5,24693.0,5293.272307344198,12,20176.0
bubblebay_1,11456.363636363636,11804.0,17401.0,3557.881680796237,11,13142.333333333334
bubbledown_1,25611.25,24367.5,33741.0,4564.226213918214,12,24117.166666666668
bubbledown_4,19378.416666666668,19257.0,24801.0,3480.713105054332,12,19580.333333333332
bubbledown_5,12043.763333333334,13409.0,19166.0,6259.719919966406,12,14717.333333333334
bubbledown_6,13574.0,13574.0,13574.0,,1,13574.0
buffitautowash_1,7703.0,7962.5,9738.0,1506.5195288840735,12,7282.166666666667
buffitautowash_2,5043.583333333333,5266.0,7220.0,1175.5928066170263,12,5078.5
buffitautowash_4,6690.0,6690.0,6736.0,65.05382386916237,2,6690.0
buggybath_1,4229.833333333333,4380.0,5825.0,973.7483185499154,12,4046.6666666666665
bulldogcarwash_1,2225.0,2233.0,2909.0,479.0665165430864,12,2152.3333333333335
bulldogexpress_1,6320.0,6320.0,6320.0,,1,6320.0
cadillacexpresscarwash_1,11849.333333333334,11621.0,15619.0,1867.0786774741946,12,11039.833333333334
cadillacexpresscarwash_3,15327.666666666666,15436.5,19965.0,2502.6176598743878,12,14209.166666666666
cadillacexpresscarwash_6,5934.666666666667,5777.5,7900.0,990.5748866494678,12,5579.333333333333
cadillacexpresscarwash_7,8332.25,8255.5,9963.0,925.2205756663454,12,8423.0
cadillacexpresscarwash_8,8976.111111111111,9234.0,12377.0,2326.3623666813196,9,10234.666666666666
cajunclean_2,8848.416666666666,8905.0,11377.0,1496.8057782754538,12,8376.5
cantonautowash_1,5045.75,4796.5,7260.0,1009.1925778021305,12,4649.0
capitolcarwash_1,7242.833333333333,8075.5,8660.0,1489.9144474116829,12,7443.666666666667
carismacarwash_1,4849.083333333333,4821.5,5560.0,550.7483270033326,12,4994.5
carmelcarwash_2,8755.25,8779.0,10696.0,1406.4846652688263,12,8440.666666666666
carmelcarwash_3,10246.333333333334,10797.5,12123.0,1599.4433311927532,12,9714.5
carmelcarwash_4,7931.5,7819.5,9903.0,1216.6572311796851,12,8191.166666666667
carrollcleancarwash_1,16685.0,16243.5,23452.0,3260.668252758237,12,16891.833333333332
carwashcafe_1,2343.1666666666665,2335.0,3175.0,507.88041422318605,12,2004.3333333333333
carwashcompany_1,4758.090909090909,4708.0,6769.0,957.513702726541,11,5246.833333333333
carwashpalace_1,5657.333333333333,5694.0,6920.0,770.5350364676757,12,5232.833333333333
cascadecarwash_3,4785.5,4587.0,6864.0,1133.3342717082949,8,5213.5
centurycarwash_1,11124.75,11296.5,15428.0,2570.2022603466266,12,11027.0
centurycarwash_2,11058.666666666666,10980.5,14397.0,2389.2181046348933,12,10667.666666666666
centurycarwash_4,10442.25,10503.0,13497.0,2221.12220305617,12,10078.666666666666
centurycarwash_5,13111.333333333334,14213.5,18651.0,3300.100586162168,12,11447.0
centurycarwash_6,8373.166666666666,8258.5,11463.0,1939.586546070314,12,8361.5
centurycarwash_7,10877.25,10906.5,15090.0,2584.4170830365033,12,11231.5
centurycarwash_8,8394.5,8472.0,12050.0,2157.0732907850356,12,8705.666666666666
centurycarwash_9,5798.0,5792.0,8376.0,1644.3992824128818,7,5677.333333333333
chagrinautospa_1,3385.6666666666665,3265.5,4906.0,758.7901055248575,12,3013.1666666666665
championcw_1,5196.416666666667,5282.5,6795.0,1197.481558661065,12,4989.333333333333
championcw_10,5337.166666666667,5448.5,6975.0,1147.6531653242578,12,4965.166666666667
championcw_2,5848.75,5893.5,7539.0,1308.8062656134753,12,5565.666666666667
championcw_3,5212.916666666667,5410.0,6663.0,1210.0055941518565,12,4994.166666666667
championcw_9,4453.583333333333,4363.0,6146.0,1062.2852260646157,12,4338.5
championscarwash_1,11466.083333333334,11199.5,13902.0,1568.0420598680225,12,11565.5
champscarwash_1,2740.75,2824.5,3447.0,578.111364704068,12,2681.3333333333335
chandicarwash_1,361.1666666666667,320.0,721.0,174.1450979830186,12,301.1666666666667
chemicalguyscarwash_1,8792.75,8920.5,13673.0,3480.431246137597,12,11611.666666666666
circlek_1,1352.75,1503.5,1839.0,382.2928732125292,12,1118.1666666666667
circlek_2,1160.4166666666667,1192.0,1623.0,363.6715446996677,12,922.8333333333334
circlek_3,1368.6666666666667,1420.5,1832.0,358.37977148000493,12,1270.0
circlek_4,751.0,859.0,966.0,221.29919415427915,7,732.5
classicautowash_1,12255.083333333334,11818.0,17450.0,2336.8459885586003,12,10698.666666666666
classictouchcarwash_1,4430.583333333333,4200.5,6835.0,1111.0730651314548,12,4036.5
classieexpresscarwash_1,2188.0,2081.5,3633.0,563.2210933549986,12,2411.5
clean_2,12525.25,12412.5,16068.0,2711.4302205494964,12,12960.0
clean_4,7681.0,7203.0,10434.0,1262.7116654248505,9,7656.666666666667
cleancarwash_1,1991.0833333333333,2219.0,2692.0,523.4076211508464,12,1806.1666666666667
cleanwave_1,16145.416666666666,17513.0,19546.0,3737.73549475988,12,18367.5
cleanwheels_1,6597.916666666667,6618.5,8095.0,1132.663270055727,12,5935.0
clearwater_16,12520.875,11145.5,19806.0,3135.4756502915834,8,13123.333333333334
clearwater_17,17818.0,17317.0,24744.0,3526.2195053626474,8,17738.666666666668
clearwater_19,13699.25,13850.0,14490.0,788.4792852912076,4,13699.25
clearwater_20,11295.666666666666,11273.0,11384.0,79.46277954698856,3,11295.666666666666
clostercarwash_1,4006.0833333333335,4134.5,5921.0,983.2819311167099,12,4010.8333333333335
coast2coast_1,1491.75,1462.5,1863.0,362.21114928542255,4,1491.75
coastalcarwash_1,12461.416666666666,11578.0,16311.0,1969.0196664761113,12,11742.666666666666
coastalcarwash_3,51.579999999999984,51.579999999999984,51.579999999999984,0.0,12,51.579999999999984
colonialcarwash_1,13829.333333333334,13686.5,17895.0,2387.0380403463632,12,12516.666666666666
colonialcarwash_3,11798.25,11602.0,18733.0,3126.46655405689,12,9925.5
colonialcarwash_4,8196.25,8108.5,12211.0,1934.4956178432005,12,7494.333333333333
colonialcarwash_6,4980.416666666667,4983.5,7567.0,1396.0100584642407,12,4245.5
completeautodetail&carwash_1,936.75,969.0,1163.0,145.5735521683424,12,930.3333333333334
controlstrainingclassroom_1,115.5,116.5,170.0,34.79158727989491,12,128.66666666666666
coolcleancarwash_1,4340.333333333333,4371.0,5545.0,663.1022591279615,12,4051.3333333333335
coralspringsclassiccarwash_1,3704.0833333333335,3946.5,4747.0,653.7272795750579,12,3372.0
cosmicexpress_1,15178.142857142857,15967.0,17750.0,1994.4168260898914,7,15009.833333333334
crownamerica_1,4857.381666666667,5576.0,8761.0,3177.1764713108896,12,7538.5
crystalcleanautospa_1,6219.583333333333,6090.0,7769.0,1033.372629995706,12,6033.833333333333
davidchevrolet_1,3232.5833333333335,3252.0,4399.0,810.085793249235,12,2966.3333333333335
daybreak_1,2513.25,2758.0,3397.0,637.4447747915823,12,2325.0
deepcleancarwash_1,3047.4545454545455,3102.0,4452.0,879.5501536167637,11,3689.1666666666665
detricks_4,14878.25,14231.0,18761.0,2296.8252050879432,12,14615.5
dinoclean_1,11892.5,10844.5,18259.0,3046.78420633953,8,12305.333333333334
dinodashwash_1,13497.416666666666,13770.0,15146.0,1498.0664178948282,12,13884.333333333334
dinodashwash_2,25692.583333333332,26366.5,30375.0,2787.1497483445282,12,25252.666666666668
dinodashwash_4,7694.75,7705.0,8184.0,501.43751687855723,4,7694.75
dixhillcarwashnew_1,3010.0833333333335,3072.5,3727.0,447.2622696794219,12,3039.6666666666665
dragonsedge_1,12853.0,12853.0,13158.0,431.335136523794,2,12853.0
dripautospa_1,8961.666666666666,9265.0,10758.0,1275.1911324356142,12,9259.5
dripcarwash_1,10295.833333333334,9984.0,13832.0,1509.4259494820205,12,10776.333333333334
drivethruexpress_1,10195.333333333334,10774.0,13313.0,2872.6344049047425,12,11798.166666666666
edgeexpress_1,24113.5,23028.5,30711.0,3841.051454058806,12,22809.833333333332
edgeexpress_2,11107.166666666666,10877.5,14843.0,1931.5509940004804,12,10393.666666666666
edgeexpress_4,2832.5833333333335,2661.0,4026.0,662.2502216387745,12,2707.0
edgeexpress_5,15520.833333333334,15265.5,19298.0,2623.610414307087,12,14907.666666666666
edgeexpress_6,8967.5,8940.0,12111.0,2132.963133125542,12,8617.166666666666
edgeexpress_8,13962.416666666666,13596.0,18857.0,2620.8791883062772,12,14363.0
elitecarwash_1,4420.0,4182.5,6102.0,1217.9764248246233,8,4026.0
elksedge_1,12189.75,11750.5,15573.0,2088.587044130335,12,12181.166666666666
encinitascarwash_1,5547.583333333333,5696.5,6805.0,1353.7031672975852,12,6177.0
encinocarwash_1,22775.083333333332,25414.0,27527.0,5541.856342390786,12,26485.0
englewoodcarwash_1,1853.0,2146.5,2787.0,801.0379630091312,12,1517.3333333333333
euclidanaheimcarwash_1,11690.5,11690.5,12275.0,826.607827207074,2,11690.5
evanstoncarwash_1,3646.5,3841.5,4628.0,738.8010557653529,12,3800.1666666666665
evergreencarwash_1,8462.333333333334,9673.0,10758.0,2529.6950540859007,6,8462.333333333334
expressonvaughn_1,5576.666666666667,5448.0,6956.0,872.1734953898829,12,5550.5
expresswash_1,17362.083333333332,16732.5,21683.0,2160.6677191146823,12,16908.0
expresswash_3,11738.25,11251.0,15035.0,1787.4329040172765,12,10449.833333333334
expresswash_4,12307.0,12409.5,14022.0,1426.3183375389945,12,12216.5
expresswash_6,18646.75,17615.0,22079.0,2299.480575405382,4,18646.75
expressway55_1,2717.0833333333335,2627.0,3695.0,616.4666854278698,12,2622.6666666666665
extremeexpress_1,24195.0,25041.0,30669.0,5806.474834182958,12,26354.333333333332
fastlaneexpresscarwash_1,4069.25,4007.5,6334.0,1172.2578932051676,12,3355.6666666666665
fastlapcarwash_1,8160.0,8239.0,9211.0,709.9544159502585,12,8448.833333333334
fastnfurious_1,5045.1,5079.0,6853.0,1400.269850977145,10,5446.833333333333
fastpasscarwash_1,5611.166666666667,5658.0,9251.0,2354.8533956812503,12,6397.333333333333
fasttrac_1,7508.416666666667,7799.5,9133.0,1245.6796216110183,12,7569.833333333333
feelgreatcarwash_1,12671.57142857143,11558.0,17922.0,3144.6416254290334,7,13160.0
finenshine_1,3363.3333333333335,3376.0,4207.0,455.0011654996727,12,3306.6666666666665
finzcarwash_1,1665.4166666666667,1682.5,2478.0,443.5430610095224,12,1383.8333333333333
firehosecarwash_1,6054.0,5275.0,9111.0,1969.8700926249383,12,7198.166666666667
fivestar_5,17124.75,16871.0,22053.0,2775.27876159233,12,16788.666666666668
fivestar_6,5422.583333333333,5316.0,8006.0,1320.3733947316387,12,5073.0
fivestar_7,12620.166666666666,12483.5,16007.0,2059.2397464436563,12,13691.333333333334
flawlessautobathinc_1,4810.583333333333,4764.5,5939.0,655.8991688491225,12,4684.5
floriscarwash_3,7925.0,7923.5,12019.0,2592.116614941262,12,7731.0
foamworksexpress_10,8533.0,8682.5,11111.0,1392.4296620067973,12,8835.0
foamworksexpress_3,7930.833333333333,8305.0,9835.0,1278.2733263937323,12,7419.166666666667
foamworksexpress_6,12341.583333333334,12321.0,15051.0,1581.357440954007,12,11470.5
foamworksexpress_7,5031.166666666667,5277.5,6163.0,774.6752789903572,12,4794.0
foamworksexpress_8,6002.5,6125.0,7289.0,978.0189159724878,12,5770.5
foamworksexpress_9,6812.333333333333,6878.5,8264.0,1059.1459967465498,12,6416.166666666667
foothillscarwash_1,3074.9166666666665,3129.0,3856.0,517.5960970650472,12,3201.3333333333335
fordroadcarwash_1,8798.666666666666,9323.5,13421.0,3123.4306410895324,12,10414.5
freedomexpress_1,4703.75,4647.5,5312.0,513.0577452879938,4,4703.75
freshwash_3,4710.4,4604.0,6002.0,632.4719053927305,10,4703.333333333333
galaxycarwash_1,8461.0,8461.0,8461.0,,1,8461.0
gallocarwash_1,13329.166666666666,13583.0,17974.0,2299.188545921576,12,12756.5
gallocarwash_3,7647.25,7011.0,14582.0,3293.1647718092872,8,8720.5
gateexpress_10,8199.777777777777,8342.0,10214.0,1010.296587366524,9,8345.166666666666
gateexpress_11,15334.3,14420.0,19794.0,2440.1627928389435,10,14049.0
gateexpress_12,15053.555555555555,14969.0,16705.0,1227.4092747644438,9,14890.5
gateexpress_13,18616.11111111111,18490.0,20760.0,1256.9873154137679,9,18408.666666666668
gateexpress_14,16104.222222222223,16145.0,17930.0,1165.6589099923033,9,15882.833333333334
gateexpress_15,12750.0,12466.5,16281.0,1721.121598131741,10,11904.0
gateexpress_17,20250.88888888889,19769.0,25428.0,2248.0388922594534,9,20853.666666666668
gateexpress_18,10365.9,10365.5,11962.0,1220.0241755346037,10,9939.0
gateexpress_19,6561.5,6152.0,9613.0,1784.915364139952,8,6999.833333333333
gateexpress_2,15770.333333333334,14997.5,20093.0,2525.342509023041,12,14161.5
gateexpress_20,7553.75,6833.0,11274.0,2273.133127268554,8,8200.166666666666
gateexpress_21,7678.4,7577.0,9380.0,1406.7971779897766,5,7678.4
gateexpress_4,18648.583333333332,18148.0,22227.0,2143.465013745621,12,17254.0
gateexpress_5,16802.909090909092,16568.0,20364.0,2326.1403850389365,11,15053.666666666666
gateexpress_6,19347.81818181818,19565.0,21720.0,2072.1043322275937,11,17972.0
gateexpress_7,20211.636363636364,19376.0,24681.0,2936.2671633462537,11,17858.833333333332
gateexpress_8,16808.272727272728,16302.0,22342.0,2963.408311080641,11,14879.166666666666
gateexpress_9,17682.7,16829.5,23634.0,3594.406025726333,10,15347.166666666666
glacierexpress_3,8878.0,8743.0,11501.0,1770.7048416841346,12,9221.833333333334
glocarwash_1,4962.583333333333,5061.0,5922.0,674.7987522666341,12,5143.666666666667
glosscarwash_1,11214.5,11199.5,13497.0,1614.365256631281,12,11119.0
gocleancarwash_1,8551.583333333334,8457.0,12200.0,1920.24995808232,12,7770.0
gocleancarwash_2,5221.666666666667,5110.5,8162.0,1122.2999383031045,12,4779.0
gocleancarwash_3,6984.916666666667,7084.5,8731.0,1069.2482030365866,12,6818.0
gocleanpensacola_2,5425.5,5142.0,7209.0,1046.2777746937866,12,5329.833333333333
gogreennclean1_1,12161.0,11160.0,18142.0,2698.6384445763483,12,11748.666666666666
gogreennclean1_3,1920.6666666666667,1853.0,2189.0,241.71126025349614,3,1920.6666666666667
googie_1,20156.0,21092.0,25833.0,4999.984072701905,12,23094.5
goshine_1,15251.0,15251.0,15251.0,,1,15251.0
grandprixcarwash_1,2859.25,3263.5,3974.0,852.3915153581395,12,2823.5
greatnorthautowash_1,5595.666666666667,5455.5,7878.0,1365.6581718805926,12,4890.666666666667
greenoceancarwash_1,8259.416666666666,8290.5,11481.0,1508.3977928633922,12,7865.0
greenwayautowash_1,7697.6,7633.5,8937.0,536.2758825662611,10,7701.5
grimescene_1,12628.166666666666,13231.0,14813.0,1706.2108914376927,12,12860.5
gwatzillacarwash_1,8336.5,8391.0,10411.0,1580.429141950778,12,7989.833333333333
h2glocarwash_1,4445.083333333333,4315.0,6497.0,1153.8505857529492,12,3826.0
h2oautospa_1,5818.916666666667,5858.0,7799.0,957.9912182491154,12,5774.166666666667
haffners_1,7344.916666666667,6733.5,11556.0,1703.5714067448969,12,6425.666666666667
haffners_10,8111.416666666667,7425.5,15727.0,2688.851646008464,12,6774.5
haffners_2,8355.0,7711.5,12458.0,1678.843378909746,12,7392.166666666667
haffners_3,9116.916666666666,8602.5,13219.0,1756.8059580506963,12,8110.333333333333
haffners_5,3736.0,3132.5,7349.0,1322.150933482668,12,2876.6666666666665
haffners_6,8037.0,7129.5,13881.0,2310.069223677468,12,6527.833333333333
haffners_7,8273.416666666666,7870.0,12170.0,1704.468216633901,12,7411.166666666667
haffners_8,8315.583333333334,7769.5,14906.0,2340.516083661633,12,7180.666666666667
happycarwash2_1,3840.5,3942.0,5029.0,1034.9609127445783,12,4461.166666666667
havasuexpress_1,2555.3333333333335,2555.5,3390.0,491.12030248723323,12,2649.0
heroescarwash_10,16043.25,15412.5,18127.0,1395.6270693371732,4,16043.25
heroescarwash_3,18097.333333333332,17986.5,22595.0,2642.6588997837125,12,18660.5
heroescarwash_8,21608.166666666668,20996.0,27671.0,3405.287461723268,12,21338.166666666668
heroescarwash_9,12034.5,12154.5,15177.0,2380.0210274090214,12,12166.166666666666
hippocarwash_1,8577.5,9506.0,12187.0,2592.411180209021,12,8507.333333333334
hitechautocare_1,4200.916666666667,4326.0,4914.0,582.162654299128,12,3980.3333333333335
ikocarwash_1,6056.75,6200.5,7773.0,1016.0740958128093,12,5630.166666666667
imperialcarwash_1,9152.666666666666,8565.5,12831.0,1640.7031936633055,12,8359.333333333334
internationalautospa_1,8637.083333333334,7933.5,12216.0,1874.499616059193,12,7457.833333333333
jammincarwash_1,15995.833333333334,15090.5,21183.0,2902.2738682041386,12,14261.333333333334
jammincarwash_3,5855.375,5872.5,8793.0,1693.9608645757685,8,6552.166666666667
jcautowash_1,759.0833333333334,755.5,1141.0,190.32721027140855,12,735.0
jetexpresscarwash_1,4747.5,4681.5,7224.0,1239.050406194562,12,4227.666666666667
jetexpressfranklin_1,9254.916666666666,8924.0,12292.0,1722.0517075086136,12,9737.666666666666
jimmysudscarwash_1,11214.25,10803.5,13991.0,1550.2136582947642,12,10140.5
jjexpresscarwash_1,8368.083333333334,8269.5,11735.0,1660.3226114952556,12,7490.166666666667
jjscarwash_1,11197.166666666666,10798.5,14354.0,1560.628010731189,12,10553.166666666666
jjscarwash_3,16000.583333333334,15426.5,20910.0,2336.32175781946,12,15083.833333333334
jjscarwash_4,13147.583333333334,12959.0,16648.0,2031.983780283035,12,12492.166666666666
joehollandexpresscarwash_1,6005.333333333333,5883.0,7096.0,1034.9368740813777,3,6005.333333333333
julescarwash_1,8166.083333333333,8028.0,10782.0,1354.2308423021625,12,7555.833333333333
julescarwash_2,4554.916666666667,4366.0,6265.0,815.0372504965461,12,4174.0
jupitergalaxycarwash_1,1332.7,1352.5,1821.0,289.405540145082,10,1233.3333333333333
kindcarwash_1,15306.166666666666,15691.5,19115.0,2154.275656934508,12,15131.666666666666
kiwicarwash_1,27683.25,26271.5,34883.0,3812.885715212655,12,25304.666666666668
kiwicarwash_3,9108.0,8170.0,11359.0,1554.173896319199,5,9108.0
koalacarwash_1,5926.583333333333,5980.0,8285.0,1361.2385041393427,12,5635.166666666667
kuhnsvillecarwash_1,6472.333333333333,5947.5,9854.0,1519.368010560691,12,6288.166666666667
kwikcarwash_1,774.8333333333334,789.0,1220.0,250.69896229735315,12,794.0
lakesedge_1,7591.916666666667,7332.5,10089.0,1353.8800442588788,12,7514.833333333333
lathroparcocarwash_1,3340.4166666666665,3595.5,4993.0,1311.8990716676435,12,3761.5
laxpresscarwash_1,2766.9166666666665,2412.0,6179.0,1394.9676085084839,12,3160.3333333333335
legacyexpresswash_1,11382.583333333334,11745.0,14419.0,1933.6846343578147,12,11872.166666666666
lexingtonautospa_1,3343.25,3494.0,4649.0,759.2373116849207,12,3251.5
licketysplitexpress_1,9243.142857142857,9353.0,10835.0,920.1785023518405,7,9224.833333333334
lightningfast_1,3620.5,3575.5,4156.0,438.41024788951444,12,3438.3333333333335
linkscarwash_1,13702.0,13555.0,14945.0,991.8988523702071,4,13702.0
liquidsunshine_1,4631.5,4389.5,6514.0,1045.0574146906952,12,3784.6666666666665
localcarwash_1,2825.3333333333335,2684.5,4076.0,535.2108052539728,12,2711.5
lonestarsudsexpress_2,24930.25,25850.5,29869.0,3310.833652914734,12,26056.333333333332
louisvillehondaworld_1,3226.1666666666665,3496.0,3914.0,681.6445132356325,12,3120.6666666666665
luvcarwash_39,5051.965,5073.5,7115.0,1893.813712680411,12,5103.0
luvcarwash_44,17755.5,17859.0,21034.0,2100.5755428241832,10,17857.166666666668
luvcarwash_45,13710.833333333334,13150.5,16768.0,2178.41221716157,12,13166.833333333334
luvcarwash_46,9090.5,8680.5,12339.0,1780.6548888915377,10,9624.0
luvcarwash_47,10859.666666666666,10290.0,14344.0,2389.271698656308,9,11530.666666666666
luvcarwash_49,13679.777777777777,12643.0,16659.0,1759.8716414683327,9,12791.333333333334
luvcarwash_50,7049.636363636364,6536.0,9040.0,1404.168314179413,11,6222.0
luvcarwash_51,25114.285714285714,24773.0,29068.0,2492.057631375174,7,25171.166666666668
luvcarwash_52,25176.333333333332,23918.5,31244.0,3779.7462701438926,6,25176.333333333332
luvcarwash_53,6067.875,5427.5,11656.0,2611.1107892181494,8,6837.5
luvcarwash_54,17634.333333333332,17268.5,20688.0,2446.438935813985,6,17634.333333333332
luvcarwash_55,36870.0,35461.0,42820.0,4322.486090203183,6,36870.0
luvcarwash_56,19573.5,19668.0,22459.0,2014.2187319156772,6,19573.5
luvcarwash_57,22623.333333333332,21815.0,28657.0,4957.115317063612,6,22623.333333333332
luvcarwash_58,25506.6,25971.0,31369.0,5566.829869863099,5,25506.6
luvcarwash_59,36845.2,38554.0,42395.0,5512.070182789766,5,36845.2
luvcarwash_60,4356.0,4356.0,4356.0,,1,4356.0
luvcarwash_61,26014.2,25813.0,28894.0,2324.106430437298,5,26014.2
luvcarwash_62,7296.4,7192.0,9769.0,2169.664674552268,5,7296.4
luvcarwash_63,13352.0,13352.0,13352.0,,1,13352.0
luvcarwash_64,7055.5,6559.5,8786.0,1160.0788766286541,4,7055.5
luvcarwash_65,4406.25,4058.5,5759.0,919.8468622547994,4,4406.25
luvcarwash_66,26722.25,26958.0,27238.0,672.1469953316262,4,26722.25
luvcarwash_67,26831.666666666668,26938.0,27181.0,412.8999071607222,3,26831.666666666668
luvcarwash_68,24545.333333333332,25803.0,25945.0,2302.4131543520443,3,24545.333333333332
luvcarwash_69,8743.5,8743.5,9844.0,1556.342025391591,2,8743.5
luvcarwash_70,16925.0,16925.0,16925.0,,1,16925.0
mach1expresswash_1,6819.75,6534.0,8805.0,1312.584966946729,12,6643.666666666667
mach1expresswash_10,5110.0,5073.5,6392.0,907.6291793859028,12,5026.333333333333
mach1expresswash_12,8803.333333333334,8536.5,11769.0,1955.4682458700424,12,8767.0
mach1expresswash_13,3990.25,3762.0,5714.0,784.6713411590637,12,3704.5
mach1expresswash_14,7844.4,7813.0,10400.0,1819.5264463285191,10,6960.833333333333
mach1expresswash_15,3133.0833333333335,2926.5,4287.0,763.0082161279705,12,3150.1666666666665
mach1expresswash_18,5073.0,5073.0,5155.0,115.96551211459379,2,5073.0
mach1expresswash_6,9861.416666666666,9684.5,12875.0,1851.6036026955535,12,9580.666666666666
mach1expresswash_9,5813.0,5516.0,8005.0,1409.595944685117,12,5770.0
magicbrush_1,1562.4166666666667,1589.5,2520.0,575.6811709671078,12,1754.5
magicbrush_2,5927.75,6221.5,7882.0,1491.2651812836946,12,6483.833333333333
magicbrush_3,3117.1666666666665,3291.0,4802.0,1271.60362844669,12,3746.1666666666665
magicbrush_4,9923.5,11091.0,13122.0,2621.7813687366356,12,11948.5
magiccitycarwash_1,6547.666666666667,6791.5,8591.0,1371.0678209691052,12,6348.333333333333
magicmex_1,991.5,991.5,1036.0,62.932503525602726,2,991.5
magnolia_60,1592.8181818181818,1537.0,2030.0,240.98208156699877,11,1465.0
magnolia_61,4918.5,4877.5,6877.0,969.0035259653772,10,5223.166666666667
magnolia_62,7416.272727272727,7679.0,10213.0,1937.2553827985141,11,6722.0
magnolia_63,4309.1,3797.5,6230.0,1240.8902225597737,10,4847.0
magnolia_64,8891.9,8731.0,11285.0,1877.7262520872887,10,8961.666666666666
magnolia_65,5323.888888888889,5215.0,8281.0,1708.2030356813884,9,6191.5
magnolia_66,14560.3,14224.0,18087.0,2383.412635044315,10,13524.166666666666
magnolia_67,7262.888888888889,6742.0,10347.0,1491.1820348673436,9,6674.666666666667
magnolia_68,4701.5,4572.0,7263.0,1602.5402156754578,8,4954.0
magnolia_70,3641.8333333333335,3696.0,4846.0,1028.3080115737048,6,3641.8333333333335
magnolia_71,6932.333333333333,6763.0,7415.0,424.1572035617613,3,6932.333333333333
magnolia_72,8460.666666666666,8684.0,8913.0,596.2418413138527,3,8460.666666666666
magnuscarwash_1,2774.4166666666665,2488.0,4991.0,1335.7752572490583,12,2826.1666666666665
makoexpress_1,6064.0,6064.0,6064.0,,1,6064.0
matthewscarwash_1,4367.5,4367.5,4377.0,13.435028842544403,2,4367.5
megashine_1,3821.9166666666665,3641.0,5500.0,721.3253531878074,12,3598.3333333333335
mendhamcarwash_1,2456.1666666666665,2370.0,3475.0,560.1861433055224,12,2403.6666666666665
mintcarwash_1,6626.583333333333,6762.5,8202.0,908.0008468491577,12,6455.5
mintexpresscarwash_1,11903.416666666666,11629.5,15869.0,1915.1678520472171,12,11061.5
mintexpresscarwash_3,9778.333333333334,10232.0,11511.0,1405.1821838099745,12,9379.833333333334
mintexpresscarwash_4,8690.5,8690.5,8946.0,361.3315651863258,2,8690.5
missioncarwash_1,10139.5,10139.5,10436.0,419.31432124362266,2,10139.5
misticexpresscarwash_1,3343.4166666666665,3286.5,4911.0,780.0907241332817,12,2972.8333333333335
misticexpresscarwash_2,3288.1666666666665,3497.0,4636.0,782.9812296987751,12,3140.5
misticexpresscarwash_3,1351.6666666666667,1319.5,2348.0,492.9167979456266,12,1036.5
mojoxpresswash_1,5783.416666666667,5651.0,7559.0,949.2941356927295,12,5580.333333333333
mojoxpresswash_2,4716.0,4545.0,6585.0,855.3201420839716,12,4677.0
monkeyshine_1,6302.833333333333,6137.5,7724.0,872.9084960201972,12,5658.166666666667
monstersexpressllc_1,15313.166666666666,15022.5,20271.0,2798.1538989884466,12,13447.666666666666
mountainedge_1,13253.083333333334,13271.0,15971.0,2071.5894845321654,12,12562.666666666666
mountainexpress_1,7965.5,7622.0,11065.0,1748.339965900121,12,8191.166666666667
mountainexpress_2,6341.916666666667,5942.5,9856.0,1686.8805776738711,12,6462.333333333333
moyka441_1,15124.25,15725.5,18156.0,2159.4221501890897,12,14158.666666666666
moyka441_3,6023.333333333333,6228.0,7730.0,1154.6808558159603,12,5417.0
mrcleancarwash_1,12273.916666666666,12150.5,16409.0,2067.7827149051727,12,12406.333333333334
mrcleancarwash_11,9033.666666666666,8970.5,12264.0,1403.4433844417572,12,8981.5
mrcleancarwash_12,5095.131666666667,5475.0,8122.0,2092.9359562882573,12,6230.166666666667
mrcleancarwash_13,9351.6,9166.5,14409.0,3434.015505044916,10,11406.166666666666
mrcleancarwash_14,7087.0,7069.0,8968.0,822.8369992123153,12,6759.166666666667
mrcleancarwash_15,4610.333333333333,4504.0,7094.0,1028.3187808999282,12,4996.0
mrcleancarwash_16,7734.916666666667,7654.0,10093.0,1395.2395335785916,12,7472.666666666667
mrcleancarwash_19,6768.9,7068.0,8297.0,1328.9796796373107,10,6291.5
mrcleancarwash_3,12027.166666666666,11715.5,14941.0,1271.4455504970667,12,11389.0
mrcleancarwash_4,15186.25,14733.5,21580.0,2893.360365482574,12,15889.0
mrcleancarwash_6,7030.5,6714.5,9062.0,968.987240745343,12,6460.666666666667
mrcleancarwash_9,7076.75,7155.0,10797.0,1688.1708834766052,12,7798.5
mrdcarwash_1,3964.5833333333335,3717.0,6265.0,979.2682294200683,12,3830.3333333333335
mrsudsexpresscarwash_1,11327.333333333334,11128.5,13831.0,1508.5656322038717,6,11327.333333333334
newportautospa_1,1756.0833333333333,1769.5,2202.0,414.68026200552356,12,1889.8333333333333
nicholasvillecw_1,2114.6666666666665,2255.5,3190.0,625.3558017543924,12,2016.3333333333333
norcoautospa_1,3785.75,4084.0,4745.0,915.4033512362437,12,4208.0
northportcarwash_1,2592.3333333333335,3041.5,3719.0,929.6990063586398,12,2255.8333333333335
oasisautospa_1,5378.416666666667,5208.5,7163.0,1087.4011937001935,12,6017.833333333333
obxpress_1,3513.75,3567.0,4875.0,799.1100874211148,12,3495.8333333333335
oceanexpress_1,15650.583333333334,15482.5,21241.0,2293.761161313774,12,14566.833333333334
oceanstatecarwash_1,6994.583333333333,6473.5,9686.0,1349.2119894309576,12,6355.0
olliewash_1,15112.166666666666,15373.5,19646.0,3068.9664186477958,12,14779.333333333334
orcaexpress_1,6215.8,6276.5,11004.0,2353.0716001761516,10,6459.0
papabear_1,23671.25,23637.5,30473.0,4027.8102583504015,12,24386.833333333332
papabear_3,21978.25,21701.0,28114.0,3918.6191938441325,12,22717.333333333332
papabear_4,20494.666666666668,20469.5,27729.0,4210.087093319251,12,21672.5
paradisefallscarwash_1,14313.083333333334,14376.5,17321.0,2302.6351093843973,12,14029.833333333334
paradisefallscarwash_3,5366.083333333333,5399.0,6492.0,930.1598551112633,12,5248.0
pastimeautowash_1,2725.3333333333335,3062.5,4272.0,1302.8304385126837,12,2767.1666666666665
patriotpetroleum_1,1627.5833333333333,1530.5,2368.0,391.51464812567326,12,1483.3333333333333
pelicanautowash_1,3338.0833333333335,3631.0,4503.0,1024.152284338199,12,2939.0
pelicancarwash_1,6302.583333333333,6222.5,9381.0,1487.1403588665382,12,5613.5
pinkbirdcarwash_1,10078.0,10078.0,11989.0,2702.562117694985,2,10078.0
piratescove_1,6692.666666666667,6607.5,8406.0,1261.5860388151627,12,6484.666666666667
planetoil_1,9156.833333333334,8927.5,12222.0,1515.621614647891,12,9000.333333333334
platinumautospa_1,11719.25,11872.0,14407.0,2096.059121520452,12,11534.166666666666
precisionexpresscarwash_1,5228.75,5116.5,6891.0,1022.4216462532826,12,5187.666666666667
prestigeautospa_1,7302.25,7196.5,8862.0,890.5879697245981,12,7328.0
prestigecarwash_1,16663.0,17699.5,19647.0,2578.4242897905333,12,15992.166666666666
prestoconyerscarwash_1,6373.416666666667,6418.0,7678.0,1134.0228840350408,12,6182.833333333333
purecarwash_1,11452.166666666666,11555.5,13914.0,1590.7604146978567,12,11351.0
pvcarwash_1,2526.6666666666665,2430.5,3313.0,494.30361176716144,12,2557.0
quickjetcarwash_1,9661.5,9389.5,11817.0,1317.7035464639368,12,9664.666666666666
quicknclean_1,7523.0,7477.0,10226.0,1290.206748759847,12,7772.0
racewaycarwash_1,4019.0,3379.5,6696.0,1656.23928567963,8,4500.833333333333
racewaycarwash_2,5812.5,5812.5,5924.0,157.6848122046001,2,5812.5
racewaycarwash_3,10223.25,10217.0,12142.0,1563.1812381593293,4,10223.25
radiantexpresscarwash_3,14968.083333333334,14210.0,19505.0,2158.554712526346,12,13650.166666666666
radiantexpresscarwash_4,11320.166666666666,10789.5,15786.0,1945.566000064264,12,10437.0
radiantexpresscarwash_5,9099.833333333334,8836.5,12282.0,1838.248763130691,12,7868.5
radiantexpresscarwash_6,16870.583333333332,16161.5,22173.0,2875.9327801707404,12,15590.833333333334
radiantexpresscarwash_7,10591.833333333334,10460.5,15263.0,2496.9252667788815,12,9200.166666666666
radiantexpresscarwash_8,9779.727272727272,9841.0,13025.0,2500.635802787327,11,9849.666666666666
radiantexpresscarwash_9,3401.25,3394.0,3858.0,476.99362329769843,4,3401.25
ridethru_1,5556.0,5851.0,6666.0,964.2228736137719,9,5928.0
rinsemyride_2,853.5833333333334,884.5,1101.0,149.43679620697864,12,910.5
rinsemyride_4,1698.5,1655.0,2115.0,181.88900766981794,10,1609.1666666666667
riptide_1,10869.833333333334,10695.5,14406.0,2023.7387467634046,12,10370.333333333334
riptide_11,15425.777777777777,15080.0,19920.0,1935.0081897615946,9,15408.5
riptide_12,12123.25,12250.5,13000.0,941.7654962887524,4,12123.25
riptide_14,13263.5,13263.5,13446.0,258.0939751330898,2,13263.5
riptide_15,20195.0,20195.0,20195.0,,1,20195.0
riptide_2,9557.25,9246.0,12941.0,1795.377201441119,12,9141.5
riptide_3,15079.75,15622.5,19397.0,2888.2937437179066,12,14923.833333333334
riptide_5,22230.833333333332,22115.5,28424.0,3815.2153479869453,12,22043.0
riptide_6,9657.0,9462.0,12745.0,1854.7898190165033,12,9774.166666666666
riptide_7,6862.75,6910.5,9427.0,1451.0362519749306,12,6504.0
riptide_8,5794.666666666667,5840.0,7029.0,1123.3409045693957,12,5930.333333333333
riptide_9,8717.0,8871.0,10709.0,1220.6087734314292,10,8481.166666666666
riverheadtoyotacarwash_1,871.6666666666666,856.0,1010.0,82.04802732472479,12,839.8333333333334
riverside_1,9059.75,8785.5,11018.0,1102.5143268498107,12,8630.333333333334
riverside_2,9750.0,9596.5,11946.0,1098.6164853205964,12,9237.666666666666
riverside_3,3733.5,3617.0,4386.0,381.01694068756194,12,3612.6666666666665
roadrunner_1,9038.916666666666,8983.5,12074.0,1586.3765148821692,12,9187.333333333334
roadrunner_2,5198.833333333333,5164.0,6858.0,865.9316405240116,12,5376.833333333333
roadrunnerexpress_1,6868.083333333333,6466.0,9472.0,1460.2409177525428,12,6519.833333333333
roadrunnerexpress_3,7339.416666666667,7211.0,9880.0,1410.4057094153848,12,7511.5
roadrunnerexpress_4,3829.5,3815.5,4149.0,260.888865228089,4,3829.5
rock&rollcarwash_1,7940.5,7688.5,9635.0,1082.1874732562408,12,7823.833333333333
rockawayautobath_1,3444.5833333333335,3434.0,5569.0,920.6910900694834,12,3348.8333333333335
rocketwash2_3,5512.25,5067.0,7455.0,909.5707404145,12,5439.5
rocketwash2_4,11264.583333333334,10923.5,14348.0,1579.6661015620496,12,11129.333333333334
rocketwash2_5,4732.75,4718.0,7063.0,1196.396492882614,12,4716.0
rocketwash2_7,15849.0,15147.0,20691.0,3042.6436770437886,12,15776.5
rocketwash_5,8334.75,8095.0,11567.0,1880.983742861456,12,8861.333333333334
rocknrollexpresscarwash_1,8262.416666666666,8184.5,10354.0,1364.4292485293713,12,7331.0
rocksedge_1,10328.416666666666,9764.0,14514.0,2058.9806594673505,12,9719.0
roguecarwash_1,11446.333333333334,12197.0,16278.0,3538.407585683741,12,12031.833333333334
rollingthunder_1,9747.666666666666,9695.0,14744.0,2201.9012583481467,12,10071.833333333334
route66carwash_1,3184.8333333333335,3651.0,3972.0,778.4173726610977,12,3756.0
rubadub_1,7538.083333333333,7650.5,8736.0,763.3057838749618,12,7265.833333333333
russellspeedersavon_1,51.579999999999984,51.579999999999984,51.579999999999984,0.0,12,51.579999999999984
sandiegocarcarecostaverde_1,3136.0833333333335,3285.0,4105.0,780.727103798799,12,3575.0
sandiegocarcarecostaverde_2,982.1666666666666,1012.0,1256.0,232.07554934990588,12,1118.5
sandiegocarcarecostaverde_3,2056.0833333333335,2184.5,2646.0,529.3516546138534,12,2355.8333333333335
sandiegocarcarecostaverde_4,395.4166666666667,397.5,461.0,43.951333278635566,12,425.6666666666667
saratogahonda_1,1702.0833333333333,1675.5,2502.0,413.36808566025536,12,1599.3333333333333
sasqwash_1,7648.333333333333,8702.5,10139.0,2276.5378152454273,12,7681.5
scarboroughcarwash_1,6751.25,6367.0,9205.0,1258.230368053048,12,7399.0
scrubblesstl_1,6613.75,6877.0,8847.0,1277.9010578430414,12,6368.666666666667
scrubblesstl_11,5306.2,5073.0,6501.0,815.1280267540799,5,5306.2
scrubblesstl_12,2778.3333333333335,2578.0,3197.0,362.6876525790936,3,2778.3333333333335
scrubblesstl_4,5998.166666666667,6111.0,7650.0,1031.0420883158883,12,5955.0
scrubblesstl_6,5643.083333333333,5784.0,7092.0,1037.8707625215047,12,5517.0
seafordcarwash_1,3490.0,3624.0,5023.0,808.599125311514,12,3460.6666666666665
seawaycarwash_1,4801.333333333333,4329.0,9252.0,1697.49790913425,12,3855.3333333333335
seawaycarwash_2,2955.25,2624.0,5556.0,1000.7641739281946,12,2462.5
seawaycarwash_3,1983.1666666666667,1789.5,3892.0,764.5880451510335,12,1516.8333333333333
secaucuscarwash_1,3171.0,3206.0,4580.0,649.3080232762483,12,3205.6666666666665
shaftercarwash_1,6457.333333333333,6332.0,6944.0,437.67263260721853,3,6457.333333333333
sharkbaycarwash_1,3598.0,3652.0,4050.0,428.6078238514396,4,3598.0
shineycarwash_1,8332.4,8305.0,9193.0,637.8952108301174,5,8332.4
shortmancarwash_4,3391.2,3348.0,4666.0,765.0788848216895,5,3391.2
slash77carwash_1,5973.666666666667,6233.0,7254.0,919.3117320071905,12,6154.0
slimolsoncarwash_1,2330.1666666666665,2341.5,3506.0,677.9077214399308,12,2292.1666666666665
snapclean_1,9645.25,9230.5,12180.0,1435.8518615030653,12,9912.833333333334
snapclean_2,12971.666666666666,13053.0,15627.0,1903.270311539556,12,12759.833333333334
snapclean_3,13029.75,13171.0,16705.0,2033.1197310805605,12,13603.166666666666
snapclean_5,9566.666666666666,9394.0,13499.0,2726.635851496614,6,9566.666666666666
snapclean_6,5887.571428571428,5280.0,8570.0,1405.3980286906692,7,6014.666666666667
snappycarwash_3,2521.0833333333335,2433.5,3613.0,504.99765225976915,12,2473.8333333333335
snappycarwash_6,7884.25,8371.5,10213.0,1591.7129209525417,12,7228.0
snappykedzieexpresswash_1,10722.5,10832.5,14034.0,1523.2761643009035,12,9788.5
soapatopia_1,3598.25,3825.0,4617.0,623.3280363573348,12,3306.3333333333335
soapatopia_4,2179.25,2220.0,2708.0,322.58617594232226,12,2173.8333333333335
soapies_1,4092.5,3658.0,6432.0,1639.4890464206624,4,4092.5
soapysaddles_1,6912.5,7819.0,8806.0,1939.0843903057116,12,8084.666666666667
soapyshark_1,11239.833333333334,11599.5,13379.0,1338.0966695159575,12,11143.5
soggydogcarwash_1,2556.9166666666665,2590.0,2938.0,340.6740533208546,12,2355.6666666666665
solarcity_1,6008.25,5750.5,7647.0,919.2956913756412,12,6270.166666666667
someguyscarwash_1,2074.8333333333335,2046.0,3046.0,530.9896135490502,12,1978.5
sonicsuds_1,15169.666666666666,15189.5,21299.0,3124.1886607371825,12,14357.166666666666
sonicsuds_2,12889.25,12951.5,17926.0,2650.169329924548,12,12224.0
sonicsuds_4,14883.916666666666,14271.5,19500.0,2881.549660680811,12,14994.166666666666
sonoranexpresscarwash_1,6802.916666666667,6719.0,8954.0,981.1518702139045,12,6757.166666666667
sonoranexpresscarwash_2,2683.6666666666665,2786.5,3376.0,400.90904280904,12,2828.3333333333335
southernshineexpress_1,9763.0,9763.0,9925.0,229.1025971044414,2,9763.0
spartacarwash_1,1326.1666666666667,1250.5,2364.0,536.114104769995,12,1234.5
speedyfalconcarwash_1,10176.333333333334,10542.5,12729.0,1710.7437687813574,12,9259.166666666666
speedyfalconcarwash_2,2723.6666666666665,2628.0,4358.0,751.4029706105935,12,2366.6666666666665
splash_4,15675.90909090909,15248.0,20788.0,4307.058148076142,11,17933.666666666668
splashhopperexpresswash_1,6843.416666666667,6943.0,8360.0,1046.619880492638,12,6537.666666666667
splashzonecarwash_3,4041.875,3752.0,6079.0,984.7795166576992,8,4311.666666666667
squeakycleancarwash2_1,2108.3333333333335,2095.5,2459.0,207.5639368454643,12,2045.8333333333333
statenislandautobathinc_1,3694.5833333333335,3598.5,5110.0,646.9591048384228,12,3790.8333333333335
statestreetautowash_2,5154.25,4967.5,7266.0,1113.3507268193127,12,4596.666666666667
stevenscreekxpress_1,23904.083333333332,23427.5,32039.0,7136.971352284758,12,27795.833333333332
stonewashcarcarecenter_1,3471.25,3244.5,5476.0,1040.0340138668544,12,3534.6666666666665
sudsdeluxe_1,11859.416666666666,11792.0,16202.0,2070.956189270741,12,11155.666666666666
sudsdeluxe_10,10517.0,11145.0,13464.0,2241.1392638566663,6,10517.0
sudsdeluxe_3,19119.166666666668,19514.5,22035.0,2292.3804155717644,12,18696.0
sudsdeluxe_4,29483.833333333332,29773.5,36097.0,3570.285698609703,12,30220.333333333332
sudsdeluxe_5,13296.916666666666,13032.5,18229.0,2286.1622251487247,12,12210.0
sudsdeluxe_7,17477.833333333332,17285.0,20912.0,2282.2471316001183,12,16701.0
sudsdeluxe_8,11388.666666666666,11418.5,13813.0,1704.536478360204,12,11206.166666666666
sudstop_1,11472.111111111111,11280.0,13903.0,1812.7962133431079,9,12360.666666666666
sudstop_10,7592.0,7310.0,10532.0,1982.5487635869138,6,7592.0
sudstop_3,13948.75,13643.5,17308.0,2048.1869159959847,8,13961.833333333334
sudstop_4,9198.25,9252.5,9398.0,238.9621657640947,4,9198.25
sudstop_6,8252.714285714286,7587.0,10185.0,1484.2199650866798,7,7979.666666666667
sudstop_8,8374.857142857143,9028.0,10243.0,1631.272655379988,7,8698.166666666666
sudstop_9,7025.0,7220.0,8396.0,1069.1351645138234,5,7025.0
sunnydazecarwash_1,5723.166666666667,5934.0,7198.0,1165.6834774916258,12,5758.833333333333
sunrisecarwash_1,3502.0833333333335,3515.0,4601.0,734.2083502079988,12,3360.0
sunsetcw_1,4887.416666666667,5087.5,9152.0,1994.092204412065,12,4465.5
sunsplash_1,16623.416666666668,17564.5,22718.0,4498.189624895236,12,17299.0
superduck_1,9587.666666666666,9651.5,12019.0,1960.6961812457114,12,9363.333333333334
superduck_2,11579.833333333334,11435.0,15046.0,2405.258135204971,12,11739.666666666666
superfineautospa_1,1935.6666666666667,1975.0,2311.0,349.8151026765512,12,2125.1666666666665
superioralmedacarwash_1,4551.833333333333,4443.0,5588.0,679.4436003529697,12,4459.666666666667
superiorfrycarwash_1,2873.3333333333335,2813.0,3985.0,644.8559153137634,12,2658.8333333333335
superiormermaidcarwash_1,1732.6666666666667,1756.5,2198.0,343.05587494362106,12,1567.0
superiorshinecarwash_1,11354.833333333334,11193.0,15926.0,2034.486391890562,12,10659.833333333334
superiortexascarwash_1,3165.4166666666665,3056.5,3900.0,490.88981513783784,12,3102.0
superiortomballcarwash_1,4275.0,4349.5,5554.0,721.6424448311076,12,4267.5
superscrubcarwash_1,4175.666666666667,4260.0,5853.0,1257.9466915524993,12,4737.333333333333
supersplashcarwash_1,34231.5,34974.0,42252.0,5065.719916529859,12,33025.666666666664
superspray_1,2122.25,2314.0,2980.0,547.1169270075472,12,2077.0
supersuds_1,15408.75,15392.0,18128.0,2461.896501960153,12,15079.166666666666
texascarwash_1,3559.6666666666665,3512.0,4818.0,635.1154989210207,12,3544.0
texaspridecarwash_1,7677.9,7618.0,9430.0,1077.8815076085332,10,7450.5
theautospa_1,5290.333333333333,5338.0,6680.0,969.5369403936494,12,5059.833333333333
theautospa_3,9761.333333333334,10140.0,13041.0,1854.7465562385576,12,10101.0
thewashery_1,6903.583333333333,6547.0,10281.0,1449.27520809123,12,6456.833333333333
thoroughbred_19,3850.7,3550.0,5649.0,829.477620085209,10,3954.6666666666665
thoroughbred_20,7126.6,7530.5,9359.0,1974.6387123837221,10,6889.833333333333
thoroughbred_21,6091.111111111111,5969.0,7711.0,997.5494279037563,9,6090.0
thoroughbred_23,11336.5,11134.5,12097.0,513.1188946043599,4,11336.5
thoroughbred_24,10887.0,9876.0,16320.0,3201.1502932539734,6,10887.0
thoroughbred_25,11109.666666666666,10815.5,14313.0,2706.5453010556957,6,11109.666666666666
thoroughbred_27,9586.0,9586.0,9586.0,,1,9586.0
thoroughbred_28,6878.5,6878.5,7545.0,942.5733393216678,2,6878.5
tigerwash_1,8319.9,8480.5,10626.0,1627.6368998575138,10,8642.5
tigerwash_3,7982.0,8105.0,8596.0,719.642503840159,4,7982.0
tiptopcarwash_1,11254.333333333334,11189.0,12184.0,898.7826952791945,3,11254.333333333334
titusexpress_1,10776.0,10975.0,12266.0,1218.6213521845084,5,10776.0
tlccarwash_1,1379.6666666666667,1453.0,2193.0,388.17810657511643,12,1133.6666666666667
topwash_1,16489.25,16317.5,20698.0,2610.06155012761,12,16228.666666666666
totalpackagecarwash_3,12011.416666666666,12145.5,14706.0,1888.6486490866876,12,11595.333333333334
touch&gocarwash_1,9626.5,9519.0,13337.0,1714.4573750633438,12,9937.833333333334
trucarwash_1,6391.916666666667,5986.5,8898.0,1249.5731240804766,12,5820.666666666667
trueclean_1,11459.666666666666,11230.5,13645.0,1173.36194007827,12,11127.166666666666
trushine_1,5598.833333333333,5704.0,6581.0,748.0500509911611,12,5243.166666666667
trushine_3,8151.083333333333,8493.0,9728.0,1193.5693953495754,12,7558.833333333333
trushine_4,10136.166666666666,10026.0,11862.0,1335.410718797325,12,9828.5
trushine_5,6819.75,6504.0,8303.0,1049.2362698648958,12,6729.5
trushine_6,9221.416666666666,8834.0,11438.0,1372.2227130617043,12,9264.166666666666
trushine_7,4874.416666666667,4702.5,5694.0,665.7102097259237,12,4786.0
trushine_8,5074.571428571428,4816.0,7312.0,1373.7022793826002,7,5210.666666666667
tsunamicarwash_10,8223.181818181818,7730.0,10751.0,1735.9630651705593,11,8875.0
tsunamicarwash_11,5668.857142857143,5964.0,7152.0,1194.0822736271048,7,5951.166666666667
tsunamicarwash_12,3957.375,4148.5,4728.0,826.978309872756,8,3748.1666666666665
tsunamicarwash_13,6942.25,6975.0,9870.0,2144.783355692864,8,7492.666666666667
tsunamicarwash_16,14146.2,14275.0,15336.0,1047.187519024172,5,14146.2
tsunamicarwash_3,18325.083333333332,17880.5,23222.0,2635.894309452877,12,18554.166666666668
tsunamicarwash_6,17719.916666666668,19202.5,21428.0,3202.5893063506464,12,17403.5
tsunamicarwash_7,21002.416666666668,21654.5,24816.0,3222.518762434506,12,20709.833333333332
tsunamicarwash_8,24247.666666666668,24849.0,29008.0,3506.6333590997947,12,23329.833333333332
tsunamicarwash_9,16412.583333333332,16748.0,20394.0,2436.5145171790464,12,16751.0
turnpikecarwash_1,4672.083333333333,4610.5,6079.0,886.1398882316221,12,4609.5
twins_1,15563.833333333334,15513.0,19852.0,2467.9978574225756,12,14873.166666666666
unclecharlies_1,3085.0,3134.0,4686.0,1046.9803006742773,9,3457.5
unrivaledcarwash_1,10914.666666666666,10514.0,12124.0,1066.996407366648,3,10914.666666666666
uscarwash_1,1265.0,1194.0,2254.0,515.7811375168559,12,1426.0
valvolineexpresscare_1,782.0,773.0,1068.0,147.96805552059354,12,801.8333333333334
venicecarwash_1,1146.0,1134.0,2079.0,558.320045070274,12,799.5
vexpresscarwash_1,1434.6666666666667,1538.5,2238.0,442.2011745663718,12,1322.3333333333333
vibecarwash_1,19984.666666666668,19156.0,27486.0,4489.023933862226,12,22374.166666666668
vibecarwash_4,15355.5,15776.0,20629.0,3563.3952208532805,6,15355.5
vibecarwash_5,5959.6,6280.0,11857.0,5320.91611473062,5,5959.6
vicscarwash_1,4593.5,4637.5,6686.0,946.4457435344855,12,4214.166666666667
villagecarwash_1,6006.25,5754.0,8443.0,1367.2861059246325,12,5734.333333333333
vortexcarwash_1,5402.75,5173.0,7808.0,1136.6828233544707,12,5104.833333333333
wash37135_1,14271.166666666666,14679.0,17998.0,2511.577730624656,12,14172.166666666666
wash37135_3,13270.25,13327.5,17722.0,2814.3299905047643,12,13486.833333333334
wash37135_5,6535.4,6217.0,8665.0,1263.0513845445878,5,6535.4
washashorecarwash_1,7954.75,7802.0,11051.0,1405.1393411978108,12,7497.666666666667
washboxcarwash_1,14504.833333333334,14447.0,18495.0,2794.570151800332,12,14523.0
washindustries_1,4590.25,4365.0,7615.0,1385.2072457348625,12,4384.666666666667
washindustries_10,9495.666666666666,9477.0,14605.0,2238.8370493033503,12,9372.666666666666
washindustries_2,7801.833333333333,7819.0,12424.0,2138.833149739419,12,7614.333333333333
washindustries_3,6355.166666666667,6252.0,10019.0,1776.0057244652487,12,5941.833333333333
washindustries_4,7709.25,7739.5,12323.0,1901.587094316936,12,7741.666666666667
washindustries_5,9551.5,9434.0,13962.0,2138.0373115206726,12,8994.333333333334
washindustries_7,5760.166666666667,5806.5,9020.0,1525.8884049111928,12,5456.5
washindustries_8,9964.583333333334,9861.5,14846.0,2022.4961381391752,12,9803.333333333334
washindustries_9,8541.083333333334,8533.5,13584.0,2089.4377868583488,12,8434.5
washnroll_1,9660.666666666666,9689.0,11662.0,1517.601476812751,12,9488.333333333334
washnroll_2,19284.333333333332,19714.0,23304.0,3013.700151982709,12,18688.333333333332
washnroll_3,20405.833333333332,20350.5,25347.0,3222.0236112597236,12,20823.833333333332
washnroll_4,11988.416666666666,11806.0,15407.0,2145.9428298041585,12,12049.666666666666
washnroll_6,4858.083333333333,5198.5,6178.0,985.454898034713,12,4483.5
washrite_1,14807.166666666666,15411.0,17673.0,2032.079089071689,12,13702.0
washrite_10,14662.5,13796.5,17888.0,2193.0533509242314,4,14662.5
washrite_2,18368.666666666668,18618.5,21700.0,2520.168837537868,12,17729.5
washrite_3,10974.916666666666,11139.0,13069.0,1617.0423313924566,12,10380.333333333334
washrite_4,13905.5,13857.0,16604.0,1911.2736115433129,12,13295.666666666666
washrite_5,16941.333333333332,17342.5,19058.0,1810.2750335155417,12,16086.5
washrite_6,17038.5,17910.0,19353.0,1868.4055185687562,12,16507.666666666668
washrite_7,16775.416666666668,16649.0,19215.0,1886.7690738081296,12,16818.5
washrite_9,14215.0,16641.0,19738.0,5192.656795899378,11,13358.666666666666
washup_1,4469.416666666667,4368.5,6719.0,1022.5842004303104,12,4110.0
washup_2,4708.416666666667,5035.0,7045.0,1234.3714969263676,12,3989.8333333333335
washup_7,4580.75,4958.0,6508.0,1394.3942396089228,12,4208.166666666667
washworksexpress_1,2737.3333333333335,2655.0,4020.0,626.5977879619334,12,2466.5
waterscarwash_1,22389.166666666668,22470.0,25652.0,2243.59548425506,12,21568.833333333332
waterscarwash_3,18308.166666666668,18672.5,21252.0,2200.759200959083,12,17669.166666666668
waterwayscarspa_1,2010.8333333333333,1977.0,3324.0,582.7921558923874,12,1743.3333333333333
waterworksexpresscarwash_1,5059.333333333333,4945.5,6246.0,859.1199866812269,12,4521.666666666667
waveautowash_1,3838.6666666666665,3642.0,5519.0,669.5116718832306,12,3848.0
wetnjetcarwash_1,94.52666666666666,60.0,427.0,106.1262100548496,12,53.886666666666656
wetrabbitexpresscarwash_1,14875.0,15566.5,20529.0,3380.962047056483,12,14066.166666666666
wetrabbitexpresscarwash_3,10444.416666666666,10606.5,15535.0,2425.9596211259027,12,10052.0
whitecap_3,3770.8333333333335,3514.5,4732.0,745.3470109061059,6,3770.8333333333335
whitecap_4,6971.6,6433.0,8250.0,1087.597489883091,5,6971.6
whitecap_5,9462.8,9508.0,11063.0,1217.521539850528,5,9462.8
whitecap_6,6672.0,6329.0,8023.0,917.9346381959882,4,6672.0
woodies_1,23158.833333333332,21936.5,35292.0,5421.847803660723,12,20305.166666666668
woodies_10,8837.583333333334,8371.0,12342.0,1707.2462387414914,12,7878.0
woodies_11,8086.416666666667,7762.5,11197.0,1752.1690691738904,12,7117.0
woodies_13,19207.583333333332,18390.0,27956.0,4210.493740391832,12,17491.333333333332
woodies_14,16345.833333333334,15043.5,23709.0,3486.2159176164673,12,14777.0
woodies_15,22077.5,19738.0,31031.0,4755.435426005603,12,21068.333333333332
woodies_18,12205.333333333334,11818.0,16729.0,2926.27620436664,12,11760.833333333334
woodies_19,13998.166666666666,13474.0,18885.0,3303.3450218427583,12,13324.333333333334
woodies_20,6201.833333333333,6346.5,7660.0,1293.481722587013,6,6201.833333333333
woodies_3,33466.333333333336,31602.5,48573.0,6979.727401987888,12,29744.0
woodies_5,11299.416666666666,10806.5,15513.0,2313.8332012773385,12,9957.333333333334
woodies_6,18685.25,17344.0,25006.0,3827.981930350626,12,17032.833333333332
woodies_7,22083.833333333332,20330.5,33718.0,5019.308442646681,12,19259.5
wowcarwash_3,6891.0,6744.0,9023.0,1526.628370566387,12,7141.333333333333
xcellautospa_1,2209.1316666666667,2321.5,3566.0,1015.7181001352809,12,2239.0
zelocarwash_1,1075.0833333333333,1227.5,1572.0,389.832938188873,12,1387.8333333333333
zipsexpresscarwash_1,10472.166666666666,10383.5,13615.0,1748.301140761476,12,9402.5
zipsexpresscarwash_14,20832.666666666668,22189.0,25914.0,4033.218708614145,12,18048.5
zipsexpresscarwash_15,15995.0,12036.0,33195.0,9024.20695080233,12,21113.0
zipsexpresscarwash_17,5134.166666666667,5263.5,6522.0,749.853662491232,12,5593.166666666667
zipsexpresscarwash_18,8474.333333333334,8376.0,11091.0,1531.6616249463632,12,8498.666666666666
zipsexpresscarwash_20,26027.0,26027.0,35082.0,12805.703807288375,2,26027.0
zipsexpresscarwash_21,8041.0,8041.0,10914.0,4063.035564697902,2,8041.0
zipsexpresscarwash_22,20166.0,20166.0,27562.0,10459.52350731141,2,20166.0
zipsexpresscarwash_23,13978.0,13978.0,19168.0,7339.768388716363,2,13978.0
zipsexpresscarwash_3,9287.25,9235.0,11952.0,1603.556338835085,12,8208.5
zipsexpresscarwash_4,8378.583333333334,8101.5,13634.0,2487.2021323104605,12,6471.833333333333
zipsexpresscarwash_5,5418.75,5319.5,7531.0,1013.0875511838236,12,5279.833333333333
zoomexpresscarwash_1,9973.5,9973.5,10243.0,381.1305550595491,2,9973.5
