client_id_location_id,calendar_year,actual,predicted,n_months,abs_error,pct_error,hit_abs,hit_pct
360carwash_1,2025,199616.0,151945.2878472616,11,47670.712152738386,0.23881207995720977,0,0
alohacarwash2_1,2025,58138.0,54689.604417271104,12,3448.3955827288955,0.059313969911742676,1,1
alohacarwash2_2,2025,78264.0,78834.93504326307,12,570.9350432630745,0.007294989308789156,1,1
alohacarwash_1,2025,42123.0,48847.56849220373,12,6724.568492203733,0.15964125281209154,1,1
alpineshell_1,2025,27737.0,31009.694133966143,11,3272.6941339661425,0.11799019843408236,1,1
alpinewash_1,2025,152014.0,152899.8079366786,12,885.8079366786114,0.0058271470830226916,1,1
altontowncenter_1,2025,106787.0,77860.75379155112,12,28926.24620844888,0.270877973989801,0,0
americanpride_1,2025,189798.0,185054.35032152064,12,4743.649678479356,0.0249931489187418,1,1
americanpride_3,2025,234319.0,216235.47063275758,12,18083.529367242416,0.07717483160666619,1,1
americanpride_4,2025,291403.0,280714.2937522569,12,10688.706247743103,0.03668015170654764,1,1
americanpride_5,2025,165439.0,136419.52097515442,12,29019.479024845583,0.17540893637440738,0,1
aquabluecarwash_1,2025,206005.0,184848.78837704807,12,21156.21162295193,0.10269756376278212,0,1
aquabluecarwash_3,2025,138003.0,99844.32201363081,12,38158.67798636919,0.27650614831829157,0,0
aquabreezecarwash_1,2025,228466.0,183094.6554441613,12,45371.3445558387,0.19859123263784853,0,1
aquabubblecarwash_1,2025,102013.0,121338.65202722825,12,19325.65202722825,0.18944303203737023,1,1
aquashineexpress_1,2025,67133.0,67231.52462017328,12,98.52462017328071,0.0014676034166993983,1,1
arcowash_1,2025,24166.0,24420.127030624044,12,254.12703062404398,0.0105158913607566,1,1
atlanticcitycarwash_1,2025,175097.0,193158.73184298823,12,18061.73184298823,0.10315272016646904,1,1
atlanticexpress_1,2025,128287.0,147736.7044251949,12,19449.704425194912,0.15161087581122726,1,1
autobahnautocarecenter_1,2025,126667.0,121527.08443852828,12,5139.9155614717165,0.040578173963792596,1,1
autobahnautocarecenter_3,2025,40212.0,19352.317358191965,12,20859.682641808035,0.5187427295784351,0,0
autobriteexpress_1,2025,109102.0,84984.28637583673,12,24117.71362416327,0.22105656747047048,0,0
autosoak_1,2025,100292.0,79375.81185438647,12,20916.18814561353,0.20855290696778936,0,0
autosportcarwash_1,2025,105146.0,99463.9334560317,12,5682.066543968307,0.054039778441103865,1,1
autowashexpress_1,2025,66102.0,67696.62539218827,12,1594.6253921882744,0.024123708695474786,1,1
bamboocarwash_1,2025,341648.0,325217.3727023874,12,16430.627297612606,0.04809226835108827,1,1
beachbumexpress_1,2025,104241.0,112078.32161369885,12,7837.3216136988485,0.07518463573544813,1,1
bellastonecarwash_1,2025,40943.0,38748.44696469658,12,2194.553035303419,0.053600201140693624,1,1
bigkahunacarwash_1,2025,51619.0,52647.97609985536,12,1028.976099855361,0.019934057224188013,1,1
bigpeachcarwash_1,2025,195871.0,213515.96356181873,12,17644.96356181873,0.0900846146791446,1,1
bigpeachcarwash_10,2025,127816.0,91539.42748612868,10,36276.57251387132,0.28381871216335447,0,0
bigpeachcarwash_12,2025,113295.0,101406.35855480519,12,11888.641445194808,0.1049352702696042,1,1
bigpeachcarwash_3,2025,148704.0,149060.99349867908,12,356.99349867907586,0.0024006986945816914,1,1
bigpeachcarwash_5,2025,139482.0,131520.34407936703,12,7961.655920632969,0.05708016748134504,1,1
bigpeachcarwash_7,2025,78530.0,76141.48403992283,12,2388.515960077173,0.030415331211984885,1,1
bigpeachcarwash_9,2025,44566.0,34480.48591328271,10,10085.514086717289,0.22630512244126214,1,0
blastcarwash_1,2025,182213.0,148512.92002181587,10,33700.079978184134,0.1849488235097613,0,1
bluecowcarwash_1,2025,301441.0,304340.5708885475,12,2899.570888547518,0.009619032873920661,1,1
blueiguana_1,2025,213920.0,206785.43809978553,12,7134.561900214467,0.033351542166297994,1,1
blueiguana_3,2025,171052.0,170826.3775188155,12,225.6224811844877,0.0013190286064149364,1,1
blueiguana_4,2025,111335.0,96660.54526434136,12,14674.45473565864,0.13180450654024917,1,1
blueiguana_5,2025,187357.0,162836.89995456187,12,24520.10004543813,0.13087367990220877,0,1
blueiguana_6,2025,73026.0,67268.24794790709,12,5757.75205209291,0.0788452339179595,1,1
blueiguana_7,2025,181860.0,175002.39092451506,12,6857.609075484943,0.037708177034449265,1,1
bluepenguincarwash_1,2025,119174.0,127514.48382418514,12,8340.48382418514,0.06998576723266098,1,1
bluepenguincarwash_2,2025,125682.0,122069.35718937605,12,3612.6428106239473,0.028744313510478407,1,1
bluepenguincarwash_3,2025,58621.0,57112.83831478468,12,1508.1616852153165,0.02572732783840802,1,1
blueskyenglewood_1,2025,52428.0,44310.812465853494,12,8117.187534146506,0.15482542790391596,1,1
blupalmexpress_1,2025,55880.0,69584.75782001184,12,13704.757820011844,0.24525336113120694,1,0
bluwavefl_1,2025,159362.0,105237.69602136855,10,54124.30397863145,0.33963117919348057,0,0
bocabestcarwash_1,2025,36837.0,38194.51025551852,12,1357.5102555185222,0.03685181354395098,1,1
brickyardcarwash_1,2025,174052.0,182841.22554002938,12,8789.22554002938,0.05049769919351332,1,1
brookhurstexpresscarwash_1,2025,105281.0,116785.49778027466,12,11504.497780274658,0.10927420693453385,1,1
bubbasexpresscarwash_1,2025,222056.0,231402.15274891246,12,9346.152748912456,0.0420891700693179,1,1
bubblebay_1,2025,166488.0,138258.87705267261,11,28229.122947327385,0.16955650225438101,0,1
bubbledown_1,2025,319265.0,305705.8363277175,12,13559.163672282477,0.04246993460693304,1,1
bubbledown_4,2025,274458.0,228803.69557000516,12,45654.30442999484,0.16634350038984047,0,1
bubbledown_5,2025,220336.0,123956.84818254804,12,96379.15181745196,0.4374189956132995,0,0
buffitautowash_1,2025,82708.0,92660.52194874606,12,9952.521948746056,0.12033324404829106,1,1
buffitautowash_2,2025,66447.0,60137.264952010104,12,6309.735047989896,0.09495891534591322,1,1
buggybath_1,2025,49495.0,51091.284715096954,12,1596.2847150969537,0.032251433783148875,1,1
bulldogcarwash_1,2025,24240.0,27020.3912767628,12,2780.391276762799,0.1147026104275082,1,1
cadillacexpresscarwash_1,2025,116073.0,142516.11296293503,12,26443.112962935033,0.227814504345843,0,0
cadillacexpresscarwash_3,2025,171925.0,183056.1531966111,12,11131.153196611092,0.06474423845636813,1,1
cadillacexpresscarwash_6,2025,64752.0,69903.73051304833,12,5151.730513048329,0.07956094812590081,1,1
cadillacexpresscarwash_7,2025,113623.0,99718.24237591778,12,13904.757624082224,0.12237625853992787,1,1
cadillacexpresscarwash_8,2025,123542.0,88918.24881291272,10,34623.751187087284,0.28025894988819416,0,0
cajunclean_2,2025,106464.0,106869.76666568249,12,405.76666568248766,0.0038113039683131166,1,1
cantonautowash_1,2025,58303.0,59042.56854398064,12,739.5685439806402,0.012684914052118077,1,1
capitolcarwash_1,2025,86793.0,86480.22669175171,12,312.77330824828823,0.0036036697458123146,1,1
carismacarwash_1,2025,55691.0,58332.07996164867,12,2641.0799616486693,0.047423820036427235,1,1
carmelcarwash_2,2025,94819.0,104454.2840999027,12,9635.284099902696,0.10161765152451192,1,1
carmelcarwash_3,2025,107037.0,122262.5152767056,12,15225.515276705599,0.14224534765273317,1,1
carmelcarwash_4,2025,88749.0,94628.05062643488,12,5879.0506264348805,0.0662435703662563,1,1
carrollcleancarwash_1,2025,230451.0,188185.2700321537,12,42265.7299678463,0.1834044112103931,0,1
carwashcafe_1,2025,27063.0,26231.215291493263,12,831.7847085067369,0.030735125762359566,1,1
carwashcompany_1,2025,115070.0,56529.55537610108,12,58540.44462389892,0.5087376781428602,0,0
carwashpalace_1,2025,64654.0,67647.17379174128,12,2993.173791741283,0.04629526079966101,1,1
centurycarwash_1,2025,134059.0,133211.534314879,12,847.4656851209875,0.006321587398988412,1,1
centurycarwash_2,2025,126715.0,133326.8595312618,12,6611.859531261813,0.05217898063577171,1,1
centurycarwash_4,2025,117174.0,126514.61041141141,12,9340.610411411413,0.07971572542894681,1,1
centurycarwash_5,2025,118252.0,156705.26881477973,12,38453.26881477973,0.32518070573672947,0,0
centurycarwash_6,2025,108794.0,101974.45052505886,12,6819.549474941145,0.06268313946487071,1,1
centurycarwash_7,2025,154795.0,128178.18780827551,12,26616.812191724486,0.17194878511401845,0,1
centurycarwash_8,2025,128045.0,100421.67937518604,12,27623.32062481396,0.21573134932886065,0,0
chagrinautospa_1,2025,43836.0,40056.053970587614,12,3779.9460294123855,0.08622926428990751,1,1
championcw_1,2025,60399.0,63207.09828966432,12,2808.098289664318,0.04649246328025825,1,1
championcw_10,2025,58098.0,63792.48253333586,12,5694.48253333586,0.09801512157623085,1,1
championcw_2,2025,64307.0,71092.71511331425,12,6785.715113314247,0.10552062937649474,1,1
championcw_3,2025,61494.0,63267.79544036908,12,1773.795440369082,0.028845016430368523,1,1
championcw_9,2025,46877.0,52942.72658724465,12,6065.7265872446515,0.12939664627097833,1,1
championscarwash_1,2025,147279.0,138032.6841356281,12,9246.315864371893,0.06278095223604106,1,1
champscarwash_1,2025,34868.0,33334.87261957,12,1533.12738043,0.04396946714552025,1,1
chandicarwash_1,2025,3596.0,4047.0744981026805,12,451.07449810268054,0.1254378470808344,1,1
chemicalguyscarwash_1,2025,167381.0,101974.1798914011,12,65406.8201085989,0.3907660971591692,0,0
circlek_1,2025,11662.0,16181.65857688391,12,4519.65857688391,0.38755432832137804,1,0
circlek_2,2025,10809.0,12625.68560449876,12,1816.6856044987599,0.168071570404178,1,1
circlek_3,2025,17261.0,16517.66588857167,12,743.3341114283285,0.043064371208407885,1,1
classicautowash_1,2025,141789.0,142423.31680226128,12,634.3168022612808,0.00447366722567534,1,1
classictouchcarwash_1,2025,61886.0,52700.74809543341,12,9185.25190456659,0.14842212947300829,1,1
classieexpresscarwash_1,2025,47659.0,25549.52513324306,12,22109.47486675694,0.4639097519200348,0,0
clean_2,2025,185700.0,145711.1490724664,12,39988.85092753361,0.21534114662107492,0,0
clean_4,2025,103312.0,80459.43700456632,10,22852.562995433676,0.22119950243373157,0,0
cleancarwash_1,2025,25216.0,21559.119488373024,12,3656.880511626976,0.14502222841160278,1,1
cleanwave_1,2025,195348.0,196933.96571873804,12,1585.9657187380362,0.008118668830692078,1,1
cleanwheels_1,2025,63504.0,79807.34365169033,12,16303.343651690331,0.2567293973874139,1,0
clostercarwash_1,2025,48559.0,47984.68912692008,12,574.3108730799213,0.011827073726393075,1,1
coastalcarwash_1,2025,149207.0,150566.73641243624,12,1359.7364124362357,0.009113087270947312,1,1
coastalcarwash_3,2025,618.9599999999998,631.067314463577,12,12.107314463577154,0.019560738114865514,1,1
colonialcarwash_1,2025,166984.0,163752.73671141872,12,3231.263288581278,0.019350735930276423,1,1
colonialcarwash_3,2025,129627.0,140584.15175334338,12,10957.15175334338,0.0845283139573035,1,1
colonialcarwash_4,2025,93724.0,100469.64212865365,12,6745.64212865365,0.0719734766831724,1,1
colonialcarwash_6,2025,79116.0,59646.677434646364,12,19469.322565353636,0.24608577993520445,1,0
completeautodetail&carwash_1,2025,6160.0,11720.954069583102,12,5560.954069583102,0.9027522840232308,1,0
controlstrainingclassroom_1,2025,819.3199999999999,1291.9935059929883,12,472.67350599298834,0.576909517640224,1,0
coolcleancarwash_1,2025,56737.0,52418.96723823162,12,4318.03276176838,0.07610611702713185,1,1
coralspringsclassiccarwash_1,2025,60330.0,44618.655739186004,12,15711.344260813996,0.26042340893111215,1,0
crownamerica_1,2025,145204.0,54265.62667229758,12,90938.37332770243,0.6262800840727696,0,0
crystalcleanautospa_1,2025,77979.0,73976.83034816716,12,4002.169651832839,0.051323685246448904,1,1
davidchevrolet_1,2025,42160.0,38942.54331431004,12,3217.456685689962,0.07631538628296873,1,1
daybreak_1,2025,29496.0,29516.76423439823,12,20.764234398229746,0.0007039678057441601,1,1
deepcleancarwash_1,2025,50974.0,33636.74721929698,11,17337.25278070302,0.3401195272237419,1,0
detricks_4,2025,202238.0,177069.8569630643,12,25168.14303693571,0.12444814049256674,0,1
dinodashwash_1,2025,164642.0,161964.13368539346,12,2677.8663146065373,0.01626478246502434,1,1
dinodashwash_2,2025,266647.0,309390.4253459065,12,42743.42534590652,0.1602996671476016,0,1
dixhillcarwashnew_1,2025,30784.0,35796.50800774029,12,5012.508007740289,0.1628283526422911,1,1
dripautospa_1,2025,147344.0,106094.54706249767,12,41249.45293750233,0.27995339435268707,0,0
dripcarwash_1,2025,154758.0,121958.88928562116,12,32799.11071437884,0.21193806274556948,0,0
drivethruexpress_1,2025,110528.0,121583.73101429325,12,11055.731014293255,0.10002651829666016,1,1
edgeexpress_1,2025,307137.0,288658.91536462127,12,18478.084635378735,0.06016235307168701,1,1
edgeexpress_2,2025,141830.0,132367.7584848221,12,9462.241515177913,0.0667153741463577,1,1
edgeexpress_4,2025,35555.0,35435.43075599913,12,119.56924400087155,0.003362937533423472,1,1
edgeexpress_5,2025,205309.0,184914.324051025,12,20394.675948974997,0.09933649255013173,0,1
edgeexpress_6,2025,136359.0,107525.44968144245,12,28833.55031855755,0.21145322507907474,0,0
edgeexpress_8,2025,236630.0,167893.56234599763,12,68736.43765400237,0.2904806561044769,0,0
elksedge_1,2025,181386.0,148156.87650037455,12,33229.12349962545,0.18319563527298385,0,1
encinitascarwash_1,2025,58808.0,67839.30847572586,12,9031.308475725862,0.15357278730318769,1,1
encinocarwash_1,2025,310426.0,271547.0088195746,12,38878.99118042539,0.125243991097477,0,1
englewoodcarwash_1,2025,21815.0,20999.319416574537,12,815.6805834254628,0.037390812900548374,1,1
evanstoncarwash_1,2025,59109.0,47836.24506861793,12,11272.754931382071,0.1907113118371495,1,1
evergreencarwash_1,2025,94200.0,97936.99411648208,12,3736.9941164820775,0.03967085049344031,1,1
expressonvaughn_1,2025,72772.0,66549.5926215497,12,6222.407378450298,0.0855055155616212,1,1
expresswash_1,2025,222814.0,210632.03775244148,12,12181.96224755852,0.054673235288440224,1,1
expresswash_3,2025,135077.0,141396.41320415694,12,6319.413204156939,0.04678378409467888,1,1
expresswash_4,2025,181332.0,149372.2662905138,12,31959.7337094862,0.17624982744075068,0,1
expressway55_1,2025,26671.0,32929.49956750446,12,6258.499567504463,0.23465560224605236,1,0
extremeexpress_1,2025,308199.0,292212.70223695313,12,15986.297763046867,0.05187005072387278,1,1
fastlaneexpresscarwash_1,2025,37025.0,47680.59421159102,12,10655.594211591022,0.2877945769504665,1,0
fastlapcarwash_1,2025,99130.0,98510.56917060979,12,619.4308293902141,0.00624867173802294,1,1
fastnfurious_1,2025,69255.0,52786.002154709066,11,16468.997845290934,0.23780229362920993,1,0
fastpasscarwash_1,2025,59614.0,67366.91652521788,12,7752.916525217879,0.13005194291974836,1,1
fasttrac_1,2025,80129.0,89982.11682020061,12,9853.116820200608,0.12296567809657688,1,1
finenshine_1,2025,38799.0,40533.51794051816,12,1734.5179405181625,0.04470522282837605,1,1
finzcarwash_1,2025,15031.0,18548.10847728455,12,3517.1084772845497,0.23399031849408222,1,0
firehosecarwash_1,2025,95923.0,72273.91017515586,12,23649.089824844137,0.24654243325213074,0,0
fivestar_5,2025,225922.0,205295.76815109208,12,20626.23184890792,0.09129802254277104,0,1
fivestar_6,2025,88528.0,66975.53634339622,12,21552.46365660378,0.24345363790669372,0,0
fivestar_7,2025,207483.0,151700.88160667045,12,55782.118393329554,0.2688515126218994,0,0
flawlessautobathinc_1,2025,59829.0,57280.37067556687,12,2548.629324433132,0.04259856130694365,1,1
floriscarwash_3,2025,108493.0,102233.68177766919,12,6259.31822233081,0.05769329101721595,1,1
foamworksexpress_10,2025,138444.0,102806.52503404024,12,35637.47496595976,0.2574143694631747,0,0
foamworksexpress_3,2025,101508.0,94445.58853854252,12,7062.411461457479,0.06957492474935452,1,1
foamworksexpress_6,2025,160054.0,142232.47442168073,12,17821.52557831927,0.11134695526709279,1,1
foamworksexpress_7,2025,71022.0,62406.188888147015,12,8615.811111852985,0.12131186268836396,1,1
foamworksexpress_8,2025,85937.0,73522.08224199143,12,12414.917758008567,0.1444653380733394,1,1
foamworksexpress_9,2025,103127.0,82531.57097553632,12,20595.42902446368,0.19970937799474123,0,1
foothillscarwash_1,2025,35758.0,36387.9513309444,12,629.951330944401,0.01761707396790651,1,1
fordroadcarwash_1,2025,175715.0,109934.9305813556,12,65780.0694186444,0.3743565968679077,0,0
freshwash_3,2025,65441.0,47865.2759285456,10,17575.724071454402,0.2685735864588622,1,0
gallocarwash_1,2025,211928.0,159756.39604602236,12,52171.60395397764,0.2461760784510666,0,0
gateexpress_11,2025,148488.0,168522.15820208832,11,20034.15820208832,0.13492105895485373,0,1
gateexpress_12,2025,144747.0,152306.34511322173,10,7559.345113221731,0.052224537387453494,1,1
gateexpress_13,2025,185168.0,186937.7719721234,10,1769.771972123388,0.009557655599905967,1,1
gateexpress_14,2025,160042.0,162499.6193439407,10,2457.6193439406925,0.015356089926023747,1,1
gateexpress_15,2025,112027.0,128478.41675760126,10,16451.416757601255,0.1468522477402881,1,1
gateexpress_18,2025,137600.0,114272.84200545459,11,23327.157994545414,0.16952876449524285,0,1
gateexpress_2,2025,172935.0,193385.7046288437,12,20450.704628843698,0.11825659715409662,0,1
gateexpress_4,2025,217659.0,226020.91893660487,12,8361.918936604867,0.038417519774532026,1,1
gateexpress_5,2025,185088.0,198787.78065173616,12,13699.78065173616,0.07401765998733661,1,1
gateexpress_6,2025,225543.0,231527.77248188746,12,5984.772481887456,0.026534951126337133,1,1
gateexpress_7,2025,197256.0,242804.19799943973,12,45548.197999439726,0.23090906233239913,0,0
gateexpress_8,2025,167176.0,184354.54790749412,11,17178.547907494125,0.10275726125457078,1,1
gateexpress_9,2025,168380.0,194246.4841273167,11,25866.48412731671,0.15361969430643016,0,1
glacierexpress_3,2025,107719.0,104582.33282649433,12,3136.6671735056734,0.029118977835903354,1,1
glocarwash_1,2025,104253.0,59593.72752732379,12,44659.27247267621,0.4283739793835785,0,0
glosscarwash_1,2025,95479.0,135760.77022188966,12,40281.77022188966,0.42189141300065625,0,0
gocleancarwash_1,2025,81826.0,95135.02341415279,12,13309.02341415279,0.16265029958879562,1,1
gocleancarwash_2,2025,56713.0,63545.36022370001,12,6832.360223700009,0.12047255873785567,1,1
gocleancarwash_3,2025,87734.0,85547.18458718745,12,2186.815412812546,0.024925518189214513,1,1
gocleanpensacola_2,2025,70668.0,64306.504912499906,12,6361.495087500094,0.09001945841823872,1,1
gogreennclean1_1,2025,143403.0,145987.65972687476,12,2584.6597268747573,0.018023749341887947,1,1
googie_1,2025,257475.0,245368.1454865088,12,12106.854513491213,0.047021475923841975,1,1
grandprixcarwash_1,2025,33211.0,33930.59912307415,12,719.5991230741492,0.021667493392976703,1,1
greatnorthautowash_1,2025,76871.0,67848.50147734043,12,9022.498522659575,0.11737194159903702,1,1
greenoceancarwash_1,2025,107239.0,100118.5364756785,12,7120.463524321502,0.06639807835136007,1,1
greenwayautowash_1,2025,70830.0,77772.44641362445,10,6942.44641362445,0.09801562069214245,1,1
grimescene_1,2025,156904.0,153711.62747078066,12,3192.3725292193412,0.020346023869495623,1,1
gwatzillacarwash_1,2025,102248.0,96067.64545221196,12,6180.35454778804,0.0604447475528914,1,1
h2glocarwash_1,2025,55261.0,52663.09084721242,12,2597.909152787579,0.047011620361332204,1,1
h2oautospa_1,2025,73553.0,69519.07676595091,12,4033.9232340490853,0.05484376210418454,1,1
haffners_1,2025,103050.0,86989.71483537144,12,16060.285164628556,0.15584944361599765,1,1
haffners_10,2025,95381.0,94055.33216556472,12,1325.667834435284,0.01389865732625244,1,1
haffners_2,2025,106492.0,100032.97981529101,12,6459.020184708992,0.060652632918050106,1,1
haffners_3,2025,111726.0,107878.14051991742,12,3847.8594800825813,0.03444014356624762,1,1
haffners_5,2025,43840.0,43684.05614268238,12,155.94385731762304,0.003557113533704905,1,1
haffners_6,2025,101936.0,94818.28232445037,12,7117.717675549633,0.06982535782794727,1,1
haffners_7,2025,113372.0,98983.8442132748,12,14388.155786725198,0.1269110167124616,1,1
haffners_8,2025,101925.0,97718.23836414784,12,4206.761635852163,0.041273109010077635,1,1
happycarwash2_1,2025,57135.0,50558.07832891432,12,6576.921671085678,0.11511195713810586,1,1
havasuexpress_1,2025,59473.0,29530.67568659717,12,29942.32431340283,0.5034608026062722,0,0
heroescarwash_3,2025,223095.0,216226.46811848177,12,6868.531881518225,0.030787475656192317,1,1
heroescarwash_8,2025,291959.0,258087.76086819192,12,33871.23913180808,0.1160136838796135,0,1
heroescarwash_9,2025,170666.0,141586.8407813139,12,29079.15921868611,0.17038636411872377,0,1
hippocarwash_1,2025,103870.0,101951.50376955177,12,1918.4962304482324,0.01847016684748467,1,1
hitechautocare_1,2025,60818.0,50680.12016481898,12,10137.879835181018,0.16669209502418722,1,1
ikocarwash_1,2025,79702.0,71463.15895300834,12,8238.841046991656,0.10337056845489016,1,1
imperialcarwash_1,2025,104022.0,109311.47141731987,12,5289.471417319874,0.05084954545499869,1,1
internationalautospa_1,2025,103649.0,102811.85205367865,12,837.1479463213473,0.008076758543944922,1,1
jammincarwash_1,2025,172553.0,191241.6158609075,12,18688.615860907506,0.10830652530473249,1,1
jcautowash_1,2025,7988.0,9103.733700338418,12,1115.7337003384182,0.1396762268826262,1,1
jetexpresscarwash_1,2025,50252.0,56151.29543006421,12,5899.295430064209,0.11739424162350172,1,1
jetexpressfranklin_1,2025,131311.0,113215.7539862713,12,18095.246013728698,0.137804494777503,1,1
jimmysudscarwash_1,2025,130086.0,135530.2145991869,12,5444.214599186904,0.041850887867925096,1,1
jjexpresscarwash_1,2025,71373.0,94360.20536526221,12,22987.205365262213,0.32207144669920296,0,0
jjscarwash_1,2025,137604.0,135796.25191324018,12,1807.7480867598206,0.0131373222199923,1,1
jjscarwash_3,2025,204511.0,193103.29214578666,12,11407.707854213339,0.055780412076677235,1,1
jjscarwash_4,2025,176983.0,159629.861792474,12,17353.138207526004,0.09804974606332814,1,1
julescarwash_1,2025,90613.0,97545.57475369924,12,6932.574753699242,0.07650750724177814,1,1
julescarwash_2,2025,49015.0,54847.94280698465,12,5832.942806984647,0.11900321956512593,1,1
jupitergalaxycarwash_1,2025,14853.0,13891.29355299199,11,961.7064470080095,0.06474829643896919,1,1
kindcarwash_1,2025,200421.0,191162.0726484104,12,9258.927351589606,0.04619739124936811,1,1
kiwicarwash_1,2025,328230.0,331959.0153490262,12,3729.0153490261873,0.01136098269209453,1,1
koalacarwash_1,2025,58871.0,71547.07981457873,12,12676.079814578727,0.21531959393553238,1,0
kuhnsvillecarwash_1,2025,79149.0,77149.48574764871,12,1999.5142523512914,0.025262659696917097,1,1
kwikcarwash_1,2025,12845.0,9034.049321572593,12,3810.950678427407,0.2966874798308608,1,0
lakesedge_1,2025,122244.0,90758.00001266052,12,31485.999987339485,0.2575668334424551,0,0
lathroparcocarwash_1,2025,36948.0,40304.47931091998,12,3356.479310919982,0.09084332875717174,1,1
laxpresscarwash_1,2025,34400.0,30375.426120172404,12,4024.573879827596,0.1169934267391743,1,1
legacyexpresswash_1,2025,151862.0,138835.5781135837,12,13026.421886416298,0.0857780214037501,1,1
lexingtonautospa_1,2025,44904.0,39012.033966554205,12,5891.966033445795,0.13121249851785577,1,1
lightningfast_1,2025,40371.0,42906.278265241235,12,2535.278265241235,0.06279949134877102,1,1
localcarwash_1,2025,33142.0,34338.44165270457,12,1196.4416527045687,0.036100466257454854,1,1
lonestarsudsexpress_2,2025,329957.0,297363.1366122695,12,32593.863387730496,0.09878215460720789,0,1
louisvillehondaworld_1,2025,28754.0,38208.073194684875,12,9454.073194684875,0.3287915835947999,1,0
luvcarwash_39,2025,81284.0,62643.2920076856,12,18640.707992314397,0.22932813336344665,1,0
luvcarwash_44,2025,165692.0,184729.98832058415,10,19037.988320584147,0.11489986433010735,1,1
luvcarwash_45,2025,171937.0,170263.09576056144,12,1673.9042394385615,0.009735567326628716,1,1
luvcarwash_46,2025,107274.0,95872.32497748657,10,11401.675022513431,0.10628554004244674,1,1
luvcarwash_47,2025,140527.0,107890.44889220769,10,32636.551107792315,0.23224398946673816,0,0
luvcarwash_49,2025,160709.0,165044.9554642609,12,4335.9554642608855,0.02698016579196489,1,1
luvcarwash_50,2025,98318.0,75973.40472064604,11,22344.59527935396,0.22726861082766087,0,0
luvcarwash_54,2025,214979.0,183841.89814716016,11,31137.10185283984,0.14483787650347169,0,1
mach1expresswash_1,2025,80260.0,81934.5864592198,12,1674.586459219805,0.020864521046845316,1,1
mach1expresswash_10,2025,55260.0,62006.1152401141,12,6746.115240114101,0.12207953746134818,1,1
mach1expresswash_12,2025,118554.0,107514.80522259769,12,11039.194777402314,0.09311532953255322,1,1
mach1expresswash_13,2025,44872.0,46914.22347094687,12,2042.2234709468685,0.0455122007253269,1,1
mach1expresswash_14,2025,73822.0,85652.73677702498,11,11830.736777024984,0.1602603123327055,1,1
mach1expresswash_15,2025,40376.0,37545.83730859494,12,2830.1626914050576,0.07009517266210268,1,1
mach1expresswash_6,2025,120186.0,117851.3986860608,12,2334.6013139392016,0.01942490235084953,1,1
mach1expresswash_9,2025,67511.0,72031.2500039999,12,4520.2500039998995,0.06695575541763416,1,1
magicbrush_1,2025,19842.0,18053.630375542038,12,1788.3696244579623,0.09013051226982977,1,1
magicbrush_2,2025,69159.0,69431.44918097273,12,272.4491809727333,0.0039394609663635,1,1
magicbrush_3,2025,31612.0,36504.71532846582,12,4892.71532846582,0.15477398862665506,1,1
magicbrush_4,2025,131235.0,119149.11145863145,12,12085.88854136855,0.0920934852849358,1,1
magiccitycarwash_1,2025,81382.0,76526.47088692745,12,4855.529113072553,0.05966342819140047,1,1
magnolia_60,2025,21836.0,19027.758652210247,12,2808.2413477897535,0.12860603351299477,1,1
magnolia_61,2025,77427.0,52636.94316029231,11,24790.056839707693,0.3201732837344556,0,0
magnolia_62,2025,98776.0,89144.1727026079,12,9631.827297392098,0.09751181762160947,1,1
magnolia_63,2025,83884.0,45440.836414323036,11,38443.163585676964,0.4582895854474866,0,0
magnolia_64,2025,105650.0,105530.448366059,12,119.55163394099509,0.0011315819587410798,1,1
magnolia_66,2025,126277.0,143498.58570908796,10,17221.585709087958,0.1363794333812805,1,1
magnolia_67,2025,56073.0,73225.10319344526,10,17152.103193445262,0.3058888091139276,1,0
magnuscarwash_1,2025,17577.0,29924.736811562816,12,12347.736811562816,0.7024939871174157,1,0
megashine_1,2025,55085.0,48263.97177079878,12,6821.02822920122,0.12382732557322719,1,1
mendhamcarwash_1,2025,32437.0,29233.14649144886,12,3203.8535085511394,0.09877157285048369,1,1
mintcarwash_1,2025,75854.0,78865.0568003198,12,3011.0568003197986,0.03969542542673819,1,1
mintexpresscarwash_1,2025,132354.0,141783.48164359346,12,9429.481643593463,0.07124440246304202,1,1
mintexpresscarwash_3,2025,119147.0,117680.33538445404,12,1466.6646155459603,0.012309706627493434,1,1
misticexpresscarwash_1,2025,44628.0,39877.80520833597,12,4750.194791664027,0.1064397864942195,1,1
misticexpresscarwash_2,2025,44932.0,39251.97648528393,12,5680.023514716071,0.12641377002394888,1,1
misticexpresscarwash_3,2025,12054.0,15866.725563534164,12,3812.7255635341644,0.3163037633593964,1,0
mojoxpresswash_1,2025,69005.0,69909.30790777564,12,904.3079077756411,0.013104962071960598,1,1
mojoxpresswash_2,2025,61356.0,57869.6685107568,12,3486.3314892432027,0.05682136203864663,1,1
monkeyshine_1,2025,66058.0,73971.74878933771,12,7913.748789337711,0.11980000589387677,1,1
monstersexpressllc_1,2025,173882.0,182636.25040148266,12,8754.250401482655,0.050345926556415586,1,1
mountainedge_1,2025,175236.0,160569.98968248977,12,14666.010317510227,0.08369290737924985,1,1
mountainexpress_1,2025,113576.0,95678.05941611345,12,17897.94058388655,0.15758558660180452,1,1
mountainexpress_2,2025,77351.0,76655.57508509042,12,695.4249149095849,0.00899050968842788,1,1
moyka441_1,2025,172463.0,181287.76350705177,12,8824.763507051772,0.05116902470125054,1,1
moyka441_3,2025,67176.0,70943.79566215984,12,3767.7956621598423,0.0560884194081196,1,1
mrcleancarwash_1,2025,79262.0,149650.52261290894,12,70388.52261290894,0.8880487826815996,0,0
mrcleancarwash_11,2025,99983.0,109353.29343431802,12,9370.293434318024,0.09371886655049383,1,1
mrcleancarwash_12,2025,42745.16,63822.926991132466,12,21077.766991132463,0.49310300841387567,0,0
mrcleancarwash_13,2025,116462.0,112053.35469763468,12,4408.645302365316,0.03785479643459082,1,1
mrcleancarwash_14,2025,68684.0,87042.91287963411,12,18358.91287963411,0.2672953363175428,1,0
mrcleancarwash_15,2025,55784.0,54217.4493232147,12,1566.5506767853003,0.028082437200367495,1,1
mrcleancarwash_16,2025,85965.0,94917.14951798119,12,8952.14951798119,0.10413714323249218,1,1
mrcleancarwash_19,2025,40904.0,74072.58442281972,11,33168.584422819724,0.8108885297970791,0,0
mrcleancarwash_3,2025,115548.58,146101.14700748742,12,30552.56700748742,0.26441317589093194,0,0
mrcleancarwash_4,2025,134557.0,185753.41430391432,12,51196.414303914324,0.38048124069289835,0,0
mrcleancarwash_6,2025,60196.0,82786.6480283459,12,22590.648028345895,0.3752848698974333,0,0
mrcleancarwash_9,2025,100134.0,88536.35134753768,12,11597.648652462318,0.11582128600138132,1,1
mrdcarwash_1,2025,53128.0,47114.10931874306,12,6013.89068125694,0.11319625585862333,1,1
newportautospa_1,2025,15932.0,20860.431478800157,12,4928.4314788001575,0.3093416695204719,1,0
nicholasvillecw_1,2025,26164.0,24685.18208276479,12,1478.8179172352102,0.05652109452817651,1,1
norcoautospa_1,2025,42038.0,46107.585316851924,12,4069.5853168519243,0.09680730093848243,1,1
northportcarwash_1,2025,32929.0,30526.90294132509,12,2402.09705867491,0.07294776818837226,1,1
oasisautospa_1,2025,83196.0,63265.97695283775,12,19930.02304716225,0.23955506331028234,1,0
obxpress_1,2025,50330.0,42197.06734507055,12,8132.932654929449,0.16159214494197197,1,1
oceanexpress_1,2025,168479.0,187450.55339041166,12,18971.55339041166,0.11260485514759501,1,1
oceanstatecarwash_1,2025,78635.0,83024.99834326815,12,4389.998343268147,0.05582753663468109,1,1
olliewash_1,2025,177642.0,181484.1348575074,12,3842.1348575073935,0.021628527361251242,1,1
orcaexpress_1,2025,67337.0,72713.77912194638,12,5376.779121946383,0.07984880707406601,1,1
papabear_1,2025,326761.0,284602.0143455138,12,42158.98565448623,0.12902086128542337,0,1
papabear_3,2025,313415.0,270607.8762690837,12,42807.1237309163,0.13658288126259527,0,1
papabear_4,2025,305900.0,247157.72686238718,12,58742.27313761282,0.19203096808634462,0,1
paradisefallscarwash_1,2025,181113.0,171993.95490945535,12,9119.045090544649,0.050350030591645265,1,1
paradisefallscarwash_3,2025,71813.0,65236.916157825624,12,6576.083842174376,0.0915723315022959,1,1
pastimeautowash_1,2025,31422.0,31905.24588330366,12,483.2458833036617,0.015379221033150712,1,1
patriotpetroleum_1,2025,16658.0,20153.246576207435,12,3495.2465762074353,0.20982390300200715,1,0
pelicanautowash_1,2025,43606.0,39868.12158461661,12,3737.8784153833913,0.08571936007392082,1,1
pelicancarwash_1,2025,91324.0,77511.04879265446,12,13812.95120734554,0.1512521484751603,1,1
piratescove_1,2025,92532.0,79410.72598370483,12,13121.274016295167,0.14180255496795882,1,1
planetoil_1,2025,140385.0,116060.2916852355,12,24324.708314764503,0.1732714201286783,0,1
platinumautospa_1,2025,138172.0,140767.33989043013,12,2595.3398904301284,0.018783399606505866,1,1
precisionexpresscarwash_1,2025,59482.0,62683.4527853692,12,3201.452785369198,0.05382221151557106,1,1
prestigeautospa_1,2025,86008.0,87118.37390365737,12,1110.373903657368,0.012910123519409449,1,1
prestigecarwash_1,2025,193010.0,199597.34884467523,12,6587.348844675231,0.03412957279247309,1,1
prestoconyerscarwash_1,2025,81026.0,76230.86193952632,12,4795.138060473677,0.05918023918833062,1,1
purecarwash_1,2025,136748.0,138955.59522360604,12,2207.5952236060402,0.016143528414353705,1,1
pvcarwash_1,2025,29943.0,30073.360541068658,12,130.36054106865777,0.004353623253136218,1,1
quickjetcarwash_1,2025,118410.0,117180.84640185768,12,1229.1535981423222,0.010380488118759582,1,1
quicknclean_1,2025,98980.0,89998.0492255465,12,8981.950774453493,0.09074510784454934,1,1
radiantexpresscarwash_3,2025,163847.0,180045.72407535408,12,16198.724075354083,0.09886494153297944,1,1
radiantexpresscarwash_4,2025,130273.0,134465.13962825752,12,4192.139628257515,0.03217965064332222,1,1
radiantexpresscarwash_5,2025,101256.0,106718.21556321878,12,5462.215563218779,0.05394461131408291,1,1
radiantexpresscarwash_6,2025,187745.0,204545.99399428212,12,16800.993994282122,0.08948836983292296,1,1
radiantexpresscarwash_7,2025,123712.0,125812.36503564542,12,2100.3650356454164,0.01697786015621295,1,1
radiantexpresscarwash_8,2025,140599.0,115676.8887964246,12,24922.111203575405,0.17725667468172182,0,1
ridethru_1,2025,60437.0,53900.108552785925,10,6536.891447214075,0.10816042237725358,1,1
rinsemyride_2,2025,10673.0,10935.850230544234,12,262.85023054423436,0.02462758648404707,1,1
rinsemyride_4,2025,15474.0,18983.07410873355,11,3509.074108733548,0.22677227017794677,1,0
riptide_1,2025,160029.0,132722.24212932476,12,27306.75787067524,0.17063630886073924,0,1
riptide_11,2025,188327.0,152176.86483994641,10,36150.135160053585,0.19195407541167006,0,1
riptide_2,2025,141126.0,113659.93678231738,12,27466.06321768262,0.1946208580820162,0,1
riptide_3,2025,216779.0,183066.42140071848,12,33712.57859928152,0.1555158876057253,0,1
riptide_5,2025,315359.0,269875.3305856098,12,45483.66941439023,0.14422822692357037,0,1
riptide_6,2025,151103.0,118422.77901967998,12,32680.220980320024,0.21627777727986885,0,0
riptide_7,2025,107650.0,78595.2032839894,12,29054.796716010605,0.2699005733024673,0,0
riptide_8,2025,106061.0,68506.46424916683,12,37554.535750833165,0.3540843076232844,0,0
riptide_9,2025,137089.0,85297.11743183639,10,51791.88256816361,0.3777975079558798,0,0
riverheadtoyotacarwash_1,2025,10217.0,10093.961308526075,12,123.0386914739247,0.012042545901333532,1,1
riverside_1,2025,107052.0,108827.22212039575,12,1775.2221203957452,0.01658280200646177,1,1
riverside_2,2025,96508.0,116829.95032486372,12,20321.95032486372,0.21057270200256684,0,0
riverside_3,2025,47500.0,44868.19458016108,12,2631.805419838922,0.05540642989134572,1,1
roadrunner_1,2025,125418.0,113150.23788349467,12,12267.762116505328,0.09781500356013752,1,1
roadrunner_2,2025,66637.0,66472.18319827541,12,164.81680172459164,0.002473352667806048,1,1
roadrunnerexpress_1,2025,111026.0,81669.46947693168,12,29356.530523068315,0.2644113137739657,0,0
roadrunnerexpress_3,2025,110864.0,86919.04197669118,12,23944.95802330882,0.2159849727892627,0,0
rock&rollcarwash_1,2025,98800.0,96070.80919760079,12,2729.1908023992146,0.02762338868825116,1,1
rockawayautobath_1,2025,40321.0,40500.79076178917,12,179.79076178916876,0.004458985684610222,1,1
rocketwash2_3,2025,71146.0,65163.34560769466,12,5982.65439230534,0.08408982082345233,1,1
rocketwash2_4,2025,148534.0,127977.96845737475,12,20556.03154262525,0.13839276894600058,0,1
rocketwash2_5,2025,68467.0,58728.965287117906,12,9738.034712882094,0.14222961007320453,1,1
rocketwash2_7,2025,214061.0,191229.06047966826,12,22831.93952033174,0.10666090282831407,0,1
rocketwash_5,2025,110403.0,103326.28317132383,12,7076.7168286761735,0.06409895409251717,1,1
rocknrollexpresscarwash_1,2025,85919.0,98543.19672756198,12,12624.196727561983,0.14693137405651815,1,1
rocksedge_1,2025,144985.0,124140.81974946086,12,20844.18025053914,0.14376783978024718,0,1
roguecarwash_1,2025,171560.0,138568.1427569151,12,32991.8572430849,0.1923050667001918,0,1
rollingthunder_1,2025,132391.0,115067.03001345831,12,17323.96998654169,0.13085458971185118,1,1
route66carwash_1,2025,41714.0,37475.97835734386,12,4238.021642656138,0.1015971051123397,1,1
rubadub_1,2025,101942.0,92787.867654116,12,9154.132345884005,0.08979745684687376,1,1
russellspeedersavon_1,2025,618.9599999999998,600.7952663237187,12,18.164733676281116,0.02934718507864987,1,1
sandiegocarcarecostaverde_1,2025,33143.0,37716.066394577116,12,4573.066394577116,0.13797985681975428,1,1
sandiegocarcarecostaverde_2,2025,10385.0,11516.443332843292,12,1131.4433328432915,0.10894976724538194,1,1
sandiegocarcarecostaverde_3,2025,24035.0,24974.75010617234,12,939.7501061723415,0.03909923470656715,1,1
sandiegocarcarecostaverde_4,2025,5457.0,4704.549120360881,12,752.4508796391192,0.13788727865844222,1,1
saratogahonda_1,2025,24364.0,19685.22209101171,12,4678.77790898829,0.19203652557003323,1,1
sasqwash_1,2025,96446.0,86233.35057281393,12,10212.649427186072,0.10588981841845252,1,1
scarboroughcarwash_1,2025,99258.0,79884.01576683127,12,19373.984233168725,0.19518813831800685,1,1
scrubblesstl_1,2025,104821.0,80200.85574416156,12,24620.144255838444,0.23487797536599006,0,0
scrubblesstl_4,2025,100718.0,72040.72568967014,12,28677.274310329856,0.28472839323983656,0,0
scrubblesstl_6,2025,89378.0,67404.766527529,12,21973.233472470994,0.24584610835408036,0,0
seafordcarwash_1,2025,40120.0,41998.930260638896,12,1878.9302606388956,0.04683275824124864,1,1
seawaycarwash_1,2025,60746.0,56063.25828281859,12,4682.741717181409,0.07708724388735734,1,1
seawaycarwash_2,2025,41623.0,34917.9191868618,12,6705.0808131382,0.16109076263455782,1,1
seawaycarwash_3,2025,22897.0,23231.16938167183,12,334.1693816718289,0.014594461356152723,1,1
secaucuscarwash_1,2025,37913.0,38036.66032051592,12,123.66032051591901,0.0032616865063677105,1,1
slash77carwash_1,2025,70990.0,70321.16375809022,12,668.836241909783,0.009421555738974264,1,1
slimolsoncarwash_1,2025,25728.0,27838.58494756853,12,2110.584947568532,0.08203455175561769,1,1
snapclean_1,2025,107712.0,114738.93648777355,12,7026.93648777355,0.06523819525933554,1,1
snapclean_2,2025,165434.0,154735.37458996312,12,10698.625410036882,0.06467005216604134,1,1
snapclean_3,2025,162496.0,157003.5070953341,12,5492.492904665909,0.033800788355811275,1,1
snappycarwash_3,2025,32386.0,30553.702277422795,12,1832.2977225772047,0.05657684563012427,1,1
snappycarwash_6,2025,104174.0,96371.04968939051,12,7802.950310609493,0.07490304980714471,1,1
snappykedzieexpresswash_1,2025,142011.0,127883.23984204556,12,14127.760157954443,0.09948356224485738,1,1
soapatopia_1,2025,53302.0,43629.899478020765,12,9672.100521979235,0.1814584916509556,1,1
soapatopia_4,2025,38644.0,25177.935377821806,12,13466.064622178194,0.3484645642836713,1,0
soapies_1,2025,60475.0,47952.99535348779,12,12522.004646512207,0.20706084574637795,1,0
soapysaddles_1,2025,82045.0,82501.50051716313,12,456.50051716313465,0.005564026048670055,1,1
soapyshark_1,2025,131773.0,132975.74218792754,12,1202.7421879275353,0.009127379568861112,1,1
soggydogcarwash_1,2025,26802.0,30657.872399586555,12,3855.872399586555,0.14386509960400548,1,1
solarcity_1,2025,62366.0,72226.57032190084,12,9860.570321900843,0.1581081089359722,1,1
someguyscarwash_1,2025,20504.0,24868.403438533835,12,4364.403438533835,0.2128561957927153,1,0
sonicsuds_1,2025,190857.0,182942.12757609886,12,7914.872423901135,0.04147017098613693,1,1
sonicsuds_2,2025,165739.0,154720.59742844544,12,11018.402571554558,0.06648044558947838,1,1
sonicsuds_4,2025,215085.0,180575.30005514983,12,34509.699944850174,0.1604467998458757,0,1
sonoranexpresscarwash_1,2025,67953.0,81805.76145453422,12,13852.761454534222,0.20385798205427608,1,0
sonoranexpresscarwash_2,2025,31454.0,32160.04463061051,12,706.0446306105114,0.02244689484995585,1,1
spartacarwash_1,2025,14266.0,15005.236253292253,12,739.2362532922525,0.05181804663481372,1,1
speedyfalconcarwash_1,2025,121883.0,123119.73894837996,12,1236.7389483799634,0.010146935572474942,1,1
speedyfalconcarwash_2,2025,33312.0,32657.232061784238,12,654.7679382157621,0.019655617741827634,1,1
splash_4,2025,372951.0,183514.86150057742,11,189436.13849942258,0.5079384114787803,0,0
splashhopperexpresswash_1,2025,81037.0,83968.1422937159,12,2931.142293715893,0.03617041960728918,1,1
squeakycleancarwash2_1,2025,29651.0,24615.7405846554,12,5035.259415344601,0.16981752437842235,1,1
statenislandautobathinc_1,2025,54794.0,43856.64656703206,12,10937.353432967939,0.199608596433331,1,1
statestreetautowash_2,2025,66362.0,60646.82900250768,12,5715.1709974923215,0.08612113856562975,1,1
stevenscreekxpress_1,2025,346822.0,287776.7649301038,12,59045.23506989621,0.17024650993851662,0,1
stonewashcarcarecenter_1,2025,45500.0,41072.44688217088,12,4427.55311782912,0.09730885973250814,1,1
sudsdeluxe_1,2025,127291.0,142123.83470430432,12,14832.834704304318,0.11652697130436808,1,1
sudsdeluxe_3,2025,210372.0,222867.46316982407,12,12495.46316982407,0.05939698804890418,1,1
sudsdeluxe_4,2025,343636.0,349571.8437477094,12,5935.843747709412,0.017273637650622786,1,1
sudsdeluxe_5,2025,134493.0,159349.13566218416,12,24856.135662184155,0.18481360117020332,0,1
sudsdeluxe_7,2025,186639.0,201457.35448457493,12,14818.354484574927,0.07939580947484141,1,1
sudsdeluxe_8,2025,132933.0,137051.54391489906,12,4118.543914899055,0.030982103126379872,1,1
sudstop_1,2025,142156.0,111685.07448261578,10,30470.925517384225,0.21434850106491618,0,0
sunnydazecarwash_1,2025,80553.0,68829.5430206637,12,11723.456979336304,0.1455371864404343,1,1
sunrisecarwash_1,2025,37257.0,42253.862848732235,12,4996.862848732235,0.13411876556706753,1,1
sunsetcw_1,2025,58363.0,56912.678960553996,12,1450.3210394460039,0.024850008386237923,1,1
sunsplash_1,2025,189332.0,199269.34260611114,12,9937.342606111139,0.05248633409096792,1,1
superduck_1,2025,116631.0,117562.979558086,12,931.9795580859936,0.007990839125841274,1,1
superduck_2,2025,140924.0,141656.17113076878,12,732.1711307687801,0.005195503468314696,1,1
superfineautospa_1,2025,16568.0,22776.263644125247,12,6208.263644125247,0.3747141262750632,1,0
superioralmedacarwash_1,2025,50209.0,54990.44546823682,12,4781.445468236823,0.09523084443499817,1,1
superiorfrycarwash_1,2025,30620.0,34388.12492337862,12,3768.124923378622,0.12306090540100006,1,1
superiormermaidcarwash_1,2025,16072.0,20657.46587180517,12,4585.465871805169,0.28530773219295474,1,0
superiorshinecarwash_1,2025,137440.0,137578.19614954744,12,138.19614954743884,0.001005501670164718,1,1
superiortexascarwash_1,2025,33978.0,37977.39141516508,12,3999.3914151650824,0.11770532153643777,1,1
superiortomballcarwash_1,2025,49756.0,52793.33883066168,12,3037.3388306616835,0.06104467462540565,1,1
superscrubcarwash_1,2025,56940.0,51282.44812072944,12,5657.5518792705625,0.0993598854806913,1,1
supersplashcarwash_1,2025,340997.0,415215.2292938714,12,74218.22929387138,0.21765068107306335,0,0
superspray_1,2025,25868.0,24859.85335277272,12,1008.1466472272805,0.038972732612775646,1,1
supersuds_1,2025,189378.0,182735.46200803097,12,6642.537991969031,0.03507555255609961,1,1
texascarwash_1,2025,37104.0,42755.654959606545,12,5651.654959606545,0.1523192906319142,1,1
texaspridecarwash_1,2025,89534.0,78217.93511254502,10,11316.06488745498,0.12638846569409365,1,1
theautospa_1,2025,57459.0,62920.74415235549,12,5461.744152355488,0.09505463290964841,1,1
theautospa_3,2025,129116.0,109950.02166184792,12,19165.978338152083,0.14843999456420648,1,1
thewashery_1,2025,87524.0,82525.33716773003,12,4998.662832269969,0.05711191024484677,1,1
thoroughbred_19,2025,51222.0,42099.63217737712,11,9122.36782262288,0.1780947214599758,1,1
thoroughbred_20,2025,88467.0,76771.19291229012,11,11695.80708770988,0.13220530918545761,1,1
thoroughbred_21,2025,70580.0,62148.52076135919,10,8431.479238640808,0.11945989286824607,1,1
tigerwash_1,2025,121599.0,81680.48093069541,10,39918.51906930459,0.3282799946488424,0,0
tlccarwash_1,2025,15638.0,16733.84630154316,12,1095.846301543159,0.07007586018308984,1,1
topwash_1,2025,205983.0,200262.40815683117,12,5720.591843168833,0.02777215519323844,1,1
totalpackagecarwash_3,2025,155693.0,145004.06139079985,12,10688.938609200151,0.06865394468087936,1,1
touch&gocarwash_1,2025,115211.0,115154.16631527361,12,56.8336847263854,0.0004933008543141315,1,1
trucarwash_1,2025,75770.0,75626.95920147623,12,143.0407985237689,0.0018878289365681523,1,1
trueclean_1,2025,158964.0,138926.66275238513,12,20037.337247614865,0.12604952849459541,0,1
trushine_1,2025,70474.0,66692.57734320681,12,3781.422656793191,0.05365698919875686,1,1
trushine_3,2025,97549.0,97445.60934405938,12,103.39065594061685,0.0010598843241921172,1,1
trushine_4,2025,137152.0,122134.05344811402,12,15017.94655188598,0.10949856037014392,1,1
trushine_5,2025,100145.0,82946.1524240305,12,17198.8475759695,0.17173945355204454,1,1
trushine_6,2025,106661.0,111642.19795868921,12,4981.197958689212,0.04670121186459167,1,1
trushine_7,2025,73875.0,58821.79942880656,12,15053.20057119344,0.2037658283748689,1,0
tsunamicarwash_10,2025,187515.0,99522.78533762875,12,87992.21466237125,0.46925427119095137,0,0
tsunamicarwash_3,2025,300934.0,220892.50134376128,12,80041.49865623872,0.2659769207076592,0,0
tsunamicarwash_6,2025,301888.0,207634.03809802013,12,94253.96190197987,0.31221499994030855,0,0
tsunamicarwash_7,2025,325593.0,258920.93393760265,12,66672.06606239735,0.20477118998994864,0,0
tsunamicarwash_8,2025,353077.0,293066.9273112877,12,60010.07268871227,0.16996313180612804,0,1
tsunamicarwash_9,2025,291234.0,198162.80236711516,12,93071.19763288484,0.3195753161817811,0,0
turnpikecarwash_1,2025,58433.0,56142.89347861364,12,2290.106521386362,0.03919200659535472,1,1
twins_1,2025,169756.0,183896.2026767679,12,14140.20267676789,0.08329721881269522,1,1
uscarwash_1,2025,16585.0,14854.437187444464,12,1730.5628125555359,0.10434505954510316,1,1
valvolineexpresscare_1,2025,7009.0,9077.858452414914,12,2068.8584524149137,0.2951717010151111,1,0
venicecarwash_1,2025,12243.0,12036.707158372423,12,206.29284162757722,0.016849860461290306,1,1
vexpresscarwash_1,2025,20293.0,16651.45998866915,12,3641.5400113308497,0.17944808610510274,1,1
vibecarwash_1,2025,261722.0,233300.67170487184,12,28421.328295128158,0.10859357751785542,0,1
vicscarwash_1,2025,57894.0,53893.70180927981,12,4000.29819072019,0.0690969390734824,1,1
villagecarwash_1,2025,67937.0,70636.03567417449,12,2699.035674174491,0.03972850838533481,1,1
vortexcarwash_1,2025,78547.0,61033.01416407055,12,17513.985835929452,0.22297459910536943,1,0
wash37135_1,2025,183255.0,171694.8547664004,12,11560.145233599585,0.0630822909803257,1,1
wash37135_3,2025,171987.0,159021.21354228992,12,12965.786457710085,0.07538817734892803,1,1
washashorecarwash_1,2025,96191.0,96045.15664433659,12,145.84335566341178,0.0015161850449980953,1,1
washboxcarwash_1,2025,185110.0,176695.44866551383,12,8414.551334486168,0.04545703276152649,1,1
washindustries_1,2025,50766.0,54336.73023363619,12,3570.73023363619,0.07033704120151657,1,1
washindustries_10,2025,116033.0,113494.52963554894,12,2538.470364451059,0.021877141541208615,1,1
washindustries_2,2025,89750.0,93757.63627501256,12,4007.6362750125554,0.04465332896949922,1,1
washindustries_3,2025,75166.0,77342.09410550732,12,2176.09410550732,0.028950510942544767,1,1
washindustries_4,2025,82421.0,93459.19014147403,12,11038.190141474028,0.13392448698115805,1,1
washindustries_5,2025,116198.0,115973.4680528126,12,224.53194718739542,0.0019323219606825885,1,1
washindustries_7,2025,58877.0,70289.2170523482,12,11412.217052348205,0.19383149705909278,1,1
washindustries_8,2025,122452.0,121015.0432914319,12,1436.9567085681047,0.011734856993500348,1,1
washindustries_9,2025,90898.0,103850.74781107203,12,12952.747811072026,0.14249761063028918,1,1
washnroll_1,2025,126595.0,116309.75558603294,12,10285.244413967055,0.08124526572113476,1,1
washnroll_2,2025,225712.0,232028.54720378158,12,6316.547203781578,0.027984986193829206,1,1
washnroll_3,2025,250902.0,248492.14335543098,12,2409.856644569023,0.00960477255888364,1,1
washnroll_4,2025,129853.0,145237.7910139473,12,15384.79101394731,0.11847851812393483,1,1
washnroll_6,2025,47614.0,57345.131761431345,12,9731.131761431345,0.20437543078572154,1,0
washrite_1,2025,180997.0,178952.38710181485,12,2044.6128981851507,0.01129639109037802,1,1
washrite_2,2025,225802.0,218991.73121441135,12,6810.268785588647,0.030160356354632142,1,1
washrite_3,2025,143241.0,133422.51582279016,12,9818.484177209844,0.06854520826585855,1,1
washrite_4,2025,179777.0,168384.7451556249,12,11392.2548443751,0.0633688116075755,1,1
washrite_5,2025,199825.0,200359.88935193943,12,534.8893519394333,0.002676788950028441,1,1
washrite_6,2025,188755.0,203606.74748830657,12,14851.747488306573,0.07868267059578063,1,1
washrite_7,2025,231308.0,205326.94518185436,12,25981.05481814564,0.11232233566563041,0,1
washrite_9,2025,158341.0,142183.42911011112,11,16157.570889888884,0.10204287512323962,1,1
washup_1,2025,59627.0,53501.36070834355,12,6125.639291656451,0.10273264279028714,1,1
washup_2,2025,54968.0,56152.33479659583,12,1184.334796595831,0.021545895731986446,1,1
washup_7,2025,66705.0,53861.39237140393,12,12843.607628596073,0.19254340197280673,1,1
washworksexpress_1,2025,28134.0,32530.46688540467,12,4396.466885404669,0.1562688165708633,1,1
waterscarwash_1,2025,295257.0,269273.9528817339,12,25983.047118266113,0.08800146014579202,0,1
waterscarwash_3,2025,262568.0,223404.23764034256,12,39163.76235965744,0.14915664650550503,0,1
waterwayscarspa_1,2025,20259.0,23885.963015961275,12,3626.9630159612752,0.17902971597617234,1,1
waterworksexpresscarwash_1,2025,55753.0,61381.779975336074,12,5628.779975336074,0.10095923045102638,1,1
waveautowash_1,2025,62693.0,47779.57129446394,12,14913.428705536062,0.23788028496859398,1,0
wetnjetcarwash_1,2025,814.4799999999999,890.6140808471444,12,76.13408084714445,0.09347569105090911,1,1
wetrabbitexpresscarwash_1,2025,175436.0,178723.72263837187,12,3287.722638371866,0.018740296395106285,1,1
wetrabbitexpresscarwash_3,2025,133972.0,125125.49372922603,12,8846.50627077397,0.06603250134934144,1,1
woodies_1,2025,318527.0,278206.92268406646,12,40320.07731593354,0.12658291860951673,0,1
woodies_10,2025,139691.0,104679.37204720078,12,35011.627952799216,0.25063624680759117,0,0
woodies_11,2025,133393.0,98377.21585391946,12,35015.784146080536,0.26250091193751196,0,0
woodies_13,2025,295109.0,228617.00841281866,12,66491.99158718134,0.22531333028535674,0,0
woodies_14,2025,249295.0,197189.5046795318,12,52105.49532046821,0.20901139341129268,0,0
woodies_15,2025,393593.0,250341.0249559434,12,143251.9750440566,0.36395966148802594,0,0
woodies_18,2025,237646.0,146593.6607925319,12,91052.33920746809,0.38314273839016055,0,0
woodies_19,2025,281733.0,164108.13526021386,12,117624.86473978614,0.417504746479064,0,0
woodies_3,2025,469379.0,401736.69265734556,12,67642.30734265444,0.1441102123074412,0,1
woodies_5,2025,154348.0,133263.77798217267,12,21084.222017827327,0.13660184788806676,0,1
woodies_6,2025,301593.0,222332.84410069673,12,79260.15589930327,0.26280502498169145,0,0
woodies_7,2025,299506.0,262717.68696833384,12,36788.313031666155,0.1228299701230231,0,1
wowcarwash_3,2025,99955.0,84389.50655259484,12,15565.493447405155,0.15572501072887954,1,1
xcellautospa_1,2025,40523.0,23002.178119184555,12,17520.821880815445,0.4323673439976173,1,0
zelocarwash_1,2025,27178.0,11809.860583072985,12,15368.139416927015,0.5654624849851724,1,0
zipsexpresscarwash_1,2025,164601.0,121820.64618901793,12,42780.353810982066,0.2599033651738572,0,0
zipsexpresscarwash_14,2025,123847.0,226886.19529636373,12,103039.19529636373,0.8319878180041804,0,0
zipsexpresscarwash_15,2025,486100.0,228237.11712964438,12,257862.88287035562,0.5304729127141651,0,0
zipsexpresscarwash_17,2025,57797.0,64385.660490023794,12,6588.660490023794,0.11399658269501521,1,1
zipsexpresscarwash_18,2025,131886.0,105018.47065735896,12,26867.529342641035,0.20371782708279146,0,0
zipsexpresscarwash_3,2025,144484.0,109901.65021251622,12,34582.34978748378,0.23935072248473033,0,0
zipsexpresscarwash_4,2025,100578.0,89983.38745060457,12,10594.612549395431,0.10533727603845205,1,1
zipsexpresscarwash_5,2025,140772.0,66354.70196896442,12,74417.29803103558,0.5286370729337907,0,0
